Multiple size <= 100
OK
Multiple size <= 500
TEST 1 ARG:-155 86 -98 -125 -227 166 -131 -151 -22 -40 -27 223 191 -245 -34 -219 -135 26 126 -123 -140 72 -234 21 -11 -248 174 -243 181 185 -106 14 -107 -194 164 27 239 110 198 163 64 233 -75 -143 -19 -109 -221 70 42 220 175 -52 219 -154 45 119 159 -114 149 11 187 243 25 46 240 18 95 115 142 -184 232 118 -208 212 2 -176 147 176 -238 -30 52 75 135 0 -224 -94 237 192 -177 -91 -146 13 -178 102 -31 155 122 204 48 -104 106 -45 -150 -139 103 -193 213 127 16 -235 -183 -57 -39 -121 -38 -13 -164 82 -120 162 -24 -64 -117 -115 38 202 66 156 -205 -249 -36 99 -112 230 79 -82 179 131 167 80 148 134 60 -186 -200 35 -55 -26 93 -215 104 -167 197 33 210 114 -159 -14 94 -21 186 -191 -16 152 24 -175 -198 -87 -44 -33 -182 -185 28 -181 56 19 -211 128 58 -141 177 -46 44 -89 -222 -118 -72 -162 12 92 40 -147 -20 -63 90 -223 -214 -74 -54 32 132 -247 -59 188 -148 -213 182 -105 -108 -188 -85 -241 180 178 51 165 -84 57 -35 203 -116 161 74 -88 -99 160 184 55 59 -197 139 -133 -232 -210 83 218 -67 71 -236 -25 -86 -180 -29 100 138 -65 -229 -169 -225 81 -68 247 31 -204 85 -32 -37 221 -17 -137 -77 -212 -161 -165 235 20 76 69 -50 -173 207 9 112 39 234 -70 211 224 61 248 -90 150 158 121 -138 157 -92 -23 -93 -1 -134 189 222 -101 91 98 -5 123 1 15 -199 249 101 87 -15 242 194 229 -174 133 54 -195 -187 -217 -41 241 -168 111 -113 -142 -233 146 246 -244 53 -226 -130 196 113 170 124 88 -203 -136 -119 216 29 -47 -100 -95 116 -80 -239 109 -76 -160 108 144 -220 -6 77 -166 49 215 -81 143 130 -158 141 244 171 -192 -79 3 -56 238 -4 -196 -237 173 145 -207 172 10 137 -128 -110 -2 -96 43 169 -129 140 -78 22 -189 -69 -242 -157 -218 -61 105 -153 -163 -216 30 96 5 206 -3 -124 -149 -126 -156 193 89 195 205 65 -240 41 -7 -201 -202 136 -8 -172 209 -62 -246 107 -48 199 225 -111 183 36 17 214 -60 67 -127 -103 -9 -71 208 201 84 151 200 97 7 -206 -231 62 -170 -209 47 68 -179 -83 -18 -10 34 -250 -97 6 217 -228 -43 50 8 245 -12 154 -42 117 -144 -145 63 129 231 -230 -53 -132 -51 23 -190 37 -122 190 153 73 78 4 -171 227 168 -73 -102 228 236 -49 -152 120 -28 -58 -66 226 125 
TEST 2 ARG:-135 48 90 193 159 71 11 -137 68 59 -111 -243 101 -182 -138 126 -76 -102 109 134 128 -114 28 -92 38 201 129 217 -181 151 152 145 -235 -57 -38 236 182 124 137 88 58 -167 106 8 53 -85 -180 44 95 92 12 55 -20 -211 -208 31 -5 -43 -80 142 0 -140 -37 100 -83 102 -149 -179 -67 -29 113 47 -89 176 181 -224 -139 132 -99 -230 -145 112 155 -108 81 -153 -113 -185 -45 -82 144 -225 -27 -122 247 -189 -174 173 -146 -13 118 148 17 163 -169 131 168 36 204 216 139 227 -134 -232 208 153 221 -18 94 -33 -6 -110 -97 170 93 -54 -233 45 194 -148 230 30 -201 -96 -46 108 -244 -8 52 -81 231 -217 67 23 -194 -69 60 82 -84 -183 -218 242 96 218 125 -154 -199 -71 -216 10 -190 -40 110 -116 -107 -24 -22 214 -17 -16 211 -15 179 -200 -95 -90 238 -158 -26 18 -115 186 61 -53 -213 -86 -206 -195 -4 104 -121 -246 14 -39 111 -70 49 -204 249 -9 -68 234 15 184 76 -28 -187 141 75 56 -59 -49 175 97 20 -191 226 -35 -42 39 -117 116 -10 -1 228 72 -157 185 -250 86 -221 -23 -12 138 127 192 -229 121 -132 198 9 33 235 -77 -203 207 -31 57 -173 158 161 195 -215 -19 -249 4 80 -50 -205 -65 165 2 245 -226 -239 117 -198 177 -186 -94 -60 103 -52 -241 5 13 83 212 -126 -227 222 120 183 -48 -209 -101 105 26 41 150 190 7 -112 197 209 -175 -129 -55 -176 65 -11 64 -73 169 -170 224 -147 149 79 -75 -66 85 -144 22 -87 89 66 -228 -161 37 136 -168 -133 -98 -223 -171 40 -74 -14 157 -178 -93 91 54 70 196 51 -141 63 243 -88 -44 -109 84 -119 174 -62 -124 -192 229 244 -103 -163 199 203 -79 232 156 73 -130 -106 87 146 -64 180 69 205 16 206 -234 -197 172 99 -247 74 -165 35 19 -120 24 -125 140 213 241 -164 -188 -100 -160 -238 107 -159 78 -212 220 162 -236 -61 -56 202 -128 -242 189 -150 200 -51 -41 167 -34 -156 178 -219 34 248 -162 50 -152 -78 42 32 135 46 239 -222 225 -63 -231 -155 27 215 -131 1 21 62 -151 -172 188 -237 3 114 147 -142 223 29 160 -207 -127 -47 25 115 166 187 -143 122 -25 119 -177 77 -220 -118 -245 -248 98 6 143 -193 43 246 171 -58 210 -166 -184 -210 -123 -36 240 233 -2 130 -21 154 -7 237 -136 123 191 -3 -202 -214 164 -32 -105 -91 -240 -104 -196 219 -72 133 -30 
TEST 3 ARG:-19 159 87 116 54 -99 168 50 -88 185 -85 -243 -178 37 113 -37 144 123 128 -118 -68 38 -189 199 211 -90 -40 -83 -193 -177 186 -146 23 132 -121 115 -196 -235 -197 -34 244 -54 -139 96 -6 205 -91 56 35 248 40 77 -241 -92 9 -28 215 -58 152 -116 201 73 -123 179 -107 -76 -9 -198 44 -27 101 -66 -249 143 82 178 -215 -124 -185 63 -245 221 146 -62 -112 -204 -168 -113 -47 0 171 207 -36 -214 194 -65 -169 -42 -179 237 -175 89 -247 42 -35 86 -8 33 -149 14 3 -49 140 -100 -32 -45 -165 -115 -64 119 224 -225 153 -137 -136 -180 -213 -122 -145 161 -184 -163 -246 137 183 234 217 -205 176 -93 -43 -127 135 -10 69 -174 177 -24 222 225 -126 -231 -71 -56 -70 193 151 139 -176 -187 -130 -211 223 2 210 -79 -242 202 -240 83 -220 -114 -110 -25 156 -55 95 247 -161 105 -217 106 -4 -30 53 -167 80 -203 -63 -51 238 90 62 -158 242 -236 133 -162 245 66 -111 18 136 -201 8 213 -2 -156 -1 200 -206 -125 -182 -183 43 -208 233 -95 -7 93 -199 -144 -33 48 -228 129 -143 26 -195 72 173 65 226 -210 169 -230 141 114 125 29 30 78 100 -224 6 91 192 120 166 117 -46 165 -172 172 131 36 162 99 52 124 -164 181 229 157 57 -142 79 -219 180 20 184 -216 41 74 -78 -140 98 -44 191 175 189 218 112 -41 -207 -188 219 -202 4 -105 182 155 -194 -14 -87 22 -133 21 -12 15 -106 -138 -141 212 -75 243 -20 -98 167 51 81 -148 154 190 -74 239 -72 103 -119 -155 59 -31 -212 134 -11 -38 -131 -223 204 188 -181 102 -150 39 111 -170 -81 46 142 49 28 246 -160 -86 -69 209 107 108 195 -23 -101 -89 198 7 -128 170 88 148 -77 -22 -102 -13 -80 85 -234 -221 -147 -97 196 -157 64 -61 -190 231 -59 -248 160 32 208 163 -120 84 55 235 145 122 187 -209 -192 110 -200 61 -15 126 -84 75 -151 -18 220 227 -173 240 -5 1 -159 -104 24 -94 -103 -67 -57 -108 -154 -82 230 76 -226 158 -239 -171 150 -21 -132 236 -109 -186 149 13 5 -53 147 -50 47 104 -29 -135 138 -96 34 203 -222 71 -166 58 -232 -229 214 -250 -238 -117 31 241 68 -52 -60 25 -3 232 -218 197 97 -26 16 -17 19 164 70 -129 10 127 12 109 118 -134 27 130 -153 45 67 -73 206 -237 228 11 -16 121 -39 216 249 -191 -233 -48 -227 174 17 94 -244 -152 60 92 
TEST 4 ARG:-212 -23 7 -225 -3 130 -200 197 -69 22 -87 10 -163 -128 77 -97 -78 -184 165 -17 -48 -110 -8 -180 -244 58 86 -71 -124 219 73 -151 41 -107 -131 -98 26 135 119 -100 120 -65 -150 90 -141 -118 190 -145 -218 -222 -79 205 -207 -24 -210 97 201 -182 -208 140 213 -147 -246 87 243 -238 40 -108 11 208 -229 211 -37 -240 -193 -105 -84 184 -174 64 121 -194 199 -7 -82 80 95 78 -164 -25 -20 -170 109 230 -121 -106 105 204 -43 -221 65 147 -41 -52 157 -172 -177 -179 -181 -120 -115 249 166 -13 200 -216 176 -186 -93 169 15 -195 186 228 189 118 -178 -66 -33 4 -201 162 -136 -168 -34 236 167 92 101 127 47 94 222 2 -176 62 114 -16 85 68 -28 70 136 -113 -114 -231 -129 83 -76 139 49 -54 202 -209 185 59 -42 -123 89 244 -31 138 131 103 -53 43 -223 145 224 20 215 129 -103 -192 56 -132 -138 50 13 29 247 -67 -102 -199 -169 96 192 -116 148 151 -122 -248 124 93 -139 -21 -196 239 -101 -211 112 -187 123 -158 181 -14 32 17 182 72 188 110 238 -165 53 69 -242 -234 -86 111 -140 155 -157 107 54 -245 173 -27 -236 214 -32 71 -92 -68 152 223 -133 175 -94 128 -85 99 3 51 -237 -160 -81 -58 -72 -161 191 14 171 63 218 246 -12 75 -153 91 245 -46 60 -96 0 66 -239 -26 1 -80 160 229 143 164 -250 81 79 133 126 132 -243 234 125 12 177 237 23 -144 25 -35 -73 144 -45 -44 21 -5 179 -198 -205 -191 -38 -125 -49 207 141 -99 -175 -6 -39 -152 168 -47 241 37 -146 225 -173 -109 -241 161 88 -197 174 -224 34 -111 196 -235 -130 -247 -135 117 -206 36 -40 146 -77 242 -156 156 33 -142 84 76 44 122 172 194 -9 -59 102 -91 -188 -228 31 42 158 -10 -134 -162 -233 19 -227 35 220 116 221 195 -219 -226 67 193 -55 46 -60 108 -189 -57 -36 27 217 -137 153 -95 198 -190 240 -75 150 45 -213 226 231 -62 187 -19 -220 -230 39 74 -90 170 5 212 82 38 -167 -50 18 9 98 -29 -119 -30 -149 178 -63 -185 180 159 -204 134 149 -148 -88 100 -56 -89 -61 -4 52 -214 -74 210 -143 -18 -126 -112 106 235 -1 55 -22 203 -249 183 57 -2 206 -183 216 -203 -217 6 -215 -127 137 -117 -171 154 -51 142 113 232 -83 -104 209 -166 8 61 -232 -159 233 163 248 16 24 -154 -64 -15 30 48 104 -70 -155 -202 115 227 28 -11 
TEST 5 ARG:-8 151 -98 23 203 -141 212 -35 171 -101 102 64 -220 -188 135 52 117 -9 164 233 -239 -190 44 153 -28 63 166 106 235 -102 -61 40 -100 -140 -112 -91 -155 -179 223 54 -48 -225 17 -47 -222 -224 7 95 -93 136 -96 -231 -81 10 -209 0 -121 -130 247 83 -76 111 152 -71 -13 188 -5 -55 18 -193 201 -106 -30 77 45 -148 34 -221 31 -18 -152 -194 19 -95 -162 237 -211 -89 85 -230 186 130 -185 -201 61 38 69 8 -136 220 -129 172 -87 65 -64 -124 127 -174 -212 243 -247 -177 -159 -38 209 1 -163 -139 118 -189 59 -207 5 -137 -246 -94 122 -227 -109 -223 -245 -83 57 -116 -50 51 -161 -219 -154 158 -57 216 215 222 -12 137 -40 -178 -147 181 213 99 194 185 142 -11 91 160 -27 -160 -6 -24 225 -240 -56 -153 112 238 244 70 -199 149 208 -51 228 -4 72 41 25 -67 21 -54 -10 129 -215 246 -235 197 -237 -180 -146 -241 -249 90 175 176 200 -75 -114 -184 2 161 218 26 -65 -138 33 -14 133 48 98 155 -128 140 -232 187 131 68 -233 -197 -86 -151 -181 -78 -70 150 -170 145 76 221 -32 -90 -126 -72 128 -69 -242 163 219 184 180 -142 -196 104 114 -23 -104 148 -214 101 37 -176 -22 107 -244 -234 -59 -60 210 -41 -172 125 110 22 -213 143 207 -88 53 165 -186 179 -173 74 146 66 120 204 -120 182 62 -206 174 -144 -248 -143 -118 4 -31 13 -45 236 134 -99 -42 245 -228 -191 144 -2 -80 93 141 -164 -52 230 39 -84 168 224 -7 42 -125 82 -182 14 249 196 15 29 3 97 -198 -243 -229 -117 167 92 116 84 -192 121 -167 178 -15 227 -108 96 202 -156 -62 43 -210 231 -1 -43 -85 190 -105 -122 24 -58 173 -46 -34 35 -103 232 139 94 -119 -107 -44 -149 -200 46 67 9 -135 -77 -123 -82 -217 47 -20 -202 193 183 100 -33 113 206 -150 -236 -216 78 71 205 170 226 12 -26 -250 241 58 75 -36 115 -166 -110 89 -145 55 192 189 159 -218 154 79 -63 -205 105 162 -39 50 211 138 191 86 30 132 20 -17 242 -134 -204 -97 157 88 -92 199 -25 156 -171 -169 169 -113 103 -74 217 177 -68 -111 36 87 28 -208 -53 60 6 11 198 -19 -203 -3 -29 -195 56 -238 -183 -21 -165 234 -49 27 -66 -132 49 -37 248 -133 -168 -158 32 147 195 108 16 -131 -16 -226 -157 73 -175 229 119 80 240 239 123 124 214 -127 126 -187 -79 81 -73 109 -115 
TEST 6 ARG:-240 -165 60 -106 -85 -98 -147 -231 117 236 -104 37 -12 144 207 172 105 103 153 114 -190 -188 -114 185 158 -138 9 182 -122 113 3 44 -142 -226 -232 -177 205 -113 222 201 89 -77 -14 -184 -152 -92 -191 29 199 234 -236 -248 51 55 174 22 -23 247 239 -178 173 102 -24 -129 -70 149 95 -158 -63 -8 -230 202 216 192 -78 -83 1 80 -46 75 -48 223 214 -42 106 36 -143 -149 245 -54 -237 155 -50 148 -68 -90 -110 -155 -130 -229 152 -107 -76 15 107 168 -208 181 -217 67 12 -38 130 40 -145 -234 -141 -195 32 221 213 93 -19 -173 54 -7 -135 -97 43 248 235 -216 -243 -235 11 104 165 -156 -204 101 -180 -207 66 -55 220 139 203 160 71 49 209 -47 -159 -245 215 -20 -2 83 111 147 -144 5 138 69 -206 39 23 197 -224 204 -116 -140 -75 65 -151 237 13 150 -93 -136 -117 78 -123 240 59 20 -201 99 -115 -162 100 -197 -134 -88 61 -36 -61 -28 28 163 6 -51 -89 -239 -64 -128 2 -94 86 128 244 -214 -9 166 184 132 146 -205 -227 33 -160 -34 131 -17 249 -5 -202 -10 -225 -154 -175 -80 -249 189 -49 0 -192 206 -40 -15 -72 196 116 140 -84 -81 -193 129 136 134 -241 -247 186 -6 -221 96 98 -108 73 225 -212 58 178 26 79 -218 -132 126 -183 -25 74 -170 175 119 187 7 -74 64 -16 151 -200 -1 123 -118 -96 19 -99 -203 30 -233 -179 -71 -157 81 63 38 -62 217 94 68 -215 -4 90 -11 167 -198 190 141 -57 4 76 183 159 176 -69 210 -95 -13 -109 156 -121 161 -131 127 133 -65 -222 121 164 70 -168 227 -194 -150 171 77 50 109 -86 -30 -182 -238 118 -73 -111 -244 191 -52 -139 -146 91 -169 -27 -35 -41 -125 -67 188 -56 241 112 97 230 -167 177 228 14 34 16 -18 -164 -112 -59 -103 -87 -100 -228 224 233 24 124 47 246 -60 170 -91 169 -22 143 87 -211 -32 57 -126 85 229 -185 218 -29 115 110 -133 -187 -171 154 219 157 62 137 -39 41 232 -246 -181 -161 53 -189 238 122 35 211 -3 200 198 -120 -102 46 195 -127 -119 -82 -44 179 135 -220 -209 145 -250 208 -21 212 -213 -223 108 27 84 -210 -172 -45 56 180 -66 -58 -219 25 -242 -37 242 -43 48 162 125 8 -101 194 -199 -53 -31 -174 -148 231 -163 17 -124 52 -166 88 18 45 -137 193 -196 72 -26 226 -33 82 -79 10 142 21 92 -105 -153 31 243 42 120 -186 -176 
TEST 7 ARG:-87 243 104 225 -95 -153 -152 -127 13 -57 -38 200 -94 95 -161 47 97 -43 166 -205 60 -187 75 -136 219 -63 67 191 -141 248 -49 8 -211 245 -22 -143 208 -185 215 -216 -177 -140 211 -139 -62 -244 45 -23 63 -240 -199 -180 -53 177 53 201 228 -165 -74 -207 -106 71 -229 -99 -5 6 -50 185 -171 238 -120 9 56 -3 -79 -107 -208 90 -202 -46 114 -83 69 49 -232 -195 57 -157 -115 168 -80 103 134 4 -151 -146 -75 -176 140 -118 117 -121 -18 214 -89 207 210 -160 -96 76 2 -238 70 -204 -191 -93 -225 -126 241 -134 -105 -227 221 110 178 -76 226 188 131 194 -19 -14 -166 -159 -182 145 -34 158 148 203 -47 142 152 -59 197 213 229 -73 89 -44 -26 -81 113 -98 232 34 -228 212 -42 -163 87 129 -37 -125 -66 -201 -69 -149 -31 -162 -71 36 153 204 -90 175 -13 120 -236 91 -116 -113 216 14 227 -6 112 122 -220 170 130 94 183 141 135 111 118 -223 -33 -217 42 37 -64 234 -41 33 -20 -68 92 126 151 160 -97 0 100 -78 62 109 -119 116 132 121 -179 -215 29 233 82 -210 22 -61 -110 54 -39 77 -84 23 99 -231 -221 108 -25 -56 220 157 -65 -16 -212 173 -214 209 174 26 -224 -92 105 52 162 127 -29 88 -183 -129 20 -86 -172 205 -112 171 -209 27 -24 115 246 150 61 -9 12 -192 -104 218 149 137 78 -124 -111 79 38 -158 64 59 50 -36 -193 72 24 192 25 172 -170 169 93 144 236 -114 -184 -188 176 15 -147 -51 106 195 -178 -190 -103 -102 -245 240 -213 -250 -222 133 21 143 73 -198 -237 107 -30 206 223 -175 -226 199 -197 193 -85 96 -54 239 -67 -181 101 249 -128 -145 -88 139 138 -169 43 -156 230 224 159 -142 -55 136 -138 -194 -17 231 -10 242 46 181 -246 -239 186 -8 83 3 125 -243 -109 217 184 -52 -117 -164 128 -7 -203 7 -206 1 -148 -4 -137 -154 -35 -235 -186 39 66 154 16 58 -132 163 180 55 -60 -242 147 -77 -40 -167 -249 85 102 202 -28 32 -101 124 -58 -155 74 187 -45 -247 198 161 81 84 -82 -218 80 5 -32 -15 167 196 -234 -135 40 10 -144 235 -11 28 -174 -27 -72 -196 -122 155 164 30 -219 -21 123 35 -130 -200 41 244 65 -173 -248 -131 119 -150 -123 86 51 19 -133 165 -70 -2 146 68 -233 156 -12 -230 -108 98 222 48 -241 189 -189 -1 31 179 190 -168 182 -100 -48 17 44 237 247 18 -91 11 
TEST 8 ARG:-245 -188 -35 180 -79 50 116 -107 -120 69 25 44 126 101 219 24 -129 46 20 0 -213 27 -115 -171 40 -80 172 144 148 90 -61 97 -211 8 -33 -157 154 -25 -31 68 33 -148 124 -154 -177 -81 -38 75 -187 -114 92 246 -247 -186 -52 117 -15 89 -135 167 5 38 -10 14 181 -92 88 112 -2 32 163 -200 240 -140 216 100 95 129 192 79 149 -217 -239 -110 -85 -203 1 -207 -138 -222 125 -58 135 115 70 182 226 162 -178 -194 242 -197 -127 82 -151 -161 -98 -66 195 73 198 156 76 -70 220 -163 -20 102 142 -227 193 -181 -165 -118 59 -131 -59 42 28 243 61 -112 -86 -74 -43 77 34 231 201 161 78 81 16 160 232 -5 247 118 -209 187 -249 199 -14 -170 152 -205 -176 54 -167 4 -221 -137 -124 -153 -202 -179 204 96 30 -19 -21 128 -121 62 -57 -37 -133 -189 -190 98 -73 169 -230 -24 -168 164 -94 53 221 150 137 139 -23 -41 -71 -172 -51 -40 83 -108 -164 -220 111 107 176 -68 43 -39 143 35 -134 -152 -155 -215 -119 175 -210 -18 -182 41 -13 140 -26 203 105 227 -7 -117 -244 -49 -47 71 -193 58 -240 -149 -63 18 -125 147 -78 -84 36 -219 -126 -235 -195 -180 -28 -89 106 155 185 -102 57 -56 -191 -12 -50 103 -42 47 -147 -55 86 -234 141 123 -60 186 229 -62 241 194 188 245 -67 -104 151 55 146 -69 166 205 -48 202 225 -111 -216 31 -232 197 -44 7 -34 -246 -208 -116 131 -3 173 3 212 -97 12 -30 210 -174 -242 91 -45 -101 -22 136 19 -228 108 -123 -225 158 -144 238 49 6 224 174 99 -77 -250 178 206 -53 39 157 -214 -87 121 -132 85 179 248 222 -29 80 -128 104 -46 249 -9 -150 -248 60 -99 -8 -175 -139 45 -90 48 119 9 -158 -236 67 133 208 218 -100 -106 -226 -241 196 239 -243 -122 52 -96 -212 -166 -36 84 -11 -218 -82 217 -93 -54 63 -65 51 159 244 189 72 -91 -83 236 -64 64 13 122 -27 -204 -16 -184 120 -103 168 -196 235 -198 -199 -183 -206 17 209 165 15 207 -141 -146 -156 -105 127 29 66 190 233 -142 -6 130 -238 113 -224 -169 -130 145 -88 74 -233 215 23 230 -192 -109 65 93 177 -201 211 -231 -143 213 -17 11 237 200 110 -1 87 228 -72 184 223 -237 -162 138 -95 171 -4 -32 -136 134 -173 -229 2 37 -160 -76 -185 109 -223 191 26 22 234 -145 21 56 114 170 214 -159 153 -75 132 -113 94 10 183 
TEST 9 ARG:-144 -170 30 -52 173 12 78 -61 160 62 -201 -106 -103 -102 141 180 -198 3 -169 121 -208 -94 -11 -38 -166 93 61 194 -75 -3 -110 31 -207 175 -4 106 -34 122 -92 -90 -30 -160 70 237 25 86 206 -28 100 -18 6 -231 -129 -233 168 -223 63 132 -70 -168 14 -156 137 41 -65 23 -127 117 -108 218 124 -47 207 147 -155 -62 -174 -124 95 -237 54 228 -154 -203 -141 -109 -81 234 166 211 -39 -131 -97 16 -147 -35 104 190 133 125 19 193 -241 -69 -77 -111 10 0 -152 -66 181 -159 204 196 189 -211 -249 -153 60 -232 97 -246 -5 -64 28 29 -98 27 -209 222 -119 -87 -248 170 -175 149 177 185 -126 -140 203 32 52 5 112 -195 -36 -137 176 -49 -12 -122 9 -31 -230 -17 140 224 139 -186 191 123 -40 151 150 50 -93 129 -192 -63 219 144 223 -178 -25 172 114 1 -104 -164 -225 -135 -101 -45 131 -60 179 -91 -197 -13 -176 -73 213 -23 38 -245 -247 236 -113 -51 235 17 -183 88 158 216 165 -179 15 51 -67 -8 -202 -148 -227 20 214 -235 -123 13 -224 -239 -146 -212 39 164 -88 7 -222 -95 174 -193 238 -142 67 -216 -145 -138 110 -236 212 -172 116 -181 225 -86 200 -7 -99 183 79 43 171 -107 197 249 134 -158 192 -118 220 -189 157 90 -80 69 -32 113 -37 -214 -213 120 -85 239 48 47 178 -199 -218 -226 -217 -121 89 155 -112 -120 -33 154 240 221 229 11 77 -234 33 136 37 230 -46 -89 -6 -165 248 -133 128 -72 2 -29 127 162 -210 83 153 -143 -228 167 26 -215 -43 -244 163 215 107 -26 202 35 -220 -48 -134 68 -84 40 18 -56 -150 -115 42 -221 -117 142 146 101 -96 159 -132 -182 94 208 73 109 143 76 188 21 99 8 -53 -42 -184 -54 -9 199 84 -167 -196 -229 -240 22 102 -74 244 71 82 148 -100 -242 -250 -161 -219 -10 108 -71 46 64 -24 56 242 -41 96 184 103 -15 57 -2 -200 156 -27 59 91 -44 65 66 55 247 -190 53 -83 195 -204 243 111 105 -136 217 -14 -130 -19 -22 24 -171 44 -162 231 201 -82 -59 -187 -21 98 226 87 74 -149 119 -116 -114 -151 -238 -16 -206 -194 4 36 -57 -76 -173 232 -105 241 -128 126 85 -78 -58 -163 -79 115 -243 -180 -20 169 187 233 -157 245 210 -139 138 152 -1 45 118 246 209 -68 205 145 135 49 182 227 161 81 -50 34 186 -177 130 -125 198 -205 92 -191 75 -188 80 -55 58 -185 72 
TEST 10 ARG:43 -128 36 46 167 11 -178 -198 -229 98 163 74 -154 -78 -94 -64 -192 24 -213 -118 223 -109 -27 101 54 -241 240 -47 -19 -160 152 -10 173 -224 -84 -35 -169 108 -172 175 125 176 248 -11 -152 -97 94 137 -206 -9 -129 177 5 203 239 215 68 -188 -242 -17 136 178 241 42 -52 -3 238 180 -161 105 45 -150 -228 133 -167 -87 -132 3 168 80 99 -142 -85 -49 -74 -103 197 78 -149 6 218 -246 38 -223 -60 -112 212 172 103 -29 208 -238 -202 13 -80 221 -65 -222 -163 -164 -186 -18 -140 -69 -101 56 15 47 191 -170 -156 -12 153 -243 230 100 -39 33 165 -187 69 59 -240 162 86 202 -135 195 214 -146 -138 -195 -33 -76 -43 232 134 -108 83 204 -105 -181 -220 4 -200 -1 -107 93 -166 -79 233 -176 37 237 -73 143 -210 -208 -131 -6 140 70 -81 -36 -21 220 64 -24 -214 -155 -40 102 40 87 139 111 219 249 -144 -37 -225 41 -86 158 58 207 -199 -235 236 26 -184 16 19 -90 192 -34 -63 231 -98 226 -130 227 34 150 -194 -193 -55 110 -148 -41 222 -124 -62 -247 -4 242 132 -137 181 35 51 196 50 -38 -15 -82 182 235 135 -141 -2 -157 -248 81 194 -201 -211 -106 -227 -226 61 -250 85 210 -95 123 142 -245 -191 -209 -196 -175 -66 -31 75 -91 145 -179 22 -93 -177 -58 154 -212 144 -217 174 -44 -204 1 -111 -67 159 183 62 -13 8 27 49 -165 31 190 92 44 130 200 113 187 -16 -232 124 -231 -134 225 -203 -230 -7 30 -45 -162 127 -120 -236 -218 205 106 -115 -25 91 -168 21 206 -89 17 -121 79 245 -215 66 213 188 0 65 -219 186 246 156 234 -123 107 90 53 -14 -244 199 23 -48 211 10 149 14 48 -173 -234 122 209 141 -119 148 -158 18 -190 -117 -83 -53 -180 120 -126 -8 -182 -102 52 119 -127 32 -32 76 -125 228 189 -139 89 146 184 72 121 29 -136 71 -70 9 198 157 -104 -205 -56 -116 -151 -122 193 -46 -221 138 25 -77 151 164 -133 -239 -72 57 77 160 -88 -249 112 -20 104 -185 -50 128 244 -237 -171 73 -159 117 -5 -189 171 -207 -42 166 185 -68 155 -233 217 -153 115 7 114 247 -23 -51 96 -114 131 -59 224 -147 67 179 147 88 126 -26 -145 28 -54 216 -143 97 -183 -75 2 201 55 -216 109 -174 20 84 63 39 116 118 -99 60 161 -28 -96 -92 -110 129 82 -30 -100 12 170 -113 -197 95 -22 -71 -61 243 -57 229 169 
TEST 11 ARG:239 41 -227 161 126 -49 -167 -146 -32 -93 140 82 113 53 236 -60 -23 -238 -116 -244 -196 170 -119 29 219 63 -159 -188 -233 101 15 27 32 -191 -190 -2 -205 46 138 12 -120 -78 -8 -56 42 -140 -55 26 57 -113 173 159 -179 -45 14 206 13 44 -220 136 -163 -195 128 100 -94 -229 -59 -108 -118 167 86 114 -106 220 131 -86 -186 -147 103 112 58 -228 226 -221 -15 89 80 -171 -143 249 -193 192 145 176 -243 92 -145 105 121 120 -35 84 152 104 -187 88 177 -144 163 -162 200 195 197 -176 78 -105 56 -102 -136 -211 -38 150 -79 -130 144 231 23 224 33 174 -57 -200 -149 -202 -84 221 168 -65 47 -174 198 85 -209 -126 -215 -39 169 -31 75 -183 -206 180 71 -232 -91 -166 182 8 66 -153 132 232 93 -185 -22 142 -51 162 -97 213 -158 30 -71 99 227 222 -112 141 -155 -182 -152 230 107 -160 -100 -80 179 160 151 -16 -124 51 -87 -62 -42 -240 -64 -54 -74 -239 74 -52 20 -192 -1 -132 -250 -226 -245 -194 -47 154 45 -198 -180 189 -141 -210 -218 -212 187 207 -178 157 -157 -63 -129 -127 238 43 191 -241 -66 25 139 -17 59 -96 -207 73 204 242 -58 218 -199 -69 77 87 202 18 95 -197 -125 -115 -95 183 165 225 -107 -156 -77 72 24 148 111 -213 237 -104 122 60 -44 19 37 -14 69 -82 -121 83 171 28 -214 184 -169 -41 7 110 229 149 -90 205 186 -33 38 6 48 16 153 118 -224 -150 -11 -242 90 -3 -249 123 17 -122 223 -139 79 208 228 106 -117 68 155 -142 -29 -204 -177 194 -53 199 190 35 -135 235 -4 98 185 -85 34 -184 -13 31 -83 40 -114 -26 -151 240 -92 3 243 61 -154 143 -9 36 216 217 158 109 108 215 -110 -76 -247 1 -30 -103 70 -89 -181 -223 65 39 212 -48 115 -222 -18 81 62 178 -170 -231 164 -201 196 -248 137 -46 248 21 22 -6 -68 94 188 124 119 -189 127 -172 -5 -25 -164 -101 134 125 -67 -225 -12 -7 -123 97 203 10 -37 -173 -36 9 245 156 -246 0 -219 -236 52 96 -81 -28 -61 -70 -128 54 49 -99 -20 -27 -34 135 210 67 -40 76 146 -19 -175 -109 244 -137 201 211 133 129 -131 55 -148 -216 -168 166 172 -75 -50 -217 -161 -235 91 -237 -24 147 -134 50 214 -10 -43 233 5 117 -234 181 130 102 -133 -203 -72 175 -98 -165 246 -111 209 193 -208 -21 241 116 -230 -88 2 -138 4 234 64 247 -73 11 
TEST 12 ARG:215 182 -132 -196 -43 -13 -110 -150 -184 -219 -160 97 129 -103 16 -216 -156 110 -66 -51 -192 -76 -38 3 138 226 -117 -179 -214 -128 -12 -28 39 200 60 -3 27 59 -108 -69 -138 -119 -36 -20 -62 -9 173 -56 -32 159 -137 135 71 -70 -39 216 -116 142 -95 171 162 131 -178 -174 98 57 -31 158 -121 15 -159 195 73 -49 148 -227 -141 225 -7 90 69 217 6 209 -197 94 -37 147 99 -130 78 -175 51 -131 174 -107 -193 245 236 -230 132 -61 191 -218 -30 61 157 101 -244 -136 -15 -231 -212 154 125 153 23 12 -248 53 -237 208 -140 -157 -64 -26 -113 140 31 14 -92 -60 242 -81 56 89 186 -135 -53 176 -199 86 -6 -105 152 -249 150 -34 -225 -211 -40 167 -104 248 199 -111 201 136 -185 -206 4 40 -232 151 247 82 -238 -48 -226 -100 -134 213 232 2 13 210 -118 -234 227 62 184 181 109 22 144 -58 18 -101 -10 149 -63 48 -57 220 -202 -229 92 38 -21 128 107 -246 105 235 240 -191 -11 122 -96 79 118 -162 117 -82 -122 -88 204 -173 26 218 126 68 165 -215 -205 -129 72 55 33 -59 175 -243 169 83 205 219 -52 -83 180 106 1 -125 102 120 194 243 -213 -123 111 76 63 119 95 -18 -67 160 143 93 -155 211 -139 -148 -172 203 -166 -210 -42 -54 244 91 133 -168 -158 -204 -224 221 11 42 36 -75 -190 -14 -167 -91 -235 77 -242 47 81 46 237 170 108 -186 202 -65 115 -114 -45 -207 9 -223 65 178 41 -189 192 -222 -78 -79 190 -183 206 -163 124 10 -188 -85 -98 -142 -233 -47 -209 172 141 84 45 -17 -46 161 -143 25 114 67 -161 249 -89 123 28 -109 -247 -4 19 -124 187 -180 -74 228 -16 241 85 -99 -201 29 -194 196 -250 104 44 -245 222 -68 230 197 -33 -126 -151 -146 145 -97 30 -164 -84 -181 212 -8 -149 198 -169 112 -241 -25 -80 134 233 -182 166 49 -217 193 -102 -195 189 -228 -177 155 8 246 74 121 34 103 -1 -220 -154 183 -120 0 75 -72 100 80 -90 21 88 163 -147 179 7 168 146 116 32 -41 64 -23 -71 207 -208 -93 -77 -170 -144 -44 214 229 130 87 -133 -2 -187 -200 -112 -152 96 -236 54 -115 188 -50 -86 164 156 127 177 -5 231 -127 113 17 239 58 -87 37 224 -19 -73 139 185 -198 -221 -22 24 -27 137 20 52 70 -55 66 -171 -239 223 -35 -176 -165 5 -153 234 -94 35 -240 -106 43 238 -24 -203 50 -145 -29 
TEST 13 ARG:-89 246 20 -247 -32 184 -152 161 109 -59 -146 -170 209 -156 -208 -239 216 140 -184 -17 226 111 207 144 -149 241 40 -3 -104 -82 -12 28 -81 -180 11 -78 94 -192 78 -160 -205 -47 -231 -72 -9 -88 133 -126 205 14 -243 183 -141 120 202 -177 214 -23 69 -201 123 -165 121 -110 165 142 -123 -93 27 -164 191 -161 130 -238 166 -207 132 99 -200 -226 172 -28 33 -27 63 -169 -48 70 -6 -7 181 58 -155 201 -80 -131 163 -217 198 60 -218 53 192 -188 91 -69 212 41 -121 -46 103 223 199 -158 26 239 108 74 170 204 206 -157 -37 194 113 -166 234 -137 236 119 -67 -1 127 158 -168 -56 16 -190 -122 157 215 88 34 -196 6 98 -202 -171 137 -128 150 -66 -125 -195 221 48 176 -111 -187 186 -199 12 85 182 -216 -250 135 95 114 -186 -245 189 -235 -129 156 167 243 -194 50 51 22 3 -44 174 168 126 38 -90 227 -18 190 7 139 -20 -209 -114 30 29 -55 235 -133 87 -138 67 -116 -58 -108 171 228 154 178 -240 211 61 19 -154 -34 248 -219 -147 -145 -228 -113 -151 -64 82 107 -124 71 -249 -223 13 -198 247 39 224 -244 -76 -212 -118 -173 245 -16 104 -65 229 36 -221 129 -132 116 -232 54 -106 230 37 219 -38 -234 42 -119 -153 -181 -25 15 138 -41 5 152 115 197 -172 -105 -117 -134 -236 151 -130 8 -97 32 143 185 89 -22 -8 57 -109 4 35 122 203 75 55 -21 -53 -45 -30 -139 1 -43 -182 -54 -36 233 -73 -140 -33 -71 77 -29 131 -215 -26 -39 93 173 213 -112 -13 249 179 -185 -178 -120 18 -213 -24 46 65 124 -42 146 238 218 -143 -225 84 -193 -179 175 155 -227 177 -102 -174 -191 148 118 -162 -83 240 -224 145 -175 -222 160 110 210 136 153 187 -189 -98 134 9 -74 128 62 -100 56 -11 -107 100 -35 222 49 -144 68 -237 117 232 -206 244 79 237 -127 193 43 -96 -203 59 76 -15 17 -210 -136 -61 -79 180 169 162 102 -2 -150 -159 -10 10 24 97 -103 -84 83 101 217 -4 -85 72 -230 23 -75 -229 -248 96 0 188 105 -167 -214 159 242 149 64 -19 -135 92 -233 -241 -77 -31 -87 -5 80 -52 231 -101 -91 90 66 106 -211 25 31 -242 -70 -63 -163 -49 45 -68 86 125 21 73 220 -14 -197 -51 2 -86 147 -99 -57 200 -95 208 195 141 52 47 -142 -220 -176 -62 164 -183 -60 -115 -148 -94 81 -50 112 -92 196 -40 225 44 -246 -204 
TEST 14 ARG:73 238 -1 218 -9 33 -60 243 167 -198 -231 -30 15 -14 -143 234 124 212 -130 -82 -159 -96 -140 -91 -89 -100 190 12 -123 -184 34 94 157 -44 61 123 -210 225 38 -213 66 71 1 -68 -29 -175 170 83 -46 -245 209 169 -145 -161 -124 165 -230 -170 129 -102 29 -67 8 -174 -4 112 69 -239 44 224 -26 192 57 214 53 3 60 107 -235 109 -249 100 -7 37 -146 91 168 188 -121 43 10 -131 -222 162 11 154 -74 -97 54 -237 228 84 117 -41 -27 -219 200 221 51 87 -120 217 -5 -90 -220 63 -202 -54 226 -197 72 -87 -93 -241 2 -191 -233 27 202 118 18 -42 -18 -201 -111 178 242 58 40 -86 -11 -69 39 14 180 -92 62 -179 -127 159 -71 108 -182 21 -199 85 -203 -240 128 116 223 -227 246 -53 219 -180 -167 -158 -242 -112 201 181 -50 -57 -225 -16 -147 -22 -32 220 -149 64 -218 -119 -200 -28 -250 145 -79 -62 -172 9 -65 19 229 143 155 46 -98 241 160 -31 216 4 -148 97 49 -95 -207 -36 -85 75 -110 237 150 102 -52 -160 35 114 -43 137 -88 -20 -128 -193 136 -157 172 166 41 230 -196 -144 233 55 -206 7 -40 103 17 -195 -35 187 22 120 42 232 105 50 -33 -37 227 132 56 74 82 -114 176 67 -134 152 -217 140 195 -187 79 -192 -45 -103 104 -141 -109 32 68 110 198 -138 -34 174 163 -104 182 179 -223 -183 248 -181 213 113 -171 -154 98 -101 -246 78 -186 144 -24 -117 -243 -151 134 -75 -178 183 215 -234 -116 153 -25 52 25 141 -13 122 189 26 208 -194 222 -232 28 -6 -129 131 -81 -73 206 -78 -108 81 -94 -61 -164 142 -205 48 -58 196 -106 -165 -168 -221 -80 -229 -136 211 -126 231 -125 90 193 194 -173 -228 -84 245 240 13 127 -137 -118 -156 249 -49 -12 126 119 -139 111 30 -17 -209 24 -236 -216 -185 -38 -122 125 244 -152 191 -177 -150 -142 -224 6 -155 -211 177 -132 197 186 -3 -135 -19 171 156 149 -215 -70 236 96 247 -169 161 -133 -204 -163 101 -176 -55 89 -21 -48 59 -113 -15 173 95 -226 -66 -162 199 -244 20 115 93 204 -23 148 -77 -83 36 0 -63 31 80 175 -64 139 23 -153 -188 -212 -39 147 207 5 210 -115 -189 45 16 -10 -208 -238 77 203 184 -248 164 133 -190 86 146 -247 -76 138 130 47 -2 65 -99 -72 -59 185 76 -51 205 -47 235 106 121 88 151 -56 239 -105 92 70 135 -166 -8 -214 99 158 -107 
TEST 15 ARG:-141 -108 32 -131 -187 -9 1 155 207 -43 30 152 59 125 -203 27 42 -71 137 -140 -103 147 -13 57 -114 41 -184 -222 -6 97 191 -210 119 -130 -78 151 37 167 -128 -217 242 153 238 -235 -192 76 -117 179 33 122 182 -248 -224 -191 110 249 -213 188 107 -57 -23 -38 -249 44 -242 -39 -63 40 145 -178 -109 -171 -188 -196 -37 -160 116 20 -124 106 -170 35 12 -161 -36 -206 -225 -150 -100 -59 26 -32 64 209 65 -125 -197 -216 -147 100 -144 -87 150 127 -25 -45 -16 -93 -44 -60 170 -212 -74 -193 -226 103 -48 121 88 -186 -72 -118 204 -127 135 136 -194 225 31 -76 220 -67 -40 142 49 -64 211 161 -92 -211 109 190 -62 224 193 -151 16 11 205 239 -136 -190 5 234 -215 -152 53 -228 -169 -142 -233 89 176 213 3 168 -221 104 -105 111 156 132 197 17 -204 -218 -172 -112 -143 58 94 84 143 230 60 210 66 -61 29 -3 236 55 56 45 174 -89 -148 -42 98 240 -69 99 184 0 91 54 189 -77 -246 -7 -223 192 129 -165 241 -154 208 -31 -14 -95 -20 244 166 -166 -49 -85 70 222 -10 117 -168 112 -138 -208 -195 -167 139 13 183 -55 -232 -155 -122 178 -202 -126 -175 95 -86 245 -139 148 -29 171 186 -54 229 15 92 -181 22 -123 163 130 -115 124 -149 131 -137 -146 177 -250 -238 206 -116 -185 -1 101 -90 82 -96 -70 -30 -164 8 74 -82 -183 200 28 -163 216 -88 -209 -5 -73 134 -241 228 -35 223 114 -219 235 96 215 154 -98 -26 -201 247 -234 248 -176 4 79 71 172 -240 246 165 123 83 -33 2 43 51 -52 -227 -121 202 -113 -24 164 -4 61 199 62 -27 93 115 -15 -245 -11 -8 195 -84 149 -236 233 -180 47 169 185 69 86 -134 6 -133 38 48 21 67 -65 180 -94 -205 138 -19 -111 -91 -75 237 77 90 140 -34 187 -199 221 126 46 68 146 -220 158 226 175 -159 75 -145 133 227 80 -120 10 203 -97 -41 -46 -83 157 -80 36 201 -162 160 -58 -157 -200 -135 -110 105 113 141 18 -247 -47 -179 118 128 -22 231 -182 -173 -106 194 214 -153 -28 -104 144 -243 -156 -102 -107 24 -207 173 -174 87 -177 -17 -56 -229 -237 -119 7 72 212 -231 -66 19 218 -101 181 -21 -239 81 -158 -189 217 -53 -99 120 50 -51 -214 -81 23 -198 -18 243 73 14 162 -50 198 -129 85 -79 78 9 39 196 -132 -12 -2 219 52 25 -230 -68 108 34 102 -244 159 63 232 
TEST 16 ARG:230 205 -26 63 -136 56 -120 87 33 149 198 46 111 202 -188 163 -82 168 228 -85 -33 -192 95 143 123 72 -69 -19 18 -72 -199 29 70 -2 -144 -184 -109 -173 34 167 194 -167 190 117 -161 -143 220 -57 236 -30 249 222 -236 -156 150 15 42 176 140 -241 -172 -68 239 -158 -250 60 -182 9 69 -59 138 -6 23 -183 -15 -208 -177 25 145 160 -194 -157 209 115 49 -171 41 44 213 136 130 -170 -1 -88 237 -197 124 128 141 -244 4 62 43 -53 187 26 -234 -226 -228 218 35 76 135 52 -146 247 -12 186 51 66 13 -4 148 -10 225 -24 -5 0 -99 114 -38 -58 20 121 172 -123 -52 -71 86 58 223 -222 -111 -149 214 97 188 22 -164 -124 92 -166 71 -122 204 240 -56 -175 -55 -235 19 99 -39 -64 80 -128 -224 152 -93 189 77 159 -227 89 -140 106 -130 -35 68 100 -116 234 48 12 -125 245 211 96 104 180 64 195 -249 -204 78 -62 59 235 -95 -117 36 126 -37 16 -211 -193 -78 2 171 156 174 27 55 109 134 -163 129 -200 165 -153 227 73 -203 -186 84 133 67 -94 -8 -243 233 -142 158 -48 155 215 -162 -187 14 -113 11 242 -25 197 181 -213 -239 -103 -155 47 -216 -195 203 -84 -90 107 -89 -165 207 -133 -242 127 192 183 122 -185 238 102 -112 -97 57 -147 -206 -240 85 200 196 113 40 -98 -174 -181 -41 216 -11 231 -139 -9 -70 -220 -22 157 -148 178 91 169 -168 -189 -42 -75 173 30 -246 -221 -150 116 -17 137 119 229 244 -209 226 164 -237 -29 -63 -106 -215 -214 5 -18 -34 -73 -45 193 -104 132 88 219 -231 -54 39 -126 -13 93 -92 -219 -21 179 53 144 -134 -217 24 -198 -86 -191 -51 -61 -218 -119 61 1 -32 -180 131 -87 79 243 -207 -102 -77 -100 -50 248 -178 110 -190 -245 -160 -138 -114 21 -80 151 142 -135 -169 -179 101 8 -31 191 -66 94 146 212 -151 54 -230 112 10 -159 -14 -107 -16 -154 -91 208 -127 -210 28 170 -20 -96 139 105 217 -229 83 -60 90 -212 -74 37 -201 -67 -110 3 -23 162 199 221 -223 -152 -47 182 147 175 98 -76 45 -81 -121 -79 232 -46 -247 38 -137 -36 -108 201 -205 -28 118 82 -248 -83 -225 184 206 154 65 -27 -141 -176 -196 -232 81 -49 50 125 210 7 -132 -43 -131 -129 -3 -145 74 120 -118 103 -238 6 166 31 -44 224 -233 -202 -65 185 161 75 241 108 -101 32 -115 -105 -7 153 -40 17 177 246 
TEST 17 ARG:-171 -150 113 -86 -29 -32 -248 89 -118 -247 -195 -7 153 -61 19 -133 168 217 136 84 165 14 -44 93 -34 -136 122 -193 -75 -201 149 -148 -16 90 -52 48 -101 -182 -224 12 184 188 88 -242 9 -21 194 -98 -211 180 141 -122 91 -127 -84 71 214 235 -95 191 -163 142 50 238 210 10 73 -39 26 16 -238 129 154 -176 202 -67 -57 -35 33 227 233 -221 213 53 208 203 135 -96 -199 -233 94 -91 -110 -217 36 42 -108 145 15 -41 32 155 106 -181 62 -117 -213 243 -83 -206 -26 222 70 -153 -166 11 41 -144 -234 -140 249 77 -111 170 67 -17 -169 211 -45 -184 -87 -219 -214 -43 -245 46 237 -55 -31 206 137 -173 218 -236 -228 95 24 -186 -145 -63 -197 236 246 20 -191 240 205 -8 -12 -36 204 -2 -73 158 109 -250 57 59 131 241 231 -165 -202 232 -175 -94 -155 115 244 -53 -58 86 -222 -93 -180 -178 -25 169 -129 -143 83 -188 -156 74 224 -243 -187 121 179 -167 -146 -51 -204 -244 228 104 216 -11 126 124 120 -82 195 125 13 182 117 220 159 -215 -10 -14 -130 226 69 47 234 -194 -159 -23 173 -65 247 -24 -70 51 98 38 105 -80 111 -190 96 138 -18 5 17 171 148 166 -131 242 -15 37 -170 239 1 -28 -42 -225 110 -77 -208 100 152 -120 151 75 -102 29 -198 -106 -103 107 2 197 196 -99 143 219 -90 118 130 58 133 -112 -179 199 -49 60 27 68 3 128 -89 112 72 -13 -223 76 -20 -183 -124 64 201 78 -74 -138 -154 174 31 35 -128 -207 -123 -227 -30 81 198 -189 -249 140 -50 82 -104 8 -4 103 186 -107 -121 -239 162 -3 163 161 -132 -164 -168 49 44 -235 87 21 -100 -68 -229 -38 -56 52 177 -64 150 63 -22 -205 160 181 -149 101 56 245 -203 -134 -114 79 183 -246 200 -79 99 212 -220 40 175 108 147 156 127 -66 -162 -88 167 4 -72 7 -60 116 66 -27 193 -125 43 -212 -59 -218 -147 164 178 -231 119 39 -62 -226 157 -54 114 144 -216 34 -160 92 221 -116 -6 230 -115 -192 -47 -76 -71 97 18 -157 -137 -126 -142 209 6 23 -152 134 146 -161 -240 -19 176 -109 -113 -196 85 -46 54 187 -119 -9 30 -1 28 190 -48 80 -81 -209 132 25 -139 -200 -92 139 192 102 207 225 -237 215 229 45 22 123 -135 223 -172 -85 -78 -151 -210 -241 -185 -40 185 -232 189 -141 248 -97 -69 -174 -33 -158 -105 61 -37 0 -177 -230 172 -5 55 65 
TEST 18 ARG:-128 -156 197 -138 -237 -208 224 -144 97 -18 -134 5 -197 -136 113 -195 195 -158 -232 -76 -122 -110 172 51 -214 -179 93 -41 200 236 169 16 199 -218 -142 20 190 -83 35 192 -168 -174 211 205 -247 76 -231 238 240 132 -55 -159 -54 160 124 232 63 122 129 68 94 70 87 167 231 -70 112 -133 123 -40 127 151 103 -181 110 -101 -32 -119 -123 45 -29 -163 -89 -139 208 -206 9 -87 7 156 47 -113 24 -25 171 -167 75 -98 -74 117 -60 -46 -104 102 212 -205 -240 -173 -62 154 -11 -127 -202 -227 165 48 225 -234 12 -162 119 -152 43 185 -109 -103 161 -75 -28 210 -42 -81 173 -160 67 -236 -26 10 -201 107 -186 202 216 99 -175 -157 143 106 -37 28 152 58 220 -249 -78 249 -145 50 149 155 -242 218 -36 248 -235 101 -250 95 62 -219 -84 -147 -135 66 21 -48 163 174 52 -86 235 -229 245 38 -34 141 -100 -129 -117 109 144 30 176 191 -77 -2 158 -199 -241 -140 -43 -130 -50 -169 85 237 -91 -90 115 77 128 -38 -238 -80 -59 -221 105 -45 148 -230 116 213 198 246 -8 181 114 228 226 -125 -212 -22 -150 74 -149 -13 -97 27 166 79 34 -35 -1 37 -180 196 -19 -210 -176 -79 147 64 -105 -226 -73 227 -151 -14 -120 78 -99 -196 59 -57 -220 -49 86 -115 104 -17 126 -137 -170 11 145 -188 41 96 164 -184 -114 44 -245 230 209 84 -198 -27 49 170 46 193 121 100 215 90 72 -187 204 -194 54 33 233 98 241 57 -96 -68 -88 -72 142 -24 60 -53 -33 203 65 -15 -203 40 -166 177 -164 157 -63 89 159 -107 136 -224 -56 14 42 118 180 -64 13 179 -239 -143 -3 -216 -126 91 -178 244 -20 -92 137 -154 125 133 188 -66 -191 -85 -108 -190 162 -61 -12 239 201 189 25 183 -10 92 22 -31 -204 -4 -111 -243 219 168 -52 82 223 234 -112 -67 184 120 217 194 -71 -222 -161 -211 -7 -244 222 0 -47 -82 -44 -209 29 80 -39 206 -141 88 -132 111 4 69 207 -248 -207 -30 -153 17 138 242 146 139 -16 -116 -21 -58 134 -124 -23 -95 -189 -5 243 153 131 -94 -155 140 26 -200 -172 -146 -182 -177 150 -93 229 -51 214 15 -106 -121 -185 32 178 56 135 -165 -9 83 61 53 39 221 -233 -215 23 73 31 -228 71 -183 19 -225 -102 -217 187 1 130 -192 -131 6 182 -193 -148 8 36 -213 3 108 55 -69 175 -223 186 247 -65 2 81 -171 -6 -246 -118 18 
TEST 19 ARG:146 -107 173 -184 212 142 54 116 -42 91 -80 -226 -60 -85 1 -114 -223 -240 51 -27 207 -120 -152 -220 -139 -219 154 49 -167 209 45 -92 -115 -14 113 41 -177 -134 25 140 -46 -58 94 115 -34 86 -211 27 -165 -62 18 -68 111 241 -172 -8 -113 -26 -125 195 -195 48 69 -168 52 135 39 -169 127 22 176 -55 128 -106 -183 -235 -197 247 -22 -147 170 189 -101 246 -129 56 46 -98 -57 -56 -111 -217 -157 -73 -119 -190 103 21 37 40 -54 10 29 -44 150 -23 -16 -229 -90 -218 -249 -96 -199 164 -116 231 -198 47 -173 -137 83 53 112 9 123 239 -100 74 -133 -104 12 20 -38 50 -234 -170 169 -230 219 -232 172 -79 -128 95 -162 26 32 -143 190 -141 5 -122 110 205 182 -31 104 -2 108 131 24 145 79 215 -166 -248 -156 -29 208 3 184 -81 -24 225 136 249 -205 -127 -51 165 157 -69 -237 -176 -233 98 -164 -187 106 248 -174 -110 -131 -78 240 -140 63 -50 -76 -118 -185 -82 223 11 -33 -153 72 -103 -126 232 15 102 186 -202 201 -154 -194 147 -35 -94 -83 -180 85 -171 148 43 132 -40 -189 31 -244 144 -188 -192 28 93 130 -204 -160 99 -212 -20 82 180 211 235 -17 -66 60 119 166 204 19 167 -93 -208 -47 197 96 185 143 -4 -155 -99 203 -123 -203 -52 153 75 168 -215 188 -242 34 -179 2 -241 156 -105 -144 236 -71 -87 -32 118 77 -84 122 -61 183 199 0 -67 -238 206 -37 88 -15 62 155 44 221 -30 81 64 192 58 138 -149 213 -124 -231 -151 227 230 194 202 -102 76 -5 107 -216 129 -181 -159 -70 -142 -178 162 -161 -1 59 73 -74 126 -210 -135 -86 -21 -201 -136 244 152 217 -225 13 66 -9 97 -6 -224 134 117 -53 -239 -36 -19 161 193 175 133 -145 -200 -214 8 42 -196 65 220 -213 196 -65 245 -72 -77 -227 187 68 -250 -186 109 198 -117 -130 101 174 234 -41 -75 114 -112 159 100 -13 -182 -246 -236 71 -221 -28 121 -148 -10 7 191 -163 -228 4 16 149 200 38 -63 -25 -89 105 -109 -243 -121 139 222 -11 214 -138 30 -209 -132 163 84 -150 226 181 158 90 89 228 23 -7 178 67 160 -245 233 -48 -59 171 55 36 141 -97 -207 229 210 -146 57 70 -247 -91 78 -158 -3 238 -43 179 125 -175 243 -108 124 224 216 14 -193 242 218 -64 33 61 -206 6 35 -95 237 -191 177 -18 -222 80 151 92 17 -49 120 137 87 -45 -39 -88 -12 
TEST 20 ARG:187 -181 -183 -110 -109 186 -131 -68 93 -31 5 -123 246 131 -160 -111 -221 -86 -95 238 82 -92 8 -45 -51 141 -199 76 243 241 -243 179 98 138 -65 -8 235 208 -230 81 -133 183 -247 -172 -190 1 87 -23 55 -69 70 -163 -80 177 -35 43 64 71 45 80 -154 -108 -196 69 -37 -16 53 39 -34 -106 26 154 75 -10 103 -198 -225 194 13 -67 109 116 -149 -176 196 -75 -150 173 -46 237 -156 -175 -56 -161 33 -158 -170 -42 -222 24 7 -90 -227 -249 160 -57 -13 42 206 -74 -94 212 245 115 147 -14 -101 156 122 190 21 -152 221 -129 153 144 223 -188 -193 -220 102 181 -130 174 -245 -25 -242 202 -121 229 -144 16 97 -250 107 184 -20 120 118 227 58 213 -5 -119 -218 146 226 -132 -73 -192 -22 200 155 86 128 -134 -177 -204 -87 -43 -174 4 -12 217 207 -200 -1 201 -29 -99 -84 -63 -231 -107 -214 -15 -39 -166 111 59 -21 -189 -209 161 44 -28 -41 -148 113 133 -217 40 63 140 74 -171 112 -2 -164 -135 -93 117 49 -232 232 -203 143 230 -223 -113 -4 165 240 -33 189 239 199 -186 -201 -240 65 180 100 218 12 -48 92 62 -210 -239 14 130 -146 56 -38 -70 60 37 -30 72 -50 -103 -182 -52 51 66 152 -147 68 2 -72 216 247 205 101 228 95 19 17 -66 -27 198 -141 -58 127 -55 27 -125 -49 -11 -187 157 -180 119 15 31 -117 132 -155 -185 -47 -96 6 -98 134 233 -112 -197 -140 -36 77 61 139 -116 -191 79 -71 -102 104 123 171 -114 158 145 73 124 -137 57 -138 -79 -118 91 -32 178 -128 -3 -54 -26 47 -229 136 -53 -115 9 -236 -224 159 167 52 -212 -213 -120 170 25 -235 -7 96 -207 99 248 88 192 -168 -136 151 -157 85 -78 35 -208 188 185 209 -59 89 -91 110 -206 -76 -153 22 -105 150 -9 32 -64 137 169 -24 -62 135 -142 163 222 -97 -194 176 114 -145 -100 -88 54 -83 129 -126 -17 -162 210 -211 -202 105 -44 83 -159 -226 46 -195 172 -234 224 -179 78 182 -19 29 175 94 -237 -104 30 197 -169 18 214 -60 249 11 -165 -216 -6 -233 -238 211 28 236 -122 203 38 50 -151 -244 -184 48 244 -40 41 193 -178 191 36 34 10 -61 125 67 -143 149 -246 -241 -248 215 148 168 231 195 108 23 121 -139 166 -124 -82 -167 -127 -89 164 20 -219 219 -215 84 -81 225 -77 242 3 220 -173 204 -228 142 162 106 -205 126 90 -18 -85 234 0 
TEST 21 ARG:-212 202 -97 133 134 228 67 -16 66 191 -52 -146 142 -50 187 118 50 -117 -63 -28 -225 -185 -145 -214 -66 53 48 208 18 76 -94 234 -203 -198 10 174 57 161 -120 94 26 176 99 -224 70 117 72 -104 71 242 -184 -12 100 -178 55 196 61 -173 145 151 160 129 -112 135 214 189 -226 184 223 -193 -131 156 165 30 -49 -33 0 -109 -207 64 -135 106 216 78 68 -95 75 34 116 -111 162 -83 15 203 -23 -191 -86 -234 -32 209 44 166 154 -8 159 -3 -216 113 -59 -99 -199 -176 171 233 -174 105 167 -181 24 -163 141 21 -129 -250 28 31 220 -102 225 45 -42 -113 -177 -233 197 -26 -53 -164 9 -24 -77 97 -87 -115 217 137 86 -160 -248 32 47 -101 -186 -150 -246 122 -98 153 91 80 -200 -100 248 -62 -71 4 -201 62 -166 124 148 102 163 -96 -48 120 42 -151 119 128 -143 5 -243 240 92 -149 131 -148 -147 84 -132 -221 -14 -161 29 -17 33 -4 -38 237 74 40 1 -235 188 177 227 205 244 -140 -2 -126 109 212 -127 249 -55 69 19 -190 -239 -20 -58 -153 -75 149 150 200 230 232 54 -172 49 -73 170 -106 139 -142 -36 17 13 39 -240 -57 -124 179 -81 193 172 198 43 126 136 157 -189 -157 -85 192 140 27 -244 -195 -118 83 -229 38 104 60 229 -30 -54 199 -179 -18 -22 -180 138 41 -249 -121 -168 -154 -84 81 79 35 37 -9 164 125 245 -40 -144 243 -183 -167 -247 185 -232 -223 -237 58 -156 -13 -213 123 -10 -155 65 93 -19 -139 155 238 -130 169 -188 -220 2 -219 -133 23 183 201 -7 -194 77 -105 204 11 103 186 221 -69 -39 -45 -125 -27 -159 -11 -197 226 111 85 -138 -208 -88 -51 -227 211 -6 63 82 107 224 168 56 -241 -65 -67 -122 -80 -238 -228 -192 -187 178 87 -76 206 147 236 -141 90 -119 22 -92 194 146 180 239 -5 210 -56 36 -60 88 59 222 -215 -74 89 -31 -91 -242 -41 -44 -90 181 -165 -47 52 -210 101 12 -218 215 -21 -152 -114 -72 -103 -209 -169 -231 -89 -110 95 -134 16 73 158 -158 -128 115 152 -162 110 -107 -79 46 182 173 -116 -205 8 -78 -68 -175 -170 -15 -61 -43 14 51 -70 114 -206 -29 130 -236 127 143 121 -123 -245 20 -196 -34 3 108 -222 235 -211 -182 98 -108 -230 219 218 -64 175 213 -137 246 247 241 -217 -1 -46 112 -82 -93 195 25 96 231 -35 132 -25 7 207 -136 -37 -202 -171 -204 190 144 6 
TEST 22 ARG:134 -202 -191 -157 94 -189 -70 -160 -51 -236 197 -133 63 -240 -249 -195 -72 -232 -136 -47 -91 19 214 138 -125 249 -65 -198 107 -53 -158 205 -79 -85 62 -37 -20 76 -137 -182 -233 -33 204 -76 -201 106 -111 97 35 181 -31 49 132 -39 211 -119 184 121 47 58 -5 -43 -86 -234 152 54 -49 148 96 213 -105 0 -190 -134 -179 -71 72 103 -248 145 136 99 -142 -106 196 -165 -89 -181 224 124 3 79 -26 135 -196 -118 122 69 -197 11 -7 -23 173 6 -22 -210 -151 188 48 -226 -30 105 -219 220 -170 88 -88 -227 -242 142 200 26 -16 45 116 -104 -204 115 -96 -36 92 -114 129 -58 118 52 -143 233 50 -131 46 7 -95 172 -100 -247 -231 40 -29 -64 -32 -46 43 165 234 67 154 -185 228 -171 -113 108 243 -52 60 141 -110 166 75 225 84 -94 -147 -127 -162 -203 -211 -239 2 -241 176 -129 -45 9 -250 -50 185 158 4 -38 -120 78 246 215 42 248 -80 -21 -156 -92 206 -41 61 22 38 -228 -19 -166 227 242 164 10 -11 -74 -84 189 -140 -3 143 -176 -177 160 -62 -135 111 223 37 -78 182 127 161 180 -238 -59 168 187 241 -48 8 64 -154 170 216 36 198 199 247 126 68 12 -173 147 -208 -243 -144 -167 16 -12 128 14 -187 133 -207 -108 5 32 231 -180 -139 -163 -112 151 219 -101 80 -220 -128 130 57 -57 34 -150 -77 -200 -213 192 162 91 59 -67 153 -28 -122 212 -126 102 -216 -246 144 217 -222 -115 89 29 -194 98 65 -90 193 83 87 155 -63 117 -175 190 226 244 209 -103 -99 239 -149 -117 230 -17 -1 39 156 -54 238 195 169 104 218 -244 70 -130 -68 18 -217 -192 -206 27 -148 86 150 -27 74 -123 81 -116 -61 17 -42 174 -225 -199 235 90 -66 -6 -81 194 -169 95 -83 -14 -161 -8 -69 -141 -152 -235 -193 -168 245 221 -24 113 100 236 167 179 112 232 -121 119 -245 33 -75 120 191 109 -146 -184 71 -34 -174 55 -55 20 -164 85 186 140 -2 -172 23 -132 -97 157 149 66 131 -73 77 -221 240 -159 -35 159 73 15 163 25 44 -218 123 -145 -9 -40 229 -224 -93 21 41 31 210 207 53 208 -60 -214 -107 139 -183 -109 -205 114 -18 -13 24 -186 -138 125 -209 -188 175 177 -25 -215 -4 28 222 -223 -212 -229 -56 146 -82 1 178 -98 -153 -44 101 93 82 30 -237 171 13 201 -102 -155 203 -10 183 -178 -87 137 202 51 -124 110 -230 56 -15 237 
TEST 23 ARG:-124 211 39 34 -19 3 98 117 11 -32 -176 -104 -192 234 -5 10 14 187 -129 -41 -114 -119 28 -31 -83 163 -34 4 -11 93 225 244 6 -90 107 147 -161 68 -203 -85 -98 -191 -75 -245 149 232 184 -71 -166 210 164 -182 -43 -155 -27 -185 -63 -170 -190 161 -179 -72 -177 -30 -95 94 108 -236 106 212 42 -130 -116 -167 191 60 -9 -107 21 235 66 15 84 242 -79 51 -105 222 216 -140 -13 -248 -181 194 -184 165 -81 -224 18 -49 49 142 115 25 197 45 -199 -151 186 114 151 -205 72 -226 207 82 -168 -174 80 64 -250 158 -93 -139 -87 -33 -148 100 156 -141 -125 -238 -109 189 -21 119 95 -235 201 -29 89 131 105 111 -217 181 83 246 -143 -15 -4 127 79 -20 75 -8 -111 -25 54 -149 -117 -164 -196 50 249 85 -127 -7 -97 -77 218 90 -233 58 -126 -67 173 176 198 220 237 -84 -122 0 124 63 -220 -14 52 -121 171 213 120 180 221 13 -44 38 -16 26 -142 -197 -138 40 -64 143 208 132 126 -171 27 -1 -137 -36 -230 231 -222 -175 -172 101 190 -42 -39 2 46 -74 172 215 -206 247 65 178 -50 243 -188 -110 53 170 -69 44 -158 -162 236 -103 193 -135 -216 -96 -133 73 -146 -54 223 204 -18 160 19 -154 -211 238 233 226 168 33 88 31 -228 -46 -108 110 -213 -59 174 133 -202 -144 -24 200 -86 140 177 188 61 -150 123 192 74 23 55 20 -40 -101 -246 -180 183 -183 185 167 91 166 22 -193 56 138 -187 -106 -152 -237 103 228 130 182 70 -201 205 -247 62 203 195 -128 -219 241 175 35 169 -118 29 -136 219 135 -3 -225 125 -215 8 -91 113 -65 -56 162 -60 134 71 -169 153 1 5 239 148 92 37 -38 -6 -12 -160 -229 -241 86 -35 32 -55 -210 -234 -82 59 30 -156 -249 87 -47 144 -243 -80 -99 -28 -68 -17 -123 -242 16 -223 116 -2 -23 224 -57 109 -66 -112 -62 47 -45 -10 102 -37 -115 -52 112 196 209 157 -51 -132 122 -232 227 -178 17 99 96 -165 -120 -212 77 -73 -159 -231 -214 217 104 -88 145 -200 -198 155 -113 -240 -239 -147 -102 248 240 -157 67 -244 48 150 -131 -58 78 -208 -221 -78 -94 128 214 -22 -70 152 -227 -145 -134 -189 -100 230 179 146 -204 -76 129 24 -207 -26 -53 141 9 57 81 -48 159 -89 -173 -153 154 69 137 -92 36 245 43 139 202 -186 41 -61 118 121 -195 229 97 199 -194 7 12 136 206 76 -209 -163 -218 
TEST 24 ARG:-243 -175 -79 -200 14 126 -242 156 -178 -172 -76 -130 86 209 72 -158 249 -29 2 -191 161 49 -223 93 -78 -122 119 -244 -44 -24 168 -215 -43 -128 7 -148 106 -219 -152 -86 226 -21 34 -49 8 -168 160 -91 -198 3 219 185 -93 36 132 -88 211 -133 234 196 -202 -235 -171 -245 -196 -203 -212 129 -138 184 247 27 -87 -129 236 -12 170 54 -135 -204 -64 -56 140 29 81 10 85 -45 -222 -95 38 -238 176 -232 -109 152 114 17 222 -90 -22 79 -63 -61 203 -226 -58 -147 213 235 115 40 -67 228 183 28 -207 103 -185 0 -131 177 237 142 -119 6 50 -3 -74 -137 -123 32 145 -47 162 -37 223 -99 -233 -246 -5 -114 242 -108 76 -216 238 -193 240 -201 -186 -174 -197 -146 95 -154 -19 -98 98 88 113 -195 51 -17 123 87 -50 -14 -40 -153 13 -126 -1 225 -46 174 65 58 -115 26 -33 30 -237 191 -26 96 -89 108 171 63 102 149 -164 22 117 -120 39 192 -18 246 -140 -65 -165 20 127 212 43 -77 55 47 190 -100 -177 -70 -83 -23 -121 41 -132 -125 -110 -75 -34 128 -16 -220 -39 -72 195 24 66 -111 175 -159 -36 -30 -139 147 71 60 -94 19 124 230 -240 -224 31 198 99 206 101 48 -81 -227 -38 151 -241 -179 112 -149 64 42 -52 116 15 244 -11 239 -116 52 121 -13 166 227 141 -31 -143 135 -118 -68 91 172 1 -156 -105 -4 -42 131 -249 155 -25 -10 -142 -155 232 180 -113 -84 -228 -183 186 167 37 231 -234 120 62 -169 97 -213 -217 165 163 -218 154 138 -208 -71 -205 146 -97 23 -54 130 -163 16 -141 -104 118 159 169 -180 -85 -176 -247 -124 35 -82 188 229 21 -173 217 199 245 -170 82 -32 11 187 -162 144 80 25 105 -166 -145 220 -20 -210 94 75 -161 -69 -199 -192 -211 -15 -48 207 -2 59 56 111 -181 70 224 136 125 90 -35 -117 -230 69 -151 61 148 -239 137 -6 -250 -248 -96 -62 -59 -101 218 215 143 73 -8 181 173 -92 -209 157 -136 -160 9 -57 57 -157 -182 12 -73 182 208 164 150 -134 33 -127 243 178 197 -106 202 -144 189 -225 78 110 210 92 84 104 -184 -60 200 193 83 44 201 67 -41 -53 -189 -206 -7 233 45 221 -194 53 46 -188 -150 -190 68 -51 241 194 -27 18 -55 158 -229 153 179 89 205 107 -112 4 -103 77 -236 109 -107 5 134 204 -167 -214 -231 -9 122 -80 216 248 -28 133 139 -66 -187 -102 100 -221 214 74 
TEST 25 ARG:-16 229 -202 -87 -158 142 117 -83 105 221 143 -239 -232 -117 -179 -150 -21 -30 -248 -196 -104 118 0 -75 -6 102 188 -45 -151 84 -181 152 -246 182 230 146 -52 -109 -223 98 -247 -25 89 -120 -113 94 -176 16 90 -70 -32 202 -93 217 108 -13 -227 -85 242 -56 -96 113 -184 149 140 141 60 196 -168 163 95 181 175 -170 112 -22 191 -249 -130 58 224 201 241 -208 187 66 62 -211 176 237 -49 88 20 50 203 -198 -148 -68 -112 244 -72 -146 -171 223 -138 -159 -230 28 26 -205 -118 -209 215 185 -245 234 70 25 -250 24 10 -155 3 204 -35 -206 19 195 -48 129 96 1 -191 153 136 -172 -157 63 -207 213 -218 21 121 2 184 245 124 161 -213 41 243 134 42 -107 162 -64 169 -23 -167 97 -156 -133 -43 -236 -114 -229 165 190 228 -66 170 199 37 -29 15 -99 103 61 -221 35 -142 151 55 -165 -11 246 226 -217 130 -200 -192 233 137 47 104 -19 132 219 -69 82 -8 54 53 126 209 -115 -106 212 193 -234 168 154 177 4 179 -14 194 -127 160 34 -47 248 17 173 -2 -169 231 30 67 -193 75 -108 -88 123 172 -77 227 106 211 52 -139 11 206 -143 -224 -27 -125 72 -137 -123 107 -190 -122 192 -121 -187 -241 -44 156 -220 -33 -152 -175 189 -189 -214 81 48 40 5 -166 78 -103 155 -174 -180 32 218 -62 159 -215 -82 -233 -210 178 -186 225 247 -195 -124 71 -10 220 -54 138 -140 157 -226 83 115 171 -129 198 -244 -81 -219 114 144 -136 6 131 -131 -126 238 31 23 -119 36 166 51 -149 -141 29 -95 240 167 -235 150 180 -154 -78 158 214 -65 79 -201 222 -63 -79 109 44 -84 59 -160 -61 -161 8 -51 148 -237 135 38 93 -183 14 -24 -212 -38 56 -132 -1 -17 -153 -50 -199 -80 186 -242 -197 92 200 -100 -182 100 -222 -111 -240 208 164 -28 -90 -34 -128 -105 -134 -60 -12 111 -73 239 -59 101 -76 43 -188 -41 -42 49 46 -238 249 236 145 -177 -5 -7 210 22 45 -101 -164 235 -92 65 -31 80 99 -71 183 33 -173 -194 -37 85 39 -102 64 -144 -231 86 -18 -203 -110 -135 27 110 -58 -178 -228 -116 69 74 -39 -98 -204 -91 -20 -243 -15 205 -147 7 128 174 12 119 197 120 9 125 57 -53 -4 77 73 -185 -94 13 147 -3 -97 216 -67 -225 -162 -89 -86 -46 -145 -40 -216 87 139 76 122 -74 -9 -163 -55 -26 -36 116 133 207 127 232 -57 18 91 68 
TEST 26 ARG:173 48 -157 -170 -218 -27 154 20 -248 191 -98 -161 165 -118 96 17 -32 -194 160 -231 190 141 -132 139 -38 -86 201 -174 -1 184 210 -153 23 -176 101 163 -83 -223 35 -71 -58 -151 243 -106 -70 -84 -33 203 114 176 -123 -230 180 80 72 228 34 93 -127 -155 -103 -145 -193 -156 -222 -65 -216 -146 204 -202 -97 -24 182 -94 186 -179 112 38 -72 78 -53 168 -130 73 195 -105 13 231 108 138 -112 -244 -29 4 -79 50 128 -180 60 -247 -228 156 183 -57 40 245 110 -96 -120 225 -208 -10 -215 215 170 -80 22 226 -167 -63 106 -95 -186 -43 -6 145 29 209 12 -126 230 83 -219 189 -51 97 -210 -232 233 -36 -159 -89 -189 95 9 232 -88 130 65 -85 -67 18 249 -135 -182 -61 98 222 236 1 -206 59 -35 -241 178 10 -26 166 -34 -62 -5 -229 123 -17 39 16 172 53 122 99 248 25 -200 107 42 -188 -47 113 -7 136 -136 -100 147 -31 207 -234 -138 -168 -195 135 -209 8 117 -73 79 6 24 -20 -175 -115 -133 -152 -184 43 74 -190 213 31 198 -15 200 -165 -121 214 179 -125 -102 37 150 197 -178 -149 -205 -101 -78 240 -46 88 -69 7 94 76 89 -134 144 181 242 -245 -66 -37 -23 58 -160 246 208 -171 45 -217 -181 174 46 224 -128 164 -124 211 148 105 70 -68 -197 -204 104 -14 84 55 82 121 -148 30 132 -16 235 193 229 115 -139 -235 -240 202 -104 143 -28 140 -22 3 234 -158 -54 185 -59 54 -169 162 137 -212 187 239 -137 217 146 47 -56 75 51 19 61 -107 -177 -211 -220 -91 32 100 -110 -4 92 -225 133 -99 49 171 -12 -19 218 -129 116 118 -21 -233 -76 -82 36 -75 -30 5 -249 11 -191 -90 0 -201 223 -198 -109 159 153 -64 56 -131 15 -143 161 103 -39 -41 87 -237 149 81 -242 219 -117 238 131 -141 205 -239 -45 102 126 -172 -9 -3 169 -227 158 127 44 -154 -162 69 33 152 237 220 192 -108 -48 -150 -18 86 177 -142 68 52 151 216 -224 62 -199 66 26 119 -50 71 -173 -250 -192 -246 134 41 120 2 -147 227 63 -207 142 -140 -185 206 -226 -203 14 -60 -214 -122 -52 -116 91 244 125 -77 -11 -74 109 57 -55 -164 -238 85 21 27 -163 -42 -93 -40 -213 67 -166 111 -119 -8 -221 175 129 199 241 -236 188 -144 212 247 -113 221 -13 -114 -187 196 157 194 -49 167 -2 -25 -92 -196 77 -81 90 155 -87 -44 -111 -183 124 64 28 -243 
TEST 27 ARG:-200 -224 -127 126 -244 87 -144 -156 -248 17 90 36 150 249 -30 -3 -90 52 48 74 93 185 54 171 -202 -108 134 85 -175 138 -5 -181 118 -80 -130 233 1 203 237 42 23 176 124 46 -63 -93 -147 -111 -185 57 109 -217 -77 -133 -199 244 198 78 106 -91 -99 -11 152 31 26 -203 -60 70 248 34 -44 -216 174 -192 -58 -250 -157 -245 -204 7 159 71 -171 -13 149 -14 155 133 165 -24 139 117 221 -107 -70 242 -61 -15 -17 -168 101 234 -1 -37 20 -246 205 -210 -53 -103 -211 -43 -150 60 230 -27 -143 -106 -32 -151 -54 8 58 -72 -41 -23 -10 196 199 -228 -31 -84 103 180 -236 -7 80 -69 -52 170 224 -160 -85 77 -196 -194 232 -114 188 168 -59 -222 16 -212 -230 167 125 211 128 116 189 114 -125 -116 216 -139 53 -227 -39 15 92 141 -4 -141 -120 9 -117 40 194 192 -94 -218 -231 -78 -153 -56 123 86 -155 -87 99 157 -207 238 145 154 -152 179 55 -18 -73 153 -25 25 151 -47 223 111 -95 -189 -88 163 130 121 -119 164 218 -38 62 -177 -21 217 -109 51 -205 -22 -182 3 95 69 -179 246 -8 -237 -221 -187 -247 -249 136 4 213 82 132 -34 45 -112 14 206 135 2 214 21 222 186 -83 30 -122 204 -188 -136 49 210 -75 -28 72 -79 225 -134 -6 113 98 -201 -113 -140 -214 -46 -234 44 91 -100 -105 18 158 68 -238 229 -64 -154 177 -131 76 11 172 79 -165 -101 147 5 -164 -97 184 -184 201 -198 -42 160 212 -223 -190 -208 -51 142 -162 148 -132 105 38 220 37 -19 -149 81 -172 -29 215 -158 -50 -206 241 59 22 219 39 84 226 66 32 27 122 195 83 28 63 173 140 -82 19 207 -186 41 144 -219 166 143 -118 -170 178 65 169 10 -2 -62 -49 193 209 -67 235 197 -71 137 -35 -104 131 -16 110 -26 -233 107 -9 -235 -209 -195 -92 -229 -180 -126 -55 -226 -57 146 -240 50 -145 161 -163 -213 -178 119 -40 -242 -146 127 -239 -36 61 -102 245 -123 -66 104 115 227 35 181 208 -124 -76 200 47 -138 -241 -225 -110 156 97 -81 75 -220 43 187 228 73 -167 243 -115 -159 24 -12 -176 -243 -191 -86 -166 -74 -215 102 96 191 162 -129 -96 175 129 67 231 89 -148 -20 -174 -128 112 -68 183 29 0 240 -137 -48 56 -161 -183 -135 247 -98 -169 12 100 -173 64 6 190 -65 -45 202 236 108 -193 120 94 182 -232 -197 33 239 -89 -142 -121 88 -33 13 
TEST 28 ARG:115 -94 154 135 -204 -199 104 170 125 -168 79 -97 77 -72 -140 -78 153 159 51 99 -90 34 227 -230 -181 164 -106 80 222 111 -163 -229 -25 238 90 -211 202 131 128 -37 12 -142 -198 173 -174 -84 224 -133 86 -231 19 -119 -249 40 118 -13 -238 144 -165 61 82 -104 233 134 -98 -136 -20 -39 33 -137 212 -16 -14 24 -173 213 21 -224 -200 149 -125 147 -186 -48 145 121 -227 35 -148 236 39 71 62 22 108 178 201 156 49 -171 -22 137 -220 172 16 -156 -36 -164 -61 102 218 -77 -4 -108 -172 -162 158 160 190 -49 -234 -247 -245 -166 89 103 221 96 -82 -24 -157 52 -213 -244 -58 197 -33 240 124 -11 184 -130 127 113 123 48 -35 -15 83 29 -217 -62 -160 10 -201 68 -215 30 148 36 53 0 -176 -222 -50 235 72 109 204 87 139 207 248 -86 -117 206 81 73 -41 179 67 143 -138 70 -221 -205 -19 47 60 25 -29 226 244 122 -113 -66 -212 -194 5 101 -21 -17 140 166 -87 203 100 168 -63 -75 -47 186 -64 -150 -76 98 -65 -120 231 -182 119 7 141 -118 66 246 -56 42 114 -183 -112 -123 196 -210 92 -43 -114 -139 -69 150 -51 -74 -161 219 189 -121 -240 211 -83 -187 59 -105 -122 -89 -3 -91 74 27 37 -34 210 78 32 120 167 -151 188 -92 -184 146 216 182 239 -26 180 -243 44 176 -129 -193 -38 -241 45 -103 76 -116 64 -42 3 69 -85 -18 -167 94 -9 -1 -146 2 46 171 133 194 26 -71 234 28 -102 -207 -216 55 -154 105 14 13 38 -132 -57 -70 -214 91 -28 217 151 85 185 -228 174 -170 215 95 -192 155 -145 -159 191 -59 4 142 241 -248 198 110 -149 -93 -96 117 126 88 -10 -242 -100 230 -219 6 228 -79 169 205 225 195 -144 -206 232 -88 -30 -32 152 116 -107 -223 -218 243 -115 181 -175 -134 -99 183 57 -127 -250 -54 93 -95 -169 -53 -158 18 -7 -190 -233 242 -225 -52 247 -27 -203 8 177 214 157 -180 -195 -101 192 136 65 129 -179 -109 50 -80 41 -110 138 107 -60 -128 -246 -189 249 -232 -8 11 23 -196 -208 193 15 -209 -197 229 -31 -81 -226 1 97 -40 54 -153 163 -188 -68 -141 187 -152 130 31 -191 209 106 20 -23 9 -46 -239 -143 -135 75 -124 223 162 63 -45 -236 -131 84 -73 43 -178 -155 -177 175 -185 -44 -237 199 -5 165 -202 208 161 -12 58 -55 -126 17 -67 -111 132 220 245 112 56 200 -147 -235 -6 -2 237 
TEST 29 ARG:173 111 149 -124 -115 55 158 -14 -13 -178 243 -134 -101 -136 -121 176 -21 -190 144 135 -207 -183 -150 57 98 52 -236 119 -171 -146 91 75 -24 -34 -154 164 -215 -159 77 185 79 -95 245 78 -147 -100 146 -116 -151 90 -129 -140 194 87 -153 231 -37 204 137 223 -234 129 85 -58 142 36 198 23 37 -130 27 43 72 -141 143 -158 -193 163 -204 -42 125 -35 -50 110 83 -1 107 -123 -4 212 233 218 234 -76 -175 -213 -12 -3 -225 -199 217 -104 246 -86 -169 -45 102 232 2 -85 74 200 236 -18 -174 -186 104 161 156 54 73 -83 31 -230 -7 241 -2 141 216 226 221 82 115 -108 237 215 211 -250 -28 -227 -172 70 181 186 -195 -192 191 -120 41 -102 190 39 -47 81 170 -53 19 -70 68 108 -114 -38 -41 -127 -247 224 -109 202 -68 -67 -170 -90 -187 -163 123 219 147 -23 133 -145 240 94 230 113 -105 -216 -162 -8 171 -131 -112 -94 -10 208 51 14 -89 192 -149 -237 -223 48 -212 -182 139 -80 238 -5 7 220 112 34 187 28 -60 177 -217 166 -128 -48 -75 -139 210 101 130 169 -32 86 -51 -194 -17 -160 162 227 -132 -248 -55 -125 -166 56 -113 128 8 -235 -71 -241 -88 71 17 -245 -64 -226 47 201 76 -228 22 239 -137 106 -155 -206 -205 -218 175 1 -177 -54 -211 -78 -189 -91 136 -27 -232 228 -220 -52 213 -176 -231 248 -73 -184 -49 105 -57 92 -242 -143 -93 -144 120 -243 150 207 148 203 88 69 152 80 165 189 -202 -46 -111 -82 93 124 -107 -126 63 25 -219 242 100 168 209 153 159 60 -119 58 244 184 -56 44 214 174 -59 117 155 -11 -66 -84 30 182 -233 -168 167 -69 197 9 61 -198 -246 35 235 249 -142 -180 62 -197 4 -31 138 -29 96 -74 178 -167 193 -122 -33 21 -25 -181 -39 122 -191 145 -77 95 126 180 -98 199 -239 46 49 127 10 45 15 205 -44 196 -208 -97 18 -110 -72 179 20 -201 109 -157 -229 225 160 195 -165 67 -16 103 151 -26 -15 -138 -188 -224 12 -214 40 206 65 -152 89 16 188 24 -62 -43 11 -133 247 -96 134 172 -92 -240 5 -81 64 -203 84 114 -40 -99 -209 0 -63 222 229 -148 99 -200 154 -22 -221 -103 -196 -173 97 157 50 -87 140 132 13 131 53 -222 -61 -210 -156 -161 6 32 -36 38 -65 -164 59 -30 -19 116 -179 -238 -185 -117 -106 -244 29 26 -6 121 -118 -9 -20 -79 -135 118 66 42 3 183 -249 33 
TEST 30 ARG:68 -22 -144 9 -134 17 -225 71 -196 147 -176 125 240 139 112 6 81 -121 245 -119 174 -45 31 -238 -185 62 -58 -181 207 -151 -197 14 232 -29 -39 194 77 35 27 108 -214 230 -30 -206 -218 226 18 -223 -234 102 -93 236 153 -109 238 51 -111 -217 -61 -65 150 -235 116 117 157 97 -46 -131 -11 196 144 -188 113 109 -107 -194 178 145 -95 -249 -64 -227 84 -42 -124 220 -15 -146 181 -224 247 225 -201 -4 -152 -193 -19 227 -103 -110 124 186 -32 224 -156 -171 -24 59 179 -205 49 13 43 -228 -117 -43 -243 -153 -179 122 188 41 -106 -154 -33 -207 63 -140 -137 199 -83 126 -51 158 78 218 -47 221 -96 -97 118 -63 171 79 20 -229 -187 154 -18 56 -226 -116 138 64 36 231 208 -191 121 76 101 239 203 177 148 82 -157 -69 246 -108 223 39 8 -195 -239 44 202 -246 -122 -48 -182 -240 164 -81 130 -37 187 135 -190 45 -36 159 170 143 -77 -112 -158 129 192 128 -168 11 -86 -247 -60 100 242 57 -242 -50 -34 -149 -88 107 -142 65 -9 -2 -68 -105 2 86 -41 -162 -5 69 200 -231 119 -52 222 -126 -92 -129 91 74 -230 -221 241 -159 141 -12 -35 -82 -248 -128 -212 85 -178 -175 -7 -104 -165 -76 -59 110 -31 152 228 -174 -99 93 99 163 89 -130 -57 185 -189 111 197 46 70 -55 172 -177 16 191 73 217 -208 -80 12 114 106 -125 -147 66 189 183 -17 229 -102 168 40 216 -219 -10 -141 -3 -70 -244 -56 193 53 83 248 -245 7 -28 -200 237 -94 -53 235 137 -67 -139 60 132 72 160 105 142 -199 -90 -143 29 -203 104 -232 -160 133 -241 -198 -100 67 -127 -21 5 123 140 184 52 -136 243 87 38 -38 204 -16 88 -14 -250 195 -172 -220 -163 -13 146 161 3 165 214 -167 33 23 -118 -85 -40 180 22 0 25 -132 206 -202 15 136 201 131 -133 -72 -62 176 162 -170 -166 -216 24 92 50 28 -49 -78 -75 244 -113 4 209 96 -169 -27 -114 95 127 37 120 75 -186 -73 -215 -6 -233 -91 1 169 42 -25 32 219 -183 80 21 -222 -89 19 -1 -8 249 205 98 -138 175 -213 234 166 198 -211 90 -23 -236 -115 54 182 156 10 -26 151 173 -164 34 -155 -145 -84 48 -120 55 155 212 58 -237 -44 -210 -192 -161 -98 210 30 -101 94 -150 -204 211 -173 -184 -180 115 -123 26 47 -87 -79 -66 -74 -148 134 103 -135 149 190 213 167 61 -209 215 -20 -54 233 -71 
TEST 31 ARG:-57 -19 248 -110 -86 66 79 -26 -175 -216 108 209 156 109 -155 97 93 -133 169 186 241 -23 225 -111 221 -82 -105 171 159 63 244 30 -212 -9 149 115 -132 18 -171 174 100 -30 -25 -200 -225 -51 214 -174 60 125 238 175 -162 70 -122 80 -149 -48 146 -180 105 117 -67 3 240 158 34 45 188 76 84 10 143 102 -89 -2 -81 123 -42 -124 -209 130 96 95 227 229 206 -176 16 -88 -237 -244 -61 -146 167 211 -246 4 129 89 226 -46 -201 -35 23 -187 -231 145 -43 -169 -172 78 -151 -160 38 180 -226 -102 237 -126 50 90 -135 -152 142 92 7 82 204 -72 36 -145 -65 29 -154 52 91 -20 22 -112 116 54 183 72 11 -41 62 -214 236 -66 -199 -16 224 147 -213 -248 81 -157 197 -159 -182 201 -96 -232 -71 26 -238 65 -242 39 -193 -90 217 161 -220 -29 -150 -98 -158 -127 -202 -138 107 193 182 -191 -107 -78 190 176 235 232 -128 -69 122 85 246 -192 242 202 -8 -58 -4 -195 83 -153 -109 -68 -91 -59 218 -217 40 -32 -235 -64 -134 139 -173 44 20 101 9 198 -210 6 199 -85 -113 -222 61 -121 -211 -144 -148 -94 -228 64 58 -245 -178 243 249 -108 216 104 -223 -54 -74 -218 -196 -53 -139 -236 -164 69 13 231 -229 -3 68 208 -18 24 1 -22 -114 -197 -73 -125 -190 138 -95 219 19 -241 35 -5 134 177 153 -103 179 41 25 -1 -77 119 144 -224 239 157 -177 47 133 127 191 -163 -137 -24 -56 189 -10 74 46 -184 67 196 187 -76 5 165 -166 148 -136 -33 -37 194 -234 -80 8 -203 -28 -50 -39 184 163 223 21 -215 234 195 -52 210 207 110 -14 -119 -141 33 -240 88 73 -206 121 -36 103 99 -6 -181 -60 -227 -186 131 -100 32 -207 141 230 -106 -188 -99 -142 -129 59 -12 -233 -55 118 -13 128 228 -45 178 164 162 -62 75 37 -97 -79 -7 -17 -31 -130 -179 137 126 86 215 -44 -189 31 -239 -34 -15 233 170 55 -250 212 87 155 71 43 56 -21 213 -38 -47 -75 48 -11 -230 -123 -87 -198 -27 -221 94 2 -165 -104 0 113 203 -93 -83 111 166 192 51 120 -40 14 -205 -168 172 17 135 140 -140 15 181 152 -219 136 -70 -161 42 245 -49 -208 -116 205 -84 -185 -243 220 247 -204 185 -183 27 114 150 -117 -120 -101 222 168 200 98 -143 -194 160 154 -147 49 -167 151 -92 173 -63 -249 -170 -131 106 77 28 -115 124 53 112 -156 -247 57 12 -118 132 
TEST 32 ARG:-133 -194 -49 -4 126 203 237 22 139 -83 -7 -169 28 -210 -14 -152 112 46 -179 -244 -121 10 234 160 -114 64 214 178 75 19 142 248 -125 -1 -129 -80 -120 -205 245 -20 -149 -202 168 180 181 138 -166 -116 182 95 -73 205 87 210 242 141 -151 -209 -171 -227 162 -219 123 -247 -131 135 -123 -226 219 2 63 62 157 -35 -218 -109 -150 -200 154 211 56 18 159 100 -197 66 183 50 -96 -98 -71 170 91 90 -118 115 -170 -126 192 86 -216 117 158 -249 -97 -158 -112 222 -5 -43 34 -232 31 40 88 -65 -60 -17 -42 53 -224 239 194 21 179 -134 -16 114 44 -57 -128 47 -177 -146 -240 221 -153 -235 -106 208 -164 -156 150 -111 -67 83 1 231 218 -199 -103 173 152 -11 79 -138 -193 163 225 156 -142 32 -130 -143 74 125 201 -88 54 236 -24 -157 59 -168 36 -55 -162 169 212 -94 -175 -242 110 -136 175 -238 228 -64 147 -213 -236 26 -203 -181 241 200 -248 -31 -214 -241 -113 -28 177 220 202 -12 -68 82 68 223 -237 -187 -101 -47 -161 -239 42 37 -66 121 174 167 122 39 -3 98 246 -182 41 -54 -79 -163 -184 17 45 249 -191 149 -144 184 -107 -147 -59 -99 -78 -167 12 -81 72 -105 164 -52 104 -127 -174 238 -108 -132 136 -104 -122 -27 -173 -62 -10 93 131 13 -32 33 11 -37 -145 -41 80 -225 8 -148 -45 71 145 -33 213 16 151 -22 109 155 -19 -58 -188 233 23 227 -230 15 206 92 105 148 -63 -82 24 153 30 -110 -2 140 166 232 -185 -154 29 -178 -39 65 7 -29 -183 -30 -77 -245 -21 116 230 61 187 -76 -137 -6 70 78 198 20 134 -102 189 -84 43 -56 -38 -40 5 -135 -87 -215 -223 38 188 4 -196 49 60 97 191 -70 128 58 -23 -208 113 103 -13 -46 102 176 -95 -92 -74 171 -69 186 -36 -172 -90 193 -231 -165 144 -115 -25 111 55 -186 124 229 204 -18 -9 69 -198 197 209 89 146 196 0 119 -72 -221 27 -195 120 -212 -140 244 48 215 195 -124 130 76 -233 -34 -190 -85 96 -26 9 118 -8 25 247 172 106 -207 129 108 216 -250 -141 73 -234 85 240 99 -89 -211 -246 -44 185 -189 -93 84 -180 52 224 -204 235 14 -53 133 -86 -220 -222 190 101 -155 -61 -117 207 3 -119 67 143 243 -160 165 -159 226 -201 -51 161 -192 137 127 -15 81 -206 -100 94 -243 35 132 199 -139 217 -229 -217 -75 107 -48 -50 -91 57 -228 77 51 6 -176 
TEST 33 ARG:-66 -39 -155 76 237 192 201 124 22 171 -125 -75 -59 -49 172 -27 -181 -11 -246 -178 51 135 200 79 -69 177 125 87 232 -179 -19 -22 82 102 166 195 72 -20 139 133 -142 216 -8 -32 -81 -141 -165 -250 184 -236 98 3 106 -224 107 241 182 -71 -18 -200 158 63 12 78 -58 -38 -183 122 243 111 230 136 154 220 209 64 238 -56 31 -68 -136 -154 120 -29 -166 -110 108 -173 -10 221 -217 -117 -227 149 90 -93 -177 -161 -158 14 -89 -171 -192 -83 -219 178 9 -159 153 240 -148 65 181 42 146 -109 27 88 97 -5 137 -169 -229 -244 4 225 -98 -90 -152 156 61 180 -36 -221 -207 -79 21 206 -46 19 215 68 1 15 -25 185 -65 -73 35 57 -33 -111 159 20 -50 204 -101 -88 -176 -114 -108 -212 -95 165 163 8 168 33 -234 -164 -132 -204 -203 138 174 67 223 -195 218 40 -15 -186 114 -131 -215 -213 -222 -168 -147 -188 -180 -202 39 37 -187 247 59 95 36 -191 219 -175 -237 245 5 6 -143 54 -126 -249 66 -242 -128 -119 217 43 -231 91 113 -28 -129 -144 105 101 -103 25 -123 229 -124 -17 -52 -241 -96 96 -112 -218 203 213 -228 -51 85 52 198 48 94 121 167 -216 103 -84 160 -133 16 231 -61 44 196 -106 83 -170 205 -157 23 62 127 2 -185 -63 -54 56 116 -43 47 -1 -149 202 224 -172 -34 214 -151 -211 -92 -82 28 173 -206 -197 13 109 92 -160 -120 49 -156 -189 197 104 126 58 -67 142 148 -41 -7 207 -209 -145 -115 -26 222 84 234 50 89 -230 233 -31 151 -121 -199 75 -16 176 41 -60 170 -232 -240 99 11 71 10 210 -87 -35 -40 -150 199 32 77 -3 -80 53 -210 30 17 226 187 179 7 211 -30 100 132 150 -47 -104 -167 -247 -24 45 117 169 38 -21 242 140 -182 -235 119 193 -86 227 -134 -64 -174 131 74 -214 164 -48 -37 -9 -99 46 152 -139 86 26 93 -220 249 -12 -238 -201 -102 246 73 -107 244 -162 175 -198 -194 -97 -239 157 -223 -94 235 147 0 123 29 -122 -208 143 183 34 -100 239 -118 129 81 -45 110 115 -76 -233 -153 -225 -74 -77 -72 161 -55 134 -57 80 194 -44 55 186 -113 162 18 -163 -184 -14 -193 -146 -138 -135 -127 188 144 -42 112 248 24 -78 -53 -245 69 60 -91 128 118 -23 -248 -243 190 -116 141 189 155 -190 191 -226 -196 -137 228 -70 236 -4 70 -6 -62 -205 212 -105 208 -2 145 130 -85 -130 -140 -13 
TEST 34 ARG:169 107 63 -144 -195 -99 -81 101 -2 226 208 205 -220 -116 -157 -206 219 -52 -60 140 -230 -217 -65 -175 78 193 -224 199 -29 -173 41 186 -179 -189 166 -86 94 -207 118 -137 40 129 -222 73 -163 91 -194 -30 -88 117 24 116 113 21 131 -59 -243 -21 -151 7 151 125 60 -68 36 -184 -202 200 -105 77 229 -212 -69 -50 59 110 -15 -97 194 68 -54 121 -79 -37 120 -120 -153 -210 72 69 126 -114 -239 181 108 -130 -141 -22 -43 190 -160 -102 -92 57 240 -229 -172 238 16 65 -156 12 -228 75 -19 216 -107 -24 -57 241 163 81 -200 -190 122 212 -110 -98 239 66 -183 -83 172 -129 156 -147 -109 145 143 -84 245 130 213 83 -197 -132 54 -4 103 -142 -133 -106 93 82 -16 164 -136 -201 -199 185 211 123 26 -95 -33 232 55 44 139 -49 -44 -31 -154 -187 155 215 -75 3 -77 96 -164 -191 50 -143 -6 70 -227 247 177 -87 -51 88 9 -26 -134 -232 -127 -13 47 19 182 67 28 64 209 22 -223 161 43 138 -245 56 -45 221 -174 210 154 -140 -152 -219 80 187 234 39 -93 -42 135 -85 -38 34 -73 10 4 -244 46 97 -1 -61 -9 -176 71 -135 -76 -125 195 109 149 -18 79 -40 74 -167 -180 -74 -146 48 20 168 231 -159 -58 -122 -108 30 180 189 132 -192 15 -149 -23 -34 136 -248 114 133 -131 224 -56 201 127 174 146 134 -41 -82 -185 -100 -128 102 -14 159 -170 206 53 -213 -241 249 -216 167 -208 -5 178 -10 11 228 98 -111 58 -72 220 -231 196 217 -20 -117 -171 202 33 5 0 -46 222 -196 -94 237 -198 -119 -67 61 171 -235 -225 175 -168 -247 242 -240 23 1 235 -71 -205 -138 -55 45 160 13 192 38 -89 -48 -148 -36 37 -112 -214 -237 -165 -250 51 29 162 32 218 184 -66 -246 14 -177 62 99 -115 -113 -211 -90 -236 -124 106 -155 115 -238 246 197 -249 111 35 -39 236 8 76 -118 -7 -25 -203 243 -162 -204 42 -12 -209 227 191 -3 -121 -8 -182 142 86 -169 31 -126 214 152 119 17 -101 25 203 104 -215 150 230 233 2 -188 -150 173 207 223 157 -78 153 -70 18 -32 92 52 -28 -63 -234 6 -181 225 85 170 -139 124 -233 84 -62 144 100 183 204 176 95 -96 158 -27 128 -242 -64 141 244 -186 -166 -80 137 -11 198 188 -123 248 179 90 -193 27 89 -226 -17 -218 -53 105 87 49 148 -221 -91 147 165 -104 -145 112 -35 -161 -47 -178 -103 -158 
TEST 35 ARG:246 -7 -150 54 77 -122 16 219 159 121 176 69 -124 8 -200 172 -140 227 168 210 207 171 -182 -184 25 7 41 89 -68 -73 -64 -241 243 -106 68 -8 66 -235 -104 234 -55 38 -126 -62 75 -180 204 -10 51 -66 153 -224 -35 -74 -160 118 -152 -190 149 221 -201 -136 134 104 -12 -20 -209 -41 -22 62 156 -133 137 183 144 42 -156 178 67 211 14 -101 -144 244 110 -47 115 -134 161 47 -26 212 -11 129 -54 112 -231 -219 94 98 21 242 85 -2 60 -109 -221 90 -25 -53 4 -249 -158 200 46 29 -157 48 185 -199 142 -127 187 56 70 124 -96 63 -250 76 126 206 136 -48 215 -13 -116 -108 93 175 -76 -70 20 12 84 117 -28 -39 -123 222 143 102 -81 -185 -165 -207 229 -82 -23 57 -159 213 -78 88 -149 -214 -117 19 248 113 -148 -196 223 -223 -43 169 92 128 109 -248 -19 49 74 -42 -24 -228 -222 230 -21 -128 -195 -40 116 -240 -52 -15 203 198 -79 -220 55 -237 101 239 151 -245 -151 -120 35 -243 -1 0 127 5 -75 -176 -84 -50 145 -227 -46 -98 -51 11 10 197 -153 225 83 72 -166 138 27 249 107 -44 240 -147 73 135 40 87 -119 216 199 -225 -111 131 -167 -234 -230 95 50 -71 -3 194 -210 -58 -242 208 214 -161 122 -168 -175 31 71 205 86 -215 -112 220 -189 -91 97 -138 82 -61 160 65 -146 106 -67 228 24 174 231 -63 -121 -177 -193 -69 -244 -204 -212 235 99 -6 -155 193 -30 139 -86 -97 -162 125 236 1 -38 91 -90 -32 -77 141 100 245 232 -100 53 -102 -217 -173 -236 -57 -18 -92 -179 -130 -202 -170 -31 -216 30 13 -191 79 238 -145 177 -95 33 247 196 78 -49 -238 154 -88 158 15 -16 217 226 237 -103 61 -110 -37 114 18 165 130 -85 190 201 -197 43 -135 -45 164 -80 170 -141 3 96 233 -115 140 180 -232 -131 -59 -218 17 -203 -9 -125 -247 148 181 -99 -181 -194 -5 -206 -154 157 -33 -246 28 241 37 -87 -213 9 166 -187 152 -211 -198 80 120 34 -139 -174 -34 209 -192 146 -17 105 -36 -163 -93 162 -132 36 123 -118 111 218 -164 -142 103 179 167 -172 150 163 -183 59 -83 -114 -105 -129 133 -65 81 23 -186 -233 -89 186 -208 191 -188 26 132 192 189 44 -171 -94 147 -205 58 -143 -226 -27 6 39 155 -4 188 32 -137 -14 -29 22 -72 -60 182 -178 -169 195 108 173 2 202 -239 119 -56 45 224 -229 184 64 -107 52 -113 
TEST 36 ARG:122 119 -110 53 242 138 -198 -28 -172 209 -204 -118 28 143 -132 -105 -63 33 194 -33 210 -148 11 -91 -41 90 -192 -171 109 -114 83 229 43 10 188 -72 -11 76 -69 31 -30 -196 215 106 136 94 75 -155 154 -181 -44 -223 -116 -179 -184 -100 181 7 152 23 16 -58 -87 141 63 99 156 -38 -51 195 135 171 118 -239 -115 46 -182 148 201 -117 238 -98 101 -185 82 93 -164 -31 -246 -173 231 -250 54 2 -119 243 -96 185 204 -213 221 -22 -18 172 -60 -168 -146 196 -113 89 13 224 114 123 55 228 -4 -201 12 169 -83 -104 88 -199 150 -175 110 -76 -46 98 -174 -55 64 134 -102 -24 -170 -145 61 113 -200 -47 241 149 -237 222 142 -66 -203 -36 70 38 -75 133 -95 157 177 -194 -238 153 -40 95 62 77 -16 -29 -79 125 235 111 -188 56 -147 -244 -248 -129 -206 -191 -230 -133 85 -193 -3 35 74 -48 48 -23 193 234 -247 8 117 45 223 -169 -135 226 246 208 163 -176 129 -37 4 -127 168 214 41 72 -187 -97 0 189 -65 155 71 -131 -149 -85 186 -240 -82 25 225 -161 -17 -93 182 5 -27 -107 -232 -165 124 -81 78 207 -144 244 248 178 -231 -221 190 -245 219 -121 174 -106 -189 -54 102 203 -214 116 -77 22 29 180 26 191 -226 14 175 211 -241 34 165 97 -45 80 -92 -242 108 205 -62 160 130 -53 173 166 132 240 245 -21 -190 -178 73 -125 49 -80 -109 57 -235 -141 212 58 -43 92 -73 21 27 -220 217 158 -142 -19 81 -205 -86 103 120 -84 -101 -88 -153 -68 249 -137 104 -229 17 -5 162 -12 -70 151 24 -208 1 65 -26 -130 52 198 -212 -207 9 183 68 115 -158 36 -15 -195 -233 126 87 -160 3 -140 -243 239 137 184 192 -59 -224 -49 -219 -249 139 -122 233 67 -42 202 -13 121 146 -57 39 30 -151 -1 20 213 -126 -162 -180 -123 220 -108 -138 200 -186 -134 18 -32 147 -136 -89 -61 -94 -139 -78 -150 232 128 42 179 112 32 79 206 -222 -143 -56 50 237 -10 -120 51 -90 159 -20 47 145 167 -217 100 170 199 -225 -236 105 -156 -124 6 230 59 164 66 -167 -177 -216 -152 86 19 127 37 218 -209 -8 236 69 -183 -25 -35 -103 -34 -128 -218 144 -50 -215 -39 161 -7 216 60 197 -71 84 -157 -52 -111 187 -154 247 107 -234 -202 140 40 -227 91 -64 -2 -6 -14 -163 44 -166 -9 -211 227 96 -210 176 -67 131 -228 -197 -112 -99 -74 15 -159 
TEST 37 ARG:-88 4 -192 -141 213 -133 0 -36 -84 92 2 189 249 240 56 218 -237 -57 -45 -166 -151 -153 176 85 87 9 -119 105 127 -18 36 204 60 70 -199 -159 57 159 -8 8 -82 234 97 201 156 6 -235 121 51 -39 -7 71 -4 47 -26 -198 91 58 76 -205 -6 -11 24 224 21 -125 -103 -120 79 67 198 -225 -60 -12 66 -114 1 241 -144 -240 175 -74 209 -86 -124 168 -51 -147 -33 154 172 -10 -164 -53 -229 -68 63 -32 185 25 -146 -209 -107 116 -3 29 -43 -165 -116 110 12 98 45 -27 -13 11 225 152 -20 13 -228 -16 48 237 -244 -250 210 -189 136 -73 -122 -94 179 37 5 -104 -25 -180 -23 -75 -67 137 -185 -217 -193 -89 183 134 199 141 -138 -183 90 -66 -188 138 -236 55 -19 -126 173 77 -238 30 186 -15 231 73 -143 -2 -28 -129 -109 -77 -156 -195 89 -59 214 202 -194 -108 -148 46 96 208 -152 83 146 16 -220 243 -83 133 -212 61 196 245 230 -158 144 163 10 -37 32 80 180 -241 -24 162 -140 -85 35 118 -134 -34 -150 -47 -174 -62 -177 -145 99 -208 165 -91 238 50 -121 212 31 -226 -64 -169 -29 -154 142 -56 -90 120 43 171 -49 203 -196 181 -187 22 34 53 200 239 128 235 74 27 248 221 84 -14 38 112 219 17 39 169 -160 104 81 244 -178 130 -233 -247 -112 192 -182 119 -202 -35 147 232 -239 143 33 190 -113 -155 65 -17 164 95 100 72 -31 223 184 -232 14 -106 -218 -173 -207 -81 82 -175 -204 247 -245 123 -42 26 -123 -50 145 -168 217 -69 129 49 166 -1 148 115 229 131 220 -221 -46 -127 -137 -214 -142 246 -211 3 -70 -231 227 -130 108 -115 -190 68 -30 102 -111 75 93 44 -139 -79 -163 -87 -128 -219 107 -101 101 59 226 -55 -224 -9 -136 -186 216 23 215 64 -54 -118 114 7 -157 124 149 15 125 106 -213 109 -95 -58 139 167 117 193 222 228 -65 -246 18 -149 233 194 -201 -162 -197 236 -21 140 -176 157 -76 103 -78 -48 206 -135 -93 178 19 69 42 94 242 -71 135 205 188 177 -80 -167 153 78 -92 -96 150 158 111 155 41 197 -170 -206 191 160 182 -40 -223 -61 -41 62 54 -171 -230 -227 40 -100 -215 -131 207 -161 -98 113 -5 -200 126 20 52 -249 -248 211 170 -191 -22 -117 -72 -234 -38 -179 -172 -52 -44 28 -243 174 122 -110 -132 -184 151 -97 -203 161 -242 -181 -99 -222 -63 88 -105 132 -210 -216 -102 195 187 86 
TEST 38 ARG:-58 -233 -201 -214 -234 -231 152 -232 -140 -245 -85 -154 66 -105 232 -212 153 169 131 -109 -198 229 -101 52 -117 127 -207 133 -4 240 42 -194 198 -195 -114 98 -121 -49 26 -187 -186 -249 -138 -159 219 -137 -206 -142 35 13 -6 247 -76 216 -77 32 22 -248 171 204 130 -196 -98 192 49 -166 -188 -238 58 -170 90 156 123 122 164 162 -42 61 68 -24 -221 -1 -56 167 -59 -124 -57 -29 92 -86 -219 76 -136 60 -34 75 -210 220 211 230 107 -157 189 -135 -91 148 -120 8 -61 143 215 145 112 -71 196 -145 200 132 -215 -16 23 67 212 -205 -158 183 -50 85 -39 -64 -99 -178 114 -216 236 -97 93 -203 -222 17 -43 199 -162 -8 28 30 177 -60 -103 -81 218 -171 -9 -139 3 86 146 44 -92 81 -75 214 -52 -96 208 -123 -200 51 27 221 40 -177 141 -191 231 -115 128 -62 -33 7 185 -165 -168 119 144 -209 33 -38 19 -132 20 142 -35 -167 197 165 161 246 -112 160 147 -44 -47 -40 -133 -111 113 9 -175 -72 12 -55 -30 0 -36 -69 -153 -17 -37 -65 -144 139 -53 87 38 -226 16 209 -21 154 201 182 222 11 -242 88 -19 -20 237 -15 21 -119 -217 111 50 -173 -192 116 129 170 175 106 194 -180 -46 225 234 -93 -18 -14 -243 -130 -150 -220 -27 -2 34 -218 -67 -95 -204 207 -143 36 55 41 134 -102 -113 -208 235 103 -26 -148 135 -199 137 -32 -13 83 193 -87 -48 -230 63 -146 -80 -176 69 39 -127 -155 -83 -185 -3 48 24 -104 173 102 228 94 18 95 241 109 136 125 70 -41 -247 238 -224 -169 166 -141 -228 190 78 14 138 72 -190 46 -51 99 195 205 118 -189 -229 -134 243 -149 176 -197 5 202 10 249 -11 -90 -88 -211 181 -10 -78 -183 -94 -122 213 -152 -68 -179 140 104 174 74 71 -79 -63 -184 121 -7 -174 -161 117 82 73 25 105 149 29 -163 155 244 108 6 159 203 180 163 126 110 -131 191 233 188 -237 115 65 -100 80 187 -213 101 -25 239 -202 -239 -22 2 158 124 -125 -5 -172 -129 47 -164 -118 62 -246 245 -89 -151 54 15 -236 -126 -181 -225 -128 -235 -12 -193 57 -54 89 217 64 -116 -66 91 -244 43 227 -106 37 -160 179 172 56 210 1 77 -28 45 -241 -156 -31 -250 184 84 168 223 -23 97 206 120 151 248 157 -45 224 -82 -240 -147 96 -110 186 -108 -107 53 -70 150 178 -223 226 -84 59 79 -73 242 31 -74 -182 4 100 -227 
TEST 39 ARG:-173 111 -157 -34 -163 -97 240 -128 232 -123 179 110 198 108 -160 17 203 -87 76 -244 0 13 248 150 184 169 158 -188 41 140 190 -33 83 -55 37 94 72 117 -200 173 -16 -246 109 -239 223 68 -74 -161 -31 138 -45 19 -50 -167 -142 -250 84 77 89 244 -73 -243 120 -177 -113 78 136 -64 -7 88 -61 -36 53 -225 -44 -59 -23 245 -232 180 -129 218 70 171 -5 177 -43 -90 112 55 -58 -105 178 63 -145 -226 -53 102 -117 118 -131 -196 90 -21 243 44 -217 -192 -72 236 85 -13 -22 195 -150 -17 -65 79 -218 -179 247 -71 -134 -2 192 -79 38 -247 -86 -235 26 204 -241 186 87 -213 -153 52 -215 -54 86 146 -169 239 164 -185 187 152 45 80 -139 210 -4 -154 -118 -80 174 193 -208 96 -205 -37 -103 116 130 -82 -149 170 -38 196 -85 -10 66 -186 35 -94 -20 185 201 23 159 -96 47 -174 -108 242 -124 -112 167 -126 -202 92 181 238 231 91 -141 166 -224 -216 151 -110 -114 14 -47 -194 32 -132 123 -92 234 -199 165 215 59 212 -52 29 -135 211 122 145 93 209 168 -63 -26 -89 134 61 4 -210 -165 197 160 99 15 24 57 104 -175 -6 156 -193 -125 -83 224 -201 -91 208 153 -41 2 40 225 -76 -214 -69 -78 155 -29 135 43 217 163 -27 162 -9 -19 189 51 -248 219 139 144 199 -245 -228 -102 105 31 -25 81 -209 -170 235 -181 -240 216 237 157 -116 246 -207 -151 33 -219 30 -75 147 67 9 -93 -159 -119 -14 -221 131 -155 -84 -172 -62 64 207 191 101 22 115 -122 200 48 -203 -66 74 -233 -57 11 -109 71 -211 -168 100 227 128 -138 -195 222 82 142 62 228 -144 50 -111 10 114 214 -182 -121 -206 -35 121 -146 12 -77 182 132 -171 -81 -49 -11 213 126 18 -204 -120 -18 -106 -223 -136 8 127 -230 -60 -3 -191 -197 148 -107 -227 106 5 226 -99 -152 -95 175 -236 27 188 73 -42 60 -242 129 -88 -12 56 20 -164 103 141 -183 34 -127 -176 36 133 -1 205 125 172 -115 46 -222 21 -198 -133 1 113 -56 -180 39 -238 97 -51 -158 -184 -100 -189 161 143 -48 176 149 233 220 -190 49 -15 -130 183 54 -46 119 194 -147 -98 98 249 -28 230 -249 229 69 -140 -68 65 -166 -104 58 -39 154 -70 -24 -178 -137 221 -40 25 -237 206 -234 95 137 -231 42 -32 241 124 -220 -143 -156 -8 -212 6 -101 7 75 -30 3 -229 16 -187 28 107 -148 202 -67 -162 
TEST 40 ARG:163 -61 160 127 -39 -149 237 -73 180 -179 -106 167 190 -228 211 181 -85 -86 -174 -216 45 235 -249 10 -183 67 -211 -233 171 -235 -243 -240 147 -12 -23 -244 -215 -38 219 -128 -112 206 -204 197 240 94 65 122 -202 72 -5 -167 148 -63 -20 -81 -55 -170 175 226 47 -25 200 -83 170 91 -200 -197 -208 133 -64 247 -92 -21 -220 -59 -129 162 -147 -51 -118 -22 100 -154 231 -45 -169 -75 38 36 -54 -82 113 1 52 43 -94 115 -74 118 246 -155 192 60 208 -178 111 -182 -150 -31 55 -98 134 152 -84 195 -227 87 -164 -221 -27 -119 164 -35 -79 159 -195 -196 155 -213 120 -177 221 -2 -36 -77 80 -113 216 161 210 23 202 -206 -173 -15 -219 136 -133 205 82 -203 135 44 228 185 236 15 -158 184 -95 -50 -138 -65 -99 -234 179 -100 63 145 3 22 203 -163 -232 -237 -56 30 0 149 -19 -108 -66 233 102 31 -71 75 -42 -78 -8 173 239 188 -114 114 -188 230 20 182 -194 249 -181 -9 245 -58 123 -185 -97 -151 214 71 34 -146 73 222 108 25 -168 -6 53 -184 227 177 -143 27 98 12 51 110 -144 16 142 -190 224 131 169 48 194 105 -89 40 -122 -242 -218 -115 58 -101 -160 -34 -33 -156 -229 -103 -238 -130 69 -72 41 -37 248 141 143 96 95 56 193 -30 137 79 54 14 -41 150 -24 57 -209 243 -225 119 220 4 -40 242 157 6 86 229 -186 49 -162 -13 -127 -67 66 -32 215 17 -231 -198 -199 139 -91 -135 183 92 -53 -107 138 -223 204 -28 76 -49 -192 209 191 146 -212 129 -88 -140 -68 33 -222 -246 -120 -142 -47 -210 68 -110 187 -62 -165 -193 -250 207 -153 -148 -117 125 -152 -57 -236 11 -16 78 -124 7 88 -187 -46 223 84 64 234 153 -87 59 -131 104 165 -132 218 24 -205 -76 -217 212 -239 -175 225 117 -137 -136 116 70 -207 -102 156 -52 89 -201 -80 -141 -48 -121 172 -191 -7 -248 166 77 -189 -245 9 178 18 -93 -116 -29 198 176 -26 -157 -69 42 174 241 -43 158 154 -161 -1 -159 132 106 -166 112 140 50 99 -180 46 -4 -11 93 107 -90 83 -176 217 -126 90 -70 -123 -134 189 28 81 101 126 -230 37 61 186 124 29 196 109 -44 201 2 -111 -247 -109 151 238 32 232 21 35 -96 -10 -171 -241 -14 97 39 8 19 103 26 -145 130 121 -224 144 85 -18 -60 -104 168 62 244 -139 -17 -172 13 -214 5 -226 -105 128 -3 199 74 -125 213 
TEST 41 ARG:182 164 -223 86 148 -63 228 122 -10 -88 -118 167 46 30 60 -136 58 241 -72 22 70 -52 -113 -128 -172 -94 102 -148 127 -26 -107 219 -38 71 42 67 32 -182 235 -28 227 -40 37 -126 -129 247 -192 -98 -18 -171 -20 23 -8 -218 12 94 -33 -79 183 194 203 168 83 -147 -64 -124 -7 9 -170 100 -165 -184 192 105 128 -215 -247 -23 -206 -42 233 229 201 10 13 -49 109 -97 -222 -180 -100 -73 -27 0 -152 104 -119 184 -244 113 -70 15 166 -142 -117 -106 -236 120 -174 -211 126 118 -169 -81 27 -71 226 -220 -85 181 150 -156 -158 95 -138 -175 -241 -238 74 214 -5 -179 -1 65 19 108 -213 101 -239 89 -205 -104 209 -29 90 34 237 81 -160 -14 -125 -235 205 35 45 170 -13 213 188 -191 146 72 123 14 195 217 149 143 156 -230 -225 243 -3 139 -108 223 124 26 -86 -56 163 -217 48 -242 -178 200 179 78 154 -74 -229 56 -143 161 -200 -48 68 197 -58 -166 49 177 -2 -248 246 -122 186 -16 -207 236 -112 -159 43 -214 116 -193 -80 245 193 -53 62 -31 136 -212 159 57 212 -197 21 173 196 -233 16 54 -9 240 -12 -199 -139 -228 207 157 -4 63 -51 -173 106 -43 119 -30 99 208 199 -168 2 114 -203 234 -101 64 -67 -177 5 -89 77 169 96 -195 44 1 185 238 3 -44 -131 -249 178 66 -154 39 142 -134 155 162 218 204 -25 230 -231 -82 -187 145 -87 -141 231 216 -167 -189 -246 61 -21 125 175 -91 -201 40 -17 -39 -204 -102 38 -6 -145 33 151 80 141 -250 176 -240 210 11 -234 -99 -15 -157 -22 -219 144 -185 221 -50 -243 -90 130 -45 -32 -77 -186 4 111 -96 -196 153 -41 147 -120 -65 -111 -130 -121 -103 55 191 -54 -46 222 98 75 -110 103 206 -114 25 6 211 121 -227 20 -36 -194 190 -181 -115 -127 232 115 -188 84 92 85 31 28 -140 249 97 239 -161 -69 134 -237 53 132 -176 73 47 76 -11 -209 -216 -59 -95 171 -83 -162 172 -34 -105 -135 -78 187 93 -190 41 -150 -210 -224 160 -62 -144 -116 244 -133 -24 225 36 -208 -61 138 -47 -109 165 52 117 -84 69 189 135 -245 -163 137 -198 -226 -164 51 202 140 152 224 220 7 180 198 242 -151 82 131 -60 -93 -232 -155 -55 17 -68 -19 110 87 -123 112 -66 133 29 -202 59 -132 24 -146 50 158 -57 -37 -75 8 107 -149 -153 -221 174 -183 18 -35 129 248 91 79 -92 215 88 -137 -76 
TEST 42 ARG:104 164 -205 -208 219 195 142 -213 41 188 -50 151 170 38 152 187 124 -150 127 -215 105 241 192 -175 222 -170 -68 -64 -57 60 -240 98 3 214 -223 -127 199 126 -30 -103 -139 201 27 -71 101 -95 -218 242 30 -85 181 33 -212 -56 172 -5 212 174 66 180 -113 208 249 -6 -163 205 -83 -125 20 171 229 70 161 173 43 191 92 -111 -206 -238 163 -188 -53 54 108 -27 122 -198 115 -79 -176 -149 -193 217 178 -201 -130 -116 223 -168 119 -203 -60 -24 -167 144 -97 -199 31 -114 -126 -160 197 -59 138 -36 176 -216 32 -14 184 -158 18 89 -159 157 -87 -115 156 139 149 -11 0 44 -96 -44 11 -128 -156 81 -43 86 -133 -187 -131 -219 -10 109 -189 -248 97 37 75 -76 36 47 -172 -169 96 63 -94 -45 150 -229 5 40 238 -123 -81 65 72 -197 -55 -147 -12 -58 -35 160 64 10 186 216 140 -135 51 57 -174 194 -194 141 -16 168 -136 83 35 113 -119 -8 203 -67 61 -207 -155 -245 -23 -104 88 -37 -195 -54 154 -221 -39 -109 207 169 221 -82 13 135 -108 -152 8 206 133 -180 114 236 59 -88 -122 -249 -214 -157 190 -1 39 167 -3 -89 -77 165 196 107 239 -99 -105 246 111 -19 193 52 -236 131 17 -192 -142 218 91 102 -18 225 202 245 67 -25 153 80 248 -101 183 224 134 90 45 244 -247 200 -171 -4 215 62 -186 22 -237 117 -32 132 148 -29 77 -84 69 189 56 -184 73 -21 -181 2 48 -107 -226 -31 -121 235 185 1 230 95 94 136 -241 55 -204 -28 120 6 -185 -62 213 26 -217 34 -148 -178 -153 155 25 28 15 -179 -146 71 103 -47 -15 143 129 -166 -65 -137 118 -173 -22 177 -177 24 162 29 -232 198 -134 19 -100 85 175 -63 227 -182 -80 116 -86 14 128 -235 -110 58 -26 68 231 -211 -220 -61 -49 -141 -106 228 -124 -2 -161 -164 -231 -165 -210 146 234 -244 -154 -72 237 232 -117 159 99 -69 -145 -138 -13 49 -42 -73 12 -132 -52 204 -129 -40 46 -34 -98 -78 50 79 -224 -20 -92 74 -91 7 -38 93 -209 -183 -246 -70 -222 -93 106 -74 100 147 -9 -230 -118 240 110 -191 42 -102 -239 84 -225 78 -120 -33 210 -234 -228 -144 226 -143 -227 243 166 209 -202 -243 -41 9 182 87 123 -233 -250 -151 -7 76 -46 -90 179 -66 112 220 -196 -140 -17 82 4 130 23 -112 16 158 -51 247 -75 233 -162 121 145 137 -48 125 -200 21 -190 211 -242 53 
TEST 43 ARG:183 -245 177 -187 -140 -144 18 -238 10 134 -100 55 161 -80 -177 108 53 -237 7 -193 172 247 -69 131 -10 -31 -212 -103 235 -48 144 204 190 -97 229 181 189 68 -13 121 -82 -118 207 126 76 135 243 248 -102 -186 -249 -215 -225 33 -95 73 -155 63 -242 91 -204 -154 -191 -36 -9 -114 89 -37 151 -158 88 9 -84 -208 -5 -189 46 45 -142 -78 -176 72 113 -19 -169 -61 -149 -141 -123 -133 2 -62 -92 58 -162 -216 162 0 -219 -137 26 -168 220 176 -233 -47 -217 54 -224 41 159 170 84 138 208 246 -2 130 4 132 -227 -244 123 115 166 -120 142 -250 173 -56 69 238 -128 206 -209 -236 -223 13 200 -175 -108 -73 -17 62 -79 -71 219 184 -21 -166 -199 -40 118 -165 -26 92 -198 49 43 -188 -74 15 -30 -94 -39 -119 -1 -195 -147 223 16 83 231 232 -182 -81 103 -243 -116 -203 -241 213 29 155 -16 94 3 164 -38 240 -151 201 145 -170 185 27 146 -15 -54 -99 218 -129 -210 78 61 -213 -167 -246 -160 149 -222 124 6 239 80 -67 153 -49 28 -202 70 -157 51 -125 194 165 -117 196 140 30 100 -156 66 90 -75 179 233 59 114 -35 -247 -55 -131 -197 57 160 -14 -153 202 -130 77 -3 -132 228 -221 -112 -68 227 67 212 -106 79 -174 40 128 82 117 111 -205 -159 24 -136 116 -240 174 -171 -32 -206 -33 -18 214 95 205 171 136 -178 -64 -24 -148 -72 -211 -29 -46 -115 -58 -192 215 -105 -85 -34 187 129 234 191 86 87 85 -190 -226 -42 -87 222 5 -127 -89 150 39 158 110 -230 167 -53 -135 -161 209 -59 109 178 197 99 21 101 -22 56 -248 50 -70 230 236 -180 47 210 -83 -77 237 -139 -194 60 -93 -63 34 -109 -110 137 169 -232 -11 23 147 217 188 19 -4 226 -126 -20 93 -228 -52 -76 17 -235 -107 -179 75 52 -8 -138 -220 25 -185 -91 203 8 -101 -124 168 -27 154 120 -104 175 225 119 14 -43 42 242 -234 -207 -121 198 244 141 -122 -181 -44 -152 -111 211 -239 186 -90 104 -183 133 44 -229 -23 -184 -57 216 245 199 -196 -60 -12 195 31 -134 -45 -214 221 241 -143 36 -201 143 -145 106 180 -163 -51 96 105 -200 -150 97 48 107 1 122 65 37 -113 -7 224 -164 -66 32 112 148 -172 -98 -146 11 249 -41 163 156 -218 -96 157 64 192 102 -88 -65 71 -173 22 125 -50 139 12 -25 -231 98 35 81 182 -6 127 38 -28 74 20 193 -86 152 
TEST 44 ARG:-80 145 -203 95 5 -47 110 226 -182 -95 248 118 38 -138 -168 -210 -79 -23 -103 128 -158 -228 47 244 -160 -15 -60 -207 54 59 -65 -104 -179 -51 180 -142 -211 -102 165 62 25 219 129 37 61 -190 -213 -41 -76 -12 -26 -225 2 -230 179 -113 -50 -133 -163 -206 -217 -187 -34 50 75 107 200 112 187 -37 57 199 56 178 -6 247 -184 106 -45 186 -151 224 -25 234 149 -164 -38 -35 -188 -193 -250 -239 -166 -98 -68 196 -236 -241 -24 197 -64 64 10 -130 -111 -100 -245 -248 177 -146 216 -114 -8 222 -183 -27 21 168 221 -170 150 -123 -128 220 183 -173 -180 35 172 -92 -221 -167 17 53 -43 133 -154 8 246 121 -73 -227 164 -191 -152 -223 142 -13 -195 -212 -78 217 73 -194 -136 163 -58 -202 -218 42 -181 -124 -107 -62 -115 153 -240 32 96 182 -54 213 205 -233 -4 -200 41 -159 91 147 -81 215 -157 135 -88 -61 -22 -147 130 -33 167 -244 84 116 -156 -63 -1 -172 -141 -97 156 -235 65 -126 -19 233 -85 159 194 115 173 -174 24 -82 -247 52 170 12 55 104 114 34 22 1 227 86 134 160 -117 232 -40 -204 -232 72 202 228 140 78 -143 -169 -205 -122 -39 -67 67 -21 131 -90 209 31 -246 136 132 -197 204 39 249 -145 70 28 -229 63 74 -208 -178 -57 79 -165 -153 198 -52 87 -112 -101 13 155 175 101 223 146 -66 -186 237 7 240 76 -198 119 -220 27 77 243 -119 171 -96 161 176 239 -216 80 3 66 -234 -31 152 -99 -74 -2 -201 -149 58 109 192 -105 225 -9 -69 138 -249 229 191 -176 245 51 -5 122 -28 97 -91 -42 23 49 113 44 211 188 230 120 -14 154 181 -72 83 212 -48 6 231 193 88 -110 -131 -215 -84 -150 162 158 -237 206 16 185 124 98 103 92 -132 -189 -116 -3 -44 117 235 -87 214 71 126 -224 102 148 -17 -49 36 -46 -120 137 -109 218 -134 -121 -155 195 -144 81 19 -222 -108 -106 26 85 15 -196 210 -242 99 190 141 -7 -127 125 -192 -89 -219 43 29 -135 -129 -83 -18 -226 -199 203 40 45 69 -86 20 -125 208 105 -10 -238 -209 -214 143 -94 189 4 201 -36 166 14 111 242 207 -93 -77 -148 236 46 -140 -20 18 90 0 93 151 -70 174 -56 -71 68 241 169 184 -30 11 60 -231 -185 108 -29 123 -16 89 -53 157 127 -243 -137 -161 -75 -162 -139 94 100 144 -11 238 -59 33 -118 139 -177 9 -32 -175 30 82 -171 -55 48 
TEST 45 ARG:-141 -244 163 -26 81 -186 224 -102 -11 -125 -58 130 -32 125 56 114 74 -48 242 220 126 -24 -19 -71 26 -200 78 -175 39 -209 -146 166 67 27 -112 59 -96 174 -198 -114 -122 154 -140 90 -129 54 33 -103 188 120 228 17 -151 24 -97 -214 -53 -155 -218 -160 172 108 -206 -159 -150 142 234 119 203 148 133 -94 245 169 43 65 -118 -181 -66 249 93 3 64 91 -205 -64 -41 15 -4 -67 -137 -54 -136 -238 -121 21 -23 124 244 211 -93 121 51 58 32 -21 -145 -213 -91 -192 150 -117 -245 71 178 155 213 -22 221 248 -232 -85 158 88 205 -47 -13 139 186 45 -239 -95 -9 -172 193 200 128 34 -180 -191 -39 -60 96 246 37 -138 -81 173 -241 -230 214 -72 -154 92 216 44 -120 184 115 99 198 -190 75 -174 167 241 -148 140 -29 -18 7 84 -158 192 135 118 233 196 -1 22 231 98 -207 -183 -226 217 82 -89 -20 -194 -25 52 -78 -62 162 -74 -107 80 -193 -162 146 60 -109 -42 6 151 -87 -16 -124 156 -249 189 -243 -43 69 117 16 -84 5 187 -8 20 97 229 -147 -182 41 110 18 79 159 -104 -5 -82 111 -188 -204 -88 -76 175 -169 -57 -15 -133 143 -234 48 -111 -171 -99 127 194 113 131 -203 230 -28 -212 14 -163 -165 -77 -46 23 177 212 -201 112 -98 76 -240 153 -242 -177 132 -132 -142 95 -152 -156 -75 -197 -52 160 -235 -153 62 11 -79 180 -119 -222 -33 -227 -134 147 -229 -116 134 102 -45 8 179 -44 207 63 145 -184 -247 -224 -123 157 -166 -185 -106 -55 -17 -139 138 72 106 -246 -195 -170 218 77 -80 47 30 227 -59 199 50 -113 49 176 202 -149 107 -210 4 149 -208 -179 -178 232 -211 -2 -164 -228 -231 -221 -10 164 -73 -3 -233 129 13 -176 -30 209 -135 247 195 104 171 19 141 -248 87 -131 68 123 -34 -36 61 -189 100 -68 -144 237 181 -110 -157 185 2 240 183 -6 -14 -83 -31 208 197 -199 210 -250 243 168 -215 -56 -86 42 206 -128 -63 -127 -50 105 222 -216 -237 55 -167 -69 -161 53 116 144 238 29 182 -65 -38 57 40 215 -27 -40 -173 -108 161 35 -7 -101 66 85 25 137 10 -225 -236 191 -130 109 94 239 236 165 -143 -219 -49 12 235 190 9 -220 101 152 -187 70 83 201 -100 170 -37 46 -217 31 -61 -92 73 225 226 28 36 -35 -90 -115 136 219 38 204 -105 -223 86 -202 103 -70 -196 -12 -126 122 1 0 223 -51 89 -168 
TEST 46 ARG:-195 -180 -150 -140 123 177 -78 162 -216 -3 156 125 127 62 194 23 200 -248 145 64 148 -84 -22 92 238 126 38 31 -168 -214 -50 239 110 176 -11 -146 -181 13 -8 67 -162 183 -14 118 -29 -63 -68 20 -26 -15 59 -234 19 195 -154 178 40 -199 115 -35 -100 -174 -5 196 -25 46 236 154 159 32 -128 81 -55 -62 21 -196 -166 -88 37 -176 -127 2 -204 -230 -141 -44 89 -173 -203 -51 -211 -4 14 -186 243 201 49 179 -139 -191 -226 137 70 -232 -169 -82 -124 124 -24 -60 -235 244 -177 105 -102 158 -117 -87 -247 181 -53 -33 -18 121 -56 -2 -93 -90 -229 -20 -101 -31 54 65 88 -52 -77 95 0 -149 -79 218 249 -12 56 86 209 -148 151 -143 113 -225 -122 -220 -187 -39 221 182 -119 -30 140 47 43 71 -58 -198 1 -242 222 217 -164 102 184 136 18 51 106 -206 163 -43 245 -72 117 3 232 8 41 -172 -215 164 135 -94 210 -152 36 -197 -10 -121 -175 27 205 -103 -118 12 97 5 -156 246 -165 108 234 161 -159 94 197 -9 -123 -223 225 107 -142 -158 -110 -237 68 -61 214 -245 82 198 144 -135 -178 -208 48 -182 -202 75 -106 206 -241 -240 -21 -250 -91 193 -27 -66 -46 131 -19 152 132 -17 -81 -69 -92 -157 9 -116 -184 169 -155 45 7 237 -179 -221 141 -32 -73 203 134 242 112 16 -137 -105 -126 220 190 -89 -217 63 247 -205 -71 -171 -233 139 44 -54 215 -67 25 60 -213 173 142 96 98 24 204 143 -188 -244 175 -47 207 17 111 208 248 -194 191 -38 226 -192 211 241 69 93 52 224 35 -114 199 104 85 -95 -246 189 -98 101 -109 -74 240 -76 171 120 90 -134 -120 -37 231 -145 79 103 -85 58 -130 166 -104 -227 30 -243 28 -65 -132 -111 -133 -201 -210 180 227 -193 84 4 -170 -249 55 -219 -70 -16 11 73 -185 128 147 -64 -59 155 -163 87 -34 -48 -13 170 -83 114 34 91 -190 149 167 153 230 -99 -7 188 174 -136 53 133 42 228 -238 74 186 -228 99 116 -1 -189 235 -42 -200 -23 66 -6 212 130 -129 -113 165 185 -239 168 15 10 122 80 109 -212 -107 -183 -49 -222 -86 77 146 50 119 216 187 33 26 229 83 -28 -218 -125 -97 157 39 213 61 233 -151 -75 -108 172 -41 -231 -160 160 -138 -96 192 -209 -147 202 -144 223 -115 -161 -45 -80 -224 -40 -57 57 76 29 129 -112 -153 -131 138 -207 -236 100 22 -167 78 72 150 6 219 -36 
TEST 47 ARG:-4 -48 -155 -108 82 -16 83 -205 -176 247 199 -175 84 32 -71 133 -188 -29 -69 -247 -42 37 197 193 239 246 238 69 -202 -73 144 227 -144 -27 -185 -70 -241 -68 215 -32 -3 -164 119 -242 -158 -134 -102 156 40 -193 29 34 185 9 -98 210 141 158 -232 74 18 -177 -46 -200 -36 -169 -135 -239 -154 188 -245 51 216 11 20 -96 -41 31 206 -63 207 60 28 112 23 -248 -38 159 240 187 -189 -88 19 30 42 139 152 164 -59 -25 -150 72 -217 183 209 -10 -196 -149 17 118 -91 -229 219 157 56 -31 124 16 -127 -210 163 110 150 198 41 -62 -138 -22 147 130 -9 -142 86 -66 75 200 107 135 98 105 218 54 -87 25 -131 -178 -90 -14 -218 -183 -45 -170 -82 -206 -136 136 -223 184 -139 12 21 -167 161 -28 196 170 -120 35 201 -184 242 39 -147 8 -250 202 148 151 -72 13 192 245 153 -17 -107 89 106 -47 -130 68 -114 -15 45 205 194 -157 24 -198 -140 101 -1 225 -52 -39 43 -181 189 171 103 -77 -49 95 162 155 102 125 -186 140 63 228 -7 61 -182 -125 93 120 4 62 -191 204 -174 44 -226 -26 -124 58 146 46 -231 -187 10 -76 -23 213 -103 -5 172 176 66 -65 169 -122 99 166 -20 -234 -224 -129 221 -208 -67 223 -197 116 -173 73 -211 191 7 -34 -115 -112 -230 137 94 -213 -92 126 -104 78 -89 182 5 -33 237 -8 -203 76 -51 -194 -116 -152 90 190 -119 2 -113 -43 115 -78 77 36 -235 -18 -214 47 81 -151 -61 59 154 224 -219 -179 53 181 27 22 -246 108 -132 -105 -225 -228 -238 80 134 122 -93 -57 -95 248 230 -162 55 142 -209 -153 -85 -145 -166 96 123 -13 -30 50 -168 -54 -81 217 -190 249 179 91 -204 6 233 -64 -143 236 -141 129 -21 -220 48 -74 214 121 -195 -172 104 109 167 -161 14 33 195 -237 26 -56 -53 -86 -163 -97 -156 143 -19 -222 -128 117 -227 97 -171 -207 165 186 -159 -99 131 -50 -12 111 92 -35 -60 -160 -44 178 244 79 71 -75 243 175 -24 -80 128 -110 234 -148 0 70 -123 -180 57 173 -212 -11 65 -100 -216 -243 15 -215 -233 160 -106 -165 -249 -221 241 3 114 -6 -201 203 49 212 -117 -137 138 174 -58 235 232 -199 38 -37 -111 113 -126 -121 -244 -240 1 229 64 -94 87 132 100 145 -83 127 149 67 177 231 -109 -2 -133 -146 226 -192 88 180 168 -118 -84 -236 211 52 -55 -101 208 85 -40 222 -79 220 
TEST 48 ARG:-67 135 79 100 20 -34 41 244 -220 45 128 241 -116 -162 12 166 -84 -233 -143 -216 -173 -147 106 -75 129 -115 147 248 -209 -224 -77 -31 -21 -15 -68 -165 14 55 195 -210 -205 237 220 224 -200 160 180 98 230 -20 -237 177 141 -22 -97 10 -243 -18 -154 94 132 -242 -179 -74 83 -245 38 -159 3 -105 -184 -191 190 61 119 -219 -175 91 -198 200 187 -213 104 -13 -211 6 203 -204 246 127 19 57 -231 36 -16 -49 150 207 157 138 5 201 124 54 -111 -23 -166 -247 235 -107 249 49 -192 90 233 -30 65 199 -136 193 -112 110 -226 163 -193 108 44 -78 -27 -161 -48 -157 232 -79 111 215 -36 -194 -248 -172 174 78 105 -142 -4 -170 -145 -149 -129 -53 -223 122 62 16 72 126 156 169 -80 56 27 -42 143 -102 -250 -163 -206 131 189 13 -132 -50 196 188 239 -71 -148 31 64 198 63 192 148 -44 -125 -100 7 213 -249 -225 -135 -181 183 -32 -167 73 -228 29 130 194 112 -24 -37 -164 46 -178 -60 -241 11 -202 -137 -89 -168 -26 206 99 8 -90 -230 52 -146 2 234 -19 -123 95 43 173 -114 97 -29 28 161 -86 125 25 -109 -222 227 -174 -169 -144 -212 -203 -118 -150 223 -133 179 -57 -91 109 -40 81 -104 22 -8 -113 152 67 -180 -160 89 -217 -152 80 -82 -101 240 -56 -70 -73 -122 -11 115 -117 71 -195 165 -10 134 -218 -5 15 -190 101 218 162 219 -186 -130 68 117 92 85 208 -59 -138 -187 -2 -208 216 -240 121 184 107 -12 -121 243 -234 168 -33 23 158 -14 -201 48 -124 211 -25 50 -96 -158 116 191 -227 182 142 217 -236 155 -54 238 -182 1 -9 -99 -229 35 47 17 171 -81 212 -188 -155 149 87 -110 113 -66 103 -39 -246 -239 58 231 144 39 -62 -156 -214 86 -52 33 226 -55 -38 70 167 -61 -171 -41 170 -140 214 175 -87 -126 -119 185 -199 -127 -221 -238 42 -207 -197 4 186 -28 -1 -215 -76 21 247 -103 51 -85 59 151 -196 114 -47 60 -51 26 229 204 9 -106 102 221 -131 197 -189 -17 -64 -176 118 -139 -6 225 -177 176 34 245 -88 136 133 159 236 -65 -92 18 96 -128 154 205 -93 178 75 82 -7 -185 77 -232 242 -43 24 -72 -141 84 -95 -35 69 -94 -46 -151 -120 209 -58 120 -98 -3 -83 76 210 172 -63 140 146 164 181 66 145 53 0 137 -134 74 -244 -45 -69 32 123 88 93 30 37 -183 202 -235 228 -108 -153 153 40 139 222 
TEST 49 ARG:-21 -211 81 198 -161 217 -70 -105 47 -49 159 165 209 153 -156 222 79 -201 -46 -63 -55 30 -50 124 85 224 97 96 4 -107 174 -26 58 -31 109 182 -168 42 -60 29 141 -222 35 199 -66 -169 215 -147 114 135 248 163 161 -195 -187 -47 166 148 180 -68 66 -65 -53 -17 17 196 120 23 18 147 1 -100 112 -110 -5 -22 121 238 38 226 -111 -223 -140 -145 37 118 -108 244 -240 194 -209 -24 218 187 -173 -19 48 237 52 239 -39 101 88 41 212 31 -114 78 162 102 -179 5 64 -204 183 9 11 195 149 -130 125 -128 176 43 184 -217 220 -127 157 140 -198 -90 -97 24 -84 -42 76 99 -2 -8 93 -154 -151 202 -23 -59 170 10 186 211 84 105 14 -44 -153 -228 -6 -28 -61 46 -116 -241 -73 -186 -225 -205 -13 -121 32 57 151 -210 -177 -155 -248 123 193 -85 230 -51 231 -37 240 -194 -112 -180 -175 -237 152 227 236 -120 -86 -162 -136 205 -94 -239 247 53 104 16 -123 -139 -95 49 178 -16 225 -99 34 233 204 -231 -247 56 -212 128 181 2 122 -208 6 -93 216 -150 -75 65 -1 -62 127 156 3 -144 -229 -69 82 221 100 167 -115 -41 -34 137 -11 -202 51 44 -104 171 -170 87 -101 -52 -171 -88 229 116 -227 -45 0 -185 -148 92 207 -141 160 -224 69 -117 201 -196 146 210 136 -160 -12 -135 -36 -83 208 -134 -236 -213 106 -129 164 -238 15 -207 131 77 -126 -35 19 -131 -235 98 132 83 134 246 245 45 36 126 -57 -193 -149 -250 113 -58 -234 130 -87 71 -124 -182 -243 -3 -191 115 -216 8 -206 -38 -152 -159 -158 -218 -109 191 -81 103 -138 -48 -232 94 50 -199 -220 175 190 142 -118 111 -113 -32 73 188 67 145 -203 219 144 192 242 -74 -10 119 -245 -14 27 206 -132 168 -92 232 -18 -197 -167 -71 154 -190 143 -91 -157 55 -221 185 -20 -98 75 -181 214 90 -188 -166 -29 200 243 -122 -133 -249 68 -178 228 72 -163 241 -230 -40 74 173 -146 -242 26 -9 -82 172 -226 133 -189 213 -215 39 -165 70 -64 -103 -25 150 -102 -33 -78 249 -30 95 -80 -125 -174 63 -184 -233 110 177 21 223 -192 -96 -172 -72 22 -244 59 189 -77 80 -246 -89 169 179 -176 25 -200 -219 -56 89 12 129 40 -43 -54 -4 33 203 197 -67 -214 -15 138 86 -106 54 -183 -27 60 20 -164 107 61 -79 62 28 7 -142 139 158 108 13 -137 155 -7 234 -143 -119 235 -76 117 91 
TEST 50 ARG:-204 168 -221 -87 233 -124 -107 -246 -134 239 -117 -206 -187 -41 -131 21 -218 -205 -148 90 85 39 220 186 -213 -4 164 -92 225 82 205 -84 103 1 -61 -191 -210 38 23 16 5 -24 238 226 150 213 -50 138 234 -194 -30 -105 -139 145 27 243 -98 -9 -56 -37 -36 184 -188 -235 -75 37 -6 -181 -23 -85 -151 108 8 -103 235 -113 73 -31 -51 -16 -79 34 208 -109 3 -182 -1 247 68 -179 246 231 70 -212 102 -96 -88 -95 61 10 -34 -171 -239 -184 172 -123 -19 -114 -28 69 -199 169 -39 -195 6 -86 -55 -164 -152 143 180 202 198 -242 -243 29 -232 62 192 -244 -214 113 115 -29 -97 -101 -40 -226 147 87 -66 107 -99 -44 15 51 -211 129 165 217 127 17 189 122 -141 171 -7 -163 -147 -145 75 187 -81 133 130 159 229 -142 105 181 -231 -111 31 86 -220 197 153 -208 -140 101 146 240 179 20 -149 -248 -102 -65 40 -33 79 135 -106 216 157 -185 -25 -82 -203 -120 66 -110 -76 -190 126 158 -161 -240 -20 -115 -126 -83 174 140 237 201 109 99 -127 137 -45 -133 -49 -155 4 -57 96 160 -160 11 -73 36 -207 -209 -144 -183 45 209 139 83 -136 -12 -13 -159 -201 -78 -17 -153 -154 -189 111 121 195 -172 -5 81 -122 -32 14 204 -68 185 152 -200 -80 93 32 210 -222 -227 -104 215 156 182 67 193 203 -74 -22 84 -219 199 -233 -168 0 -27 148 196 54 63 -54 218 128 -217 -224 53 -135 -249 94 -38 44 -53 -245 104 -121 42 -129 24 162 -130 141 -70 112 173 56 -197 -11 74 -108 230 227 200 -215 -42 -100 -91 -94 118 -90 -223 -119 -180 58 116 -237 -225 -59 -192 50 97 -125 95 154 60 191 -72 -46 -198 241 175 -137 71 232 222 219 -230 -228 -143 123 -77 -69 -175 -236 106 -3 161 -146 166 46 -2 72 -67 -62 120 92 -47 49 167 -158 125 245 117 221 -167 -178 223 57 132 -63 -138 -15 64 100 114 -162 55 131 188 -166 -157 -58 9 41 -18 22 -116 -35 211 -132 -48 91 177 -8 98 149 -156 119 -93 136 52 -216 -10 -234 212 183 110 -43 -170 -112 244 25 190 -177 18 176 13 -173 -176 163 224 -60 151 124 88 134 -128 19 248 77 -21 89 144 -193 -118 28 -186 -229 -196 -64 236 -250 76 -247 -238 -89 30 12 194 206 -26 228 43 -14 47 7 35 142 -150 -202 242 80 207 170 -169 48 -174 78 65 33 -241 178 26 155 2 -71 59 214 -52 -165 249 
TEST 51 ARG:-92 246 107 199 96 -134 -94 -74 174 -144 -110 28 -147 227 -197 155 -189 -49 178 5 -178 -209 -159 242 -29 94 -109 -18 -59 -247 -142 4 -82 243 -132 59 126 189 210 -47 -90 -113 205 136 -13 232 53 -184 10 24 -27 -226 -30 -57 -183 112 195 192 7 -173 83 150 -50 -129 77 69 -31 -10 249 -170 140 -232 16 139 239 130 123 -211 133 -153 30 238 201 -89 154 -54 -85 168 86 9 -70 -198 67 -190 212 -158 229 -84 46 18 230 236 -107 -9 186 -5 -111 -79 -181 75 -225 -237 -216 -248 57 151 63 -214 101 -125 -122 184 -202 131 -240 207 159 -175 -66 55 -52 89 -136 216 -224 -233 163 -126 35 -51 147 190 39 88 179 224 -100 72 -160 248 110 -43 183 -87 -119 -155 37 68 8 -171 -148 214 122 206 -24 -176 81 -53 60 -1 -120 -93 95 180 -114 247 38 42 231 -249 -127 117 -167 241 74 91 -141 -174 -75 -60 124 -243 -220 -41 2 113 92 17 -80 -28 -218 -78 -102 -194 135 6 197 -133 -73 -103 -55 222 85 11 -4 -96 137 102 127 -88 99 -40 177 -21 -143 -97 225 198 -68 173 -16 221 47 114 56 194 -165 -219 -71 -91 103 188 -6 -205 -69 52 -17 -250 20 -222 -117 51 -67 -25 98 129 202 -121 3 36 146 73 -239 -26 -213 -163 132 -138 244 26 71 48 40 58 156 167 217 -154 220 -241 49 -106 119 223 -157 -182 14 -206 -35 208 61 145 196 50 -210 240 -135 29 -46 134 142 -99 64 79 -81 -101 -168 -186 182 27 -187 65 93 -45 116 228 62 215 -131 31 166 21 161 33 -108 121 -11 -230 209 -77 -177 120 185 -38 84 -124 -22 66 -105 -8 -140 160 -37 12 22 152 -130 -137 -245 -244 226 -115 32 78 -34 100 -2 -215 187 -65 108 138 76 -149 200 219 -234 97 204 106 105 157 109 13 118 -156 -179 245 -208 125 -236 15 -238 -203 -193 237 -146 -42 -145 -23 141 148 -223 -199 -152 -180 -207 44 80 -164 23 -95 235 -192 -62 -83 213 143 -128 -104 193 144 -98 169 -229 41 -227 70 19 -123 -20 -44 -221 153 -33 -58 -235 172 158 -36 -19 -195 43 -161 -48 234 176 203 1 -162 -116 -3 181 -56 -118 -7 -212 -139 82 -63 -61 -185 -242 -204 -76 170 -12 -228 -231 149 -191 162 45 -188 -169 211 -32 90 -86 175 54 -200 -39 34 -150 -14 -151 128 111 171 115 -172 218 -112 233 -64 87 0 -201 164 25 165 191 -72 -166 -246 -196 -217 104 -15 
TEST 52 ARG:113 22 -57 -208 242 -93 181 7 -214 214 230 85 -36 -209 -105 197 3 -179 -45 187 -4 248 126 172 -14 220 89 149 -202 167 143 -25 -193 -32 19 -31 -135 -132 173 -86 93 39 240 -55 -59 243 -6 177 -63 36 -185 -15 210 -102 105 153 2 108 228 86 -109 -16 217 -76 -167 -191 -34 211 -235 -125 159 60 241 180 237 -42 198 140 156 -128 -225 -92 82 -2 11 227 96 53 -236 10 194 -94 -62 -171 -66 200 -184 162 235 70 -195 -166 188 103 -64 -163 -159 -206 -67 -249 -161 64 136 45 -106 -216 151 -196 -197 -207 13 25 -201 -136 -217 -23 -226 -1 -233 -97 176 -89 -121 97 -139 -219 -189 -246 -222 -95 -78 -231 -144 213 166 71 32 -68 -241 146 133 205 118 68 -71 46 -232 219 44 145 -120 -133 -238 202 -12 -138 223 -177 -142 -230 92 224 12 -152 28 102 15 169 1 107 26 -5 -194 -243 -20 51 -9 34 -137 -24 -88 184 249 66 -200 -210 104 -186 -7 -73 -150 -30 -11 21 59 130 -99 29 -60 67 -178 115 42 100 -244 -107 76 58 179 24 -234 30 135 -237 16 -229 -19 101 132 -172 61 69 50 -74 -188 -100 -41 -224 144 123 -51 -69 -114 -96 -83 192 -46 -33 148 -147 -151 216 95 62 48 -126 52 138 209 190 -127 -213 111 -29 -108 -47 222 154 -157 -117 -156 -87 142 163 120 -187 -113 38 -168 -35 -17 212 157 -155 -124 43 49 -10 168 -65 178 246 -80 -110 -118 203 56 54 -145 78 -240 131 80 161 88 -98 9 74 -116 57 -58 171 124 174 160 -104 199 87 150 206 -119 239 35 196 110 134 17 152 -43 238 -39 155 207 -129 183 -148 236 137 -84 201 -79 -53 -146 122 -173 -164 141 119 -112 221 -149 -183 -169 -122 -77 -158 208 -21 -52 -239 73 191 41 94 139 116 204 91 147 -205 -220 -38 -181 185 170 -75 47 233 -248 189 244 -215 18 20 65 5 14 -199 -176 -165 226 182 -141 -90 -28 40 -175 -228 -212 -140 -198 -192 165 -134 -204 37 -82 -223 231 -247 -211 -103 83 232 121 117 218 129 -61 175 -153 -242 109 4 98 -227 -50 -203 -180 81 99 -40 -49 195 193 55 -13 -182 -37 31 -111 106 -81 75 8 215 -3 63 -115 164 -170 72 -8 -162 234 127 90 -56 -101 -18 -190 23 -154 77 -245 84 229 -143 -250 0 -174 6 -27 225 125 -70 -130 114 158 -26 -131 -48 245 -44 186 112 128 -91 33 -22 79 247 -54 -160 -72 -218 27 -85 -123 -221 
TEST 53 ARG:187 93 111 172 -203 -176 -88 20 23 -246 -235 -201 224 92 96 -226 -6 -142 -116 27 -92 29 124 -231 -53 37 121 117 -51 -10 -36 -167 102 -158 130 -159 -43 -11 -77 195 -207 94 225 -41 -154 72 166 -71 104 241 -150 -66 -13 -208 -151 139 -140 50 207 -123 -182 -221 169 230 148 41 -243 235 205 13 246 109 69 -228 -200 65 -220 -94 -17 21 -193 -103 -106 -83 -119 181 -48 105 54 -91 81 -55 97 19 162 -168 106 84 232 52 -188 -107 203 155 -218 -146 -166 -111 126 198 -16 127 135 -22 -130 -245 -206 -131 118 143 99 -187 -60 45 -79 175 199 -87 -149 -170 -35 40 -75 -47 100 -205 196 208 176 -179 179 17 -100 25 -127 -50 -46 185 -61 -138 223 -129 4 36 95 63 44 188 215 -122 -67 -175 -238 226 -54 191 -144 229 88 -236 174 233 -198 -202 237 -219 -230 -195 211 7 -178 212 -174 -145 -68 49 186 -109 227 -209 -70 -1 -73 -28 -160 200 -118 129 -80 -62 -216 -196 -114 245 242 157 -27 -215 15 11 46 -81 -139 10 60 -4 -121 -18 217 1 238 -97 137 -76 16 -204 8 112 168 -72 68 201 -34 57 -7 210 213 -19 128 -113 -190 -143 -8 222 108 134 -21 9 119 180 145 39 22 239 -52 159 160 -185 141 -153 228 -197 249 -102 -128 51 71 82 -171 3 48 -37 -24 6 152 234 -239 -184 91 -49 -89 -134 -32 -110 -14 -45 -78 -64 89 -108 182 28 171 194 -177 -9 42 26 165 -241 -105 -164 -233 -194 -74 -249 79 14 151 -112 161 -152 -223 142 120 -137 -3 -191 190 56 -65 140 5 248 -210 -157 153 -59 -141 240 132 -23 -25 -30 156 53 -211 178 77 -181 244 0 -90 -120 -189 -39 204 184 243 -101 -147 70 67 -84 66 167 -155 -192 113 -31 -132 147 78 -244 -96 -237 -125 -163 64 -242 -161 -225 61 -232 98 219 33 192 83 35 74 12 116 189 2 -133 -69 85 136 -15 -165 -172 -42 133 123 -98 218 -248 -169 158 -38 115 -126 43 -95 247 -247 -12 122 76 38 154 -2 -58 170 149 -26 31 114 236 -214 -186 -199 -183 173 220 202 87 193 -93 110 125 164 197 -162 86 -99 -124 103 -224 30 -135 58 32 131 -86 -40 177 101 90 -56 24 -82 -229 47 62 216 -63 107 183 34 -104 -44 231 -20 18 75 144 138 -148 -156 -5 59 73 -222 -136 214 -240 -227 163 221 -217 -33 150 -250 -234 55 -213 -29 -173 -180 206 -115 -117 146 209 -85 -57 80 -212 
TEST 54 ARG:151 -72 40 -122 -208 31 173 216 -27 142 -166 177 1 -100 36 159 32 -218 241 245 -248 -144 -51 95 82 -137 -158 -212 -108 -42 108 205 141 -133 206 212 -123 72 170 -69 -162 66 90 -66 219 -206 -145 153 -110 -243 103 29 171 -159 147 -20 -187 116 -97 -184 105 -7 -170 -98 -56 -87 148 129 30 -182 -199 -139 230 -90 48 -58 213 -104 -67 38 -169 229 234 -231 -209 167 -77 96 175 -244 -220 2 -129 -150 -234 44 -47 -174 -185 18 -143 9 -4 -71 -177 -61 89 -107 61 162 24 12 126 50 157 -246 -84 191 11 -224 214 13 -70 -75 199 122 -55 -86 184 47 198 209 27 -211 202 149 53 -194 -179 231 -204 160 71 144 239 -13 46 146 -76 -126 -226 -88 42 79 85 -223 127 -239 174 -32 15 182 -134 189 3 -112 0 84 -198 -241 -19 -127 83 124 -131 -171 -60 -229 -165 76 238 77 56 249 91 172 -230 -125 -45 59 -89 -73 -168 187 -14 194 -201 -161 165 62 -16 -5 -118 -202 69 63 222 163 -22 -38 -236 -190 -85 140 201 104 221 -35 195 -59 223 193 -93 55 -173 -26 -221 -23 217 16 -64 -34 -128 80 68 211 -30 -63 131 -153 -132 121 -215 192 22 -176 -31 -82 -3 -130 -181 -18 -50 215 -164 169 220 -9 -172 -105 196 100 70 35 37 49 227 -192 -197 -52 158 179 -156 45 -200 -92 74 28 -24 -101 -142 218 207 65 -11 -78 -94 111 110 106 -238 -227 102 -115 -119 -109 -28 -25 -54 -111 -247 -106 176 17 -114 -219 -36 112 -57 -8 -167 -2 125 -188 86 -191 247 -214 34 197 -232 -141 -242 -43 152 25 166 -196 178 58 -121 19 123 -235 -15 92 51 119 114 -183 -81 237 -68 -102 -113 60 130 -44 26 -213 10 248 -83 -237 -117 -33 -163 -96 -138 20 57 138 190 -228 -80 -37 -48 118 39 -207 -17 101 -103 161 228 -178 -12 -210 132 -6 43 145 -79 -195 246 181 164 4 -154 -250 -135 -240 225 236 -39 -1 -140 87 -147 -152 93 210 -29 -205 139 183 120 7 203 33 115 -186 94 -222 -149 -91 -40 -46 -233 -225 156 168 5 186 143 14 155 137 135 200 117 52 41 233 -10 -124 243 134 64 232 -155 -116 204 240 -217 -95 88 -180 128 75 21 98 185 54 81 107 208 -62 6 23 150 -203 -146 78 133 -65 -245 -216 -120 -21 188 109 -193 -41 242 -74 235 -136 67 99 -189 73 -151 -148 -160 244 -157 224 -249 -175 -99 154 -49 226 180 -53 97 8 136 113 
TEST 55 ARG:-92 -183 -100 -233 -99 -49 205 -206 113 120 -25 93 -155 -126 152 224 144 22 39 138 159 230 162 89 119 68 67 215 158 37 -181 241 226 -91 145 27 -30 42 -116 79 99 -35 -236 -139 -212 78 -55 148 -112 192 112 8 53 90 -9 63 84 242 36 54 -2 -177 -95 19 -103 32 127 -8 107 95 -69 -175 169 2 -19 237 -146 -61 45 132 -222 216 -80 -163 172 -201 180 57 -197 111 -56 -241 52 34 77 -170 105 21 -84 -32 117 -223 106 72 -52 -237 130 5 208 -73 -239 -124 24 115 -192 214 -131 -134 -12 248 -29 55 239 -110 -185 -232 40 -97 238 166 -195 -23 66 246 223 -203 -63 -68 -60 -40 38 149 -158 -199 249 35 -169 -26 100 -108 -218 -213 3 -48 76 -145 104 -45 -196 -248 -20 -208 30 -230 10 -133 -176 91 17 16 -219 -122 175 243 177 -246 209 212 -67 167 -229 -79 -207 -72 4 -137 -46 134 -59 -243 228 -121 -138 143 235 -16 -37 -240 -120 48 -220 125 150 -102 -7 204 -90 -182 -154 219 184 -88 164 49 210 56 -250 -57 102 -17 -168 97 -50 85 -5 -147 165 122 141 -193 61 231 -114 -75 -166 -205 137 -24 29 -244 -165 23 136 189 -214 203 221 64 15 -152 -135 -136 -184 -123 -13 -161 -187 207 -42 -31 103 -105 186 -38 190 -10 70 -113 96 -18 -216 -194 0 -77 11 94 47 213 14 74 199 -217 43 82 168 62 -89 -159 211 247 -94 -51 -144 154 -162 -62 -245 -171 41 98 51 174 81 33 -189 -190 225 229 -3 195 -53 -117 129 -211 -140 185 121 -151 118 155 -83 73 13 26 131 -96 -198 142 -186 -210 160 -215 80 -130 -228 232 -191 -71 -28 157 171 182 -141 116 12 -66 58 75 -142 -44 18 -174 151 -39 218 220 245 -78 146 -58 176 -160 140 240 124 -47 191 9 87 -164 -238 7 -54 123 234 202 92 88 -33 -153 -101 31 -86 86 236 71 59 -157 -98 -173 227 -127 -81 178 139 -76 -85 -234 -202 -200 -128 -109 201 -34 -132 -167 -119 -225 -1 101 -247 153 -106 173 -104 126 -64 196 44 -111 -149 181 163 -226 183 188 -74 206 193 -129 -15 -148 110 133 -93 -21 -204 114 170 -4 187 1 65 -179 244 -87 -235 -224 60 -36 -6 -188 -227 -14 -65 161 -125 198 233 217 -70 194 6 -41 147 -118 108 -156 -22 135 197 -43 156 -143 50 69 -172 -231 -249 83 -209 -178 -107 28 128 200 -180 179 -242 -115 -27 109 20 222 -221 25 -82 46 -11 -150 
TEST 56 ARG:-2 55 -235 102 -85 39 -224 23 -234 154 26 -31 -163 -236 33 116 -152 -132 -83 -118 -213 -242 240 0 -25 245 112 -3 -75 117 -245 -194 -40 91 -218 16 241 122 -104 -29 10 175 88 177 -28 -143 -156 136 236 -148 -136 -220 -186 -195 174 155 57 234 58 32 -10 36 210 -97 -41 213 181 186 47 98 -39 205 161 160 83 -32 -38 163 -36 95 38 198 54 150 -131 -146 132 -87 -133 -33 -175 248 -8 -160 131 -27 70 -197 208 12 -93 -9 -249 -140 152 29 -95 173 90 71 -117 -77 201 -158 -78 -22 27 214 -187 7 107 -98 227 147 -179 -164 106 237 -50 -147 52 48 -71 -141 -145 11 -169 121 -188 40 -125 191 -20 151 178 -189 -59 93 -126 -94 -57 -45 89 -65 -101 5 51 -70 -162 128 -107 -142 -90 -210 -120 73 77 153 134 -11 -54 187 -211 -192 62 -247 238 -15 135 -123 172 -201 -58 30 196 -30 -180 -193 -177 230 195 -208 192 -112 -37 217 221 -17 164 -110 -91 -155 142 -209 -76 124 9 -239 -73 233 -68 -52 13 239 -18 193 180 72 -248 63 21 231 20 197 -176 -103 -205 166 194 -4 -55 59 168 228 -81 -243 28 -106 -200 74 8 -241 -102 97 -48 140 -138 87 -99 -51 215 46 171 53 -166 126 -100 -215 75 110 199 43 -150 -135 76 108 -74 203 -238 84 176 -178 -121 206 44 216 -233 148 -173 -174 -21 41 50 -72 34 4 -182 -170 19 -6 211 -113 133 -96 -63 -137 139 138 -115 -226 182 242 80 -221 -228 -86 244 -202 -199 37 -144 141 156 92 -16 202 -153 18 -43 -34 -80 143 -109 218 14 -128 -56 -105 109 184 125 -124 -89 -165 222 219 157 -116 -46 -111 -191 -183 -222 -108 -44 224 169 145 -250 -157 78 68 -217 235 -151 149 66 -154 -60 -47 1 64 6 -203 31 -14 -237 -23 -130 -184 81 -198 103 226 -64 86 229 105 -92 -79 144 158 200 -7 123 185 -190 -229 -185 -240 -181 -225 209 2 -223 -67 -88 69 -12 -196 -168 -61 137 190 111 -232 85 67 82 212 -1 -212 -206 -19 -139 -244 104 101 -230 170 118 94 -49 96 -219 24 99 -127 113 220 223 -207 -167 79 35 -82 3 100 247 -134 -69 189 119 -161 42 -159 188 249 -5 162 65 17 246 25 -227 -13 -122 207 -214 -204 -84 -42 165 120 -24 -53 129 204 -35 115 146 49 -114 56 45 -26 -119 183 -172 232 225 -246 -149 -66 61 15 127 -231 -216 -129 114 -171 60 22 243 130 -62 159 167 179 
TEST 57 ARG:-148 -241 173 200 -216 -41 -107 -166 95 -146 -226 193 -131 206 97 -86 -89 -27 -237 -124 -176 -10 43 212 213 22 118 -82 -42 -54 189 -193 -223 134 3 104 129 -94 20 207 181 61 -231 11 7 -157 -95 -26 -128 231 223 220 -104 203 239 -191 -38 155 -108 -247 46 79 152 180 -84 94 228 -238 130 -250 -219 96 21 40 100 -17 -109 138 177 -25 -122 -245 -204 72 183 93 -136 -88 214 -66 229 -45 230 110 -155 -120 -248 -168 107 63 -118 217 119 54 -130 -199 -177 -92 -73 121 -106 -24 -184 -172 34 -194 89 41 -159 45 50 -56 -164 -129 221 -28 -205 82 -222 -200 241 -188 113 88 76 -185 -18 -230 -163 -50 168 -113 128 -169 192 87 -64 52 235 102 -242 -173 -43 -96 -165 36 164 -40 -59 137 167 160 24 80 248 198 226 -29 249 246 215 -171 204 156 112 -151 -244 105 -125 205 -93 -181 -167 -70 -4 117 111 32 -243 -224 159 247 90 -9 -133 202 -61 -79 114 165 -47 -210 -142 153 -3 23 244 26 60 -145 162 77 -98 -207 148 -13 -8 81 135 39 -87 188 208 53 83 -158 -78 185 51 209 85 -179 -102 -2 170 -221 132 216 -208 -215 218 -97 -189 -72 47 -55 144 65 -111 48 91 146 140 -144 92 -132 98 -197 -156 2 -190 30 62 115 -229 58 233 106 68 197 -110 -162 -154 -147 67 -192 16 9 194 123 -183 -225 224 -249 176 154 127 -161 -77 -58 -39 -213 -149 -69 234 -206 1 -234 49 71 225 -85 -233 108 -71 126 -67 19 150 101 120 18 13 -121 -100 25 157 -220 186 163 -33 -1 -235 -101 -63 242 196 -116 -232 5 -103 -74 -119 29 109 35 -57 245 78 -246 -203 151 -240 -182 -137 187 -53 -81 -36 8 -175 17 -60 44 -14 -127 74 37 -139 125 15 -212 172 -16 -138 0 -7 136 -76 -68 -91 -5 -32 237 6 195 -62 166 -150 -35 -196 238 -195 227 -20 -201 73 28 -239 -152 133 103 -48 57 -123 10 -227 -174 175 -83 31 -12 -52 184 -178 210 122 158 142 -21 232 -31 14 -114 42 -186 -51 -170 -211 -228 -143 -160 -214 -134 -115 -218 -105 -236 174 -80 149 178 199 222 -6 84 -198 240 243 33 191 -140 131 219 70 -117 -49 55 179 -209 141 -187 99 116 -44 -15 -126 -75 86 211 -112 12 -217 64 4 236 66 -11 139 -30 124 190 -22 -19 27 -23 143 -37 -180 59 182 69 161 -141 -153 -135 38 -34 75 147 -90 169 -65 201 145 -99 -202 56 171 -46 
TEST 58 ARG:24 212 199 -6 -73 -186 133 -196 -110 84 -82 63 -169 72 171 187 41 108 36 127 -235 -146 166 8 -5 -145 -174 208 232 180 -2 -165 175 -28 -142 117 -50 235 -127 151 121 -79 -19 51 6 -4 34 -54 107 -188 -236 29 47 13 -183 -175 49 -179 -232 35 85 -58 -209 -102 149 138 222 -238 228 48 -64 -128 74 -195 -147 -191 -216 -49 -206 44 -42 -133 205 -70 -55 22 -92 168 -116 -47 -141 197 -119 227 -14 28 -132 -71 -200 126 -233 54 -160 -204 -250 179 94 248 206 -32 -225 30 192 -20 -21 92 -115 -220 217 -163 160 204 188 214 -137 177 147 -243 -161 -125 161 81 -86 -87 183 -177 -164 -112 249 -114 9 -12 -11 244 61 -95 229 62 -77 -23 57 -60 -66 -231 -167 -74 32 27 0 -168 -117 -38 -130 174 68 -217 -13 -10 -136 -121 70 -17 216 163 113 97 12 -180 233 -108 -131 -103 -51 -239 46 219 11 -197 -152 118 100 78 -173 66 73 173 -81 134 19 213 -65 -53 -35 195 -213 -43 -46 79 -61 -172 80 93 -36 130 55 165 167 193 153 -37 -97 2 145 -202 -245 39 -155 77 7 -113 -212 -106 -140 -120 40 17 -138 38 -194 -182 -176 -122 -34 220 236 -8 162 -156 50 58 -78 33 -98 -134 116 -25 37 -210 25 -205 26 -214 137 45 56 87 196 -153 128 -93 -166 -39 -249 -158 -104 -41 110 135 -150 18 -91 67 202 142 16 89 -83 -157 -223 -237 64 239 -26 221 86 82 105 186 -228 -162 143 -139 226 -100 -219 114 -221 150 4 111 201 -207 -80 194 155 15 -62 159 -67 -218 223 238 207 182 141 -234 170 83 190 -241 -198 172 132 -227 119 241 52 -48 122 -248 230 -184 198 53 146 -246 -15 99 157 -189 112 -111 -88 189 71 209 91 140 136 -68 -90 -226 -118 -30 -101 -105 -45 -230 10 123 43 148 -215 178 88 -31 1 -63 -199 -151 21 -240 -185 -242 247 224 -201 -149 -24 240 -1 -109 -193 -33 -192 -94 -208 164 23 -211 103 243 -178 -84 139 -224 -229 144 211 -99 -148 -107 -9 -57 218 -44 -222 -244 158 115 245 176 31 106 -181 -59 234 -247 -3 -7 109 -124 129 200 -96 242 -135 -40 96 -85 169 76 156 -18 14 225 185 5 237 -171 -69 -76 -126 59 184 125 42 69 90 203 -129 104 -123 -56 120 210 -170 60 -190 215 98 154 -203 131 124 102 -89 -52 -16 20 191 246 -143 152 231 -27 95 -154 -29 -72 101 -159 -187 -75 3 181 65 -144 75 -22 
TEST 59 ARG:-91 165 51 100 229 -100 90 -219 -217 -203 230 4 -31 47 235 189 -195 185 73 211 -70 -176 45 -84 -178 246 118 -130 -119 -118 53 -24 -242 20 -88 22 93 -234 -137 179 -241 163 -16 -220 160 -32 -174 157 -168 111 76 -99 104 178 39 243 -183 172 11 -134 -160 237 -8 -64 175 184 -143 17 -187 -10 42 -23 50 -53 -161 46 -152 -204 -92 -75 28 -103 44 -6 -79 192 164 145 -173 -67 71 49 -27 -210 -199 -19 30 95 15 -159 99 122 225 89 130 173 -191 116 -62 -177 238 -202 -197 48 -76 -101 -17 -50 -71 -56 162 114 16 156 -95 -182 27 -214 -249 123 60 -133 120 228 -163 70 18 -93 -120 221 141 -13 158 -3 115 -106 -97 106 147 -229 136 -11 233 -228 -155 205 43 -206 -165 5 13 127 227 180 0 -192 -48 129 240 -38 -68 181 -36 63 -37 -45 -15 -116 150 159 9 -246 151 62 74 -44 108 -221 -40 -215 220 31 56 146 236 83 -209 78 32 -86 137 -65 64 -73 -114 223 -105 154 -26 98 26 155 54 241 -181 81 -157 -1 -63 65 -156 -167 -139 171 124 -237 -77 -235 55 -125 3 219 140 183 -81 224 68 176 -164 35 -126 86 67 2 80 -21 -138 14 85 -69 -22 -25 -190 207 -112 -150 -57 69 170 -4 101 -211 -121 139 23 167 -18 212 37 -200 199 134 -151 -230 -51 10 -127 -213 198 133 -55 -179 -153 143 -111 142 -28 -7 239 182 -9 135 -149 -135 -61 161 -43 29 -34 36 -141 132 -232 6 -41 105 -117 96 -52 38 57 59 -124 -122 -98 24 -5 191 -33 -248 -227 61 242 91 -218 66 -208 79 177 222 -14 -47 -30 201 -171 -145 113 -46 208 125 72 12 -189 -185 -222 247 -186 232 21 87 1 121 168 -109 75 200 -188 194 -87 209 40 -2 213 112 25 -54 195 -49 -131 -129 -102 -148 -162 226 -80 119 -140 249 110 204 -83 234 7 -96 -113 -247 -194 -243 -128 107 203 -198 -207 216 58 206 8 166 -58 -147 109 -240 -216 -42 -144 84 215 186 -166 41 -108 -123 187 -233 -29 -225 248 -180 -236 148 -154 -239 92 -184 -107 -244 128 -250 169 102 190 103 131 214 -224 97 231 153 152 218 -132 -39 -205 -196 52 -110 -66 -212 149 -85 117 94 245 -82 -169 202 -146 126 -72 -245 -89 193 77 -226 -158 -142 -20 -78 -59 -136 -238 34 -104 -35 -172 -115 -12 -193 217 -90 -231 210 88 82 188 -60 196 174 197 -175 144 138 244 -94 33 -170 19 -74 -201 -223 
TEST 60 ARG:247 -6 81 -20 -77 -13 -108 -115 241 187 237 234 -182 -53 155 -49 -64 45 -229 78 -3 198 29 -242 43 -50 -22 70 157 35 -107 -174 -139 92 83 61 -190 -225 -196 -216 -195 137 192 -181 -178 -30 -217 226 -221 -146 -59 213 -39 191 202 -185 123 214 -204 -12 -72 23 169 150 -239 173 -71 -114 114 -199 2 -45 102 -206 -67 -175 -130 98 111 -147 -51 -121 41 32 -42 224 -79 80 148 -170 -162 -208 95 -193 -101 -28 -168 135 90 106 203 -100 -245 0 124 186 162 -154 -176 -163 142 117 15 72 -235 -215 219 -118 -98 201 -207 163 195 73 -156 46 -73 -99 -105 228 180 -27 -84 24 -155 138 -144 208 65 85 182 -1 -124 188 170 -240 -223 48 -60 38 -166 -250 -137 168 249 120 -248 93 79 147 161 -177 229 107 87 88 -11 -21 -148 212 118 -9 -38 -233 -69 -96 -80 -140 -192 -81 -89 217 -93 -95 13 -91 154 -125 -203 -57 232 -231 -219 91 -15 194 185 -194 -63 -97 -157 -180 -227 -19 -184 68 99 112 -213 -150 -112 -14 31 -241 243 116 -243 119 7 -70 -8 -165 -128 -4 3 -17 -26 134 69 176 -167 149 66 165 -249 21 199 172 167 -83 -135 36 8 58 -138 113 1 132 -142 230 239 -85 246 -103 218 160 -33 -236 104 -210 53 75 -32 -58 -179 10 145 -116 -189 -188 -104 -158 -160 206 -43 151 -187 74 67 128 11 86 63 -247 50 14 -25 94 -110 -94 -238 20 193 64 222 84 177 -62 174 9 125 -111 103 -36 42 153 209 -202 -109 -149 204 248 6 44 -151 -244 242 -44 -75 223 17 225 -92 -65 5 205 -173 -209 -159 59 140 189 -224 200 211 -205 77 130 -132 -230 16 210 100 -55 159 129 164 55 -41 215 60 82 -47 96 -126 -23 240 -82 -214 144 49 -169 122 184 -46 -16 -218 -120 190 28 22 52 183 141 -152 126 -66 -35 33 -232 -29 233 146 -136 -34 108 -198 245 47 -37 54 -172 34 26 -145 207 -226 71 -141 -211 121 -31 -133 227 18 -200 97 56 105 40 139 -52 -76 -54 -24 -5 -74 -201 136 25 -18 -87 -183 -88 -102 109 51 -117 238 166 127 196 -7 12 -134 -212 158 -220 4 39 244 -127 76 -246 156 181 -119 -10 -2 216 -143 -171 -186 -123 62 89 -153 -48 133 -234 -122 115 179 -161 221 101 178 131 235 57 19 -222 220 152 -106 -86 -191 -61 -113 231 -197 171 27 -131 -90 143 -68 30 -228 197 236 -164 175 37 110 -40 -56 -129 -78 -237 
TEST 61 ARG:-93 -39 -123 144 -198 -27 238 216 173 -190 169 180 24 71 -192 89 -168 -2 55 223 16 8 -225 14 166 -55 199 -177 -143 -10 33 -227 128 67 -213 -63 57 -66 -60 117 32 -163 -43 145 68 220 -148 -217 102 -5 -195 -88 97 -126 84 143 -91 -173 -157 64 -199 -65 -98 38 -139 -144 176 -226 204 243 -77 237 69 -159 -117 168 82 172 -216 75 -72 -236 -219 54 167 10 203 -121 235 -42 232 -246 -212 -133 247 -54 -193 -218 191 -238 -228 -154 1 5 -165 -221 -215 248 -149 -136 87 189 106 6 59 52 245 -160 -105 -152 -81 210 -64 183 -61 -113 -32 127 60 226 -209 142 163 -6 25 193 177 -68 -18 61 101 -34 -208 -229 -191 146 -197 45 -242 207 -239 200 162 236 114 -103 -188 -201 -232 -151 63 -112 -128 -241 120 -127 -169 -181 -46 12 0 48 -89 -101 124 -170 -211 -3 -38 126 -233 -1 -79 140 -130 -204 93 185 244 -120 47 246 -245 30 79 134 212 158 133 22 -179 -107 -21 135 -73 241 91 213 -114 -75 196 28 -15 206 -156 -22 -134 85 153 115 231 -49 -110 138 -174 155 192 -9 109 110 -70 -207 227 -40 92 -45 -184 -97 -47 -31 156 -176 224 188 -167 -200 240 -194 211 174 -125 -172 198 -41 72 132 46 108 -23 18 95 161 -36 42 -58 -56 -210 136 83 20 105 -248 -146 31 202 11 -11 -16 -100 29 214 -118 50 164 -17 225 4 -19 73 -94 -71 154 -29 -52 -183 222 62 141 -115 205 -138 65 -59 -80 40 -67 239 -109 56 234 -153 -12 123 -189 -124 165 99 -132 -187 37 160 137 13 -230 -150 -206 -82 -50 217 15 88 111 -85 39 44 -96 201 -87 233 170 -108 -220 175 215 190 195 104 -166 -135 -122 77 -223 43 74 219 3 -37 151 -244 -161 118 147 -86 194 81 9 -243 94 41 35 98 -224 218 171 -90 -240 181 -28 -76 228 51 96 121 100 -106 -196 -83 -30 66 -74 -231 58 -84 -222 103 -214 21 -147 113 -119 19 209 -164 149 159 86 -247 -202 107 36 249 -162 -24 -111 -249 197 229 70 -171 208 -7 157 -14 -13 -62 184 186 80 116 148 27 -4 230 122 -20 -237 242 53 26 -145 -158 -104 -35 -69 -51 150 49 -155 -142 -102 182 178 -178 -57 -33 -180 -234 -8 131 78 179 -131 139 -44 125 -48 -182 -235 -25 34 -203 129 90 130 -140 76 -185 -26 -175 -205 -78 112 221 119 -95 152 7 -250 2 -141 -186 17 -116 -129 -137 -92 -53 23 187 -99 
TEST 62 ARG:171 162 209 245 -6 226 122 -24 30 141 79 143 -128 67 -231 -56 242 -212 -7 100 -228 -72 58 -200 206 240 84 -145 -164 -154 99 91 -203 -32 98 27 -57 243 -12 12 125 183 -194 -134 -36 -20 69 -25 -186 189 -48 234 -244 14 173 -73 -84 -162 -62 -177 217 235 -104 -10 -217 208 112 68 136 116 128 -135 193 -146 -173 157 49 -114 187 -41 147 15 22 87 -3 170 -249 -126 -227 53 -53 6 81 119 247 -87 -223 -105 -121 25 -211 48 60 -148 151 223 -124 -204 -216 -140 124 13 -182 35 57 244 10 -184 -81 191 -243 246 -44 28 -37 8 85 142 212 -238 77 249 -80 -123 -1 -245 -21 19 195 29 -237 9 -34 106 59 -33 -66 -161 78 -50 -219 -113 113 236 -88 186 -118 -143 -23 -199 -241 -172 229 172 192 201 144 161 70 127 -16 -250 218 -64 140 166 18 205 138 231 -29 -108 -54 -215 -179 -207 174 -208 213 -5 -141 -127 17 -239 220 137 31 -192 64 4 38 -45 -210 117 96 115 -68 -119 46 -112 75 230 -226 -136 7 -79 -13 108 -97 178 126 -17 -236 204 -168 66 -169 56 130 163 -69 93 50 90 -206 179 -122 -55 -202 23 121 -60 45 -120 -101 -31 -28 158 123 -110 -213 111 -19 -139 175 154 129 197 -178 -71 -65 -201 -70 -242 43 228 -158 -132 -2 131 47 36 -103 203 -49 -190 -82 -59 133 -229 55 24 148 34 -195 -142 -42 227 -138 -4 165 3 181 120 -125 37 202 -235 -131 -187 65 199 168 -160 82 -183 21 169 -9 -205 -196 135 -163 0 159 74 -147 -247 103 -152 -93 54 -185 -224 -246 -115 -166 -151 -189 -221 -100 16 -170 -58 118 92 160 -171 -198 -248 -96 222 -188 -52 -30 -67 -27 2 177 62 150 248 107 -38 40 -26 -106 215 39 -85 185 156 241 -117 -167 200 139 -156 5 97 149 -75 145 -35 -214 224 194 -111 80 -234 152 -89 -222 -51 88 237 190 -232 -218 -129 26 109 -230 -175 -107 -47 -181 155 -240 238 -63 -91 -220 -78 11 -40 32 61 -15 134 239 -116 -86 210 153 211 89 -209 196 146 -94 -155 198 -233 -157 164 -61 -149 188 214 180 -153 -159 -144 1 52 184 110 72 -11 132 167 -137 -43 -8 -90 225 71 114 -76 219 94 182 -165 20 76 73 -180 -14 -176 -92 -83 42 216 176 -46 207 41 -99 -197 -102 -109 102 -77 232 86 63 -191 -193 -225 51 221 -39 44 95 -95 83 -22 101 -18 33 -74 -150 -130 -133 -174 233 -98 104 105 
TEST 63 ARG:-119 -153 132 104 -155 -8 -170 63 -87 112 101 -91 -49 167 -174 -12 -80 41 -152 125 156 -90 55 -229 231 138 -186 1 -240 -85 -109 214 249 10 191 70 14 199 232 -72 -231 -217 151 -71 -32 -149 -73 212 82 -225 -50 64 228 54 20 -111 81 -128 243 170 190 -20 195 66 247 -245 163 100 131 -215 -198 72 141 24 31 -31 192 193 -159 -236 103 181 42 207 218 -130 -208 94 -62 26 -134 -83 -82 -196 -103 197 -135 162 37 -177 -53 117 216 237 -157 -187 43 -220 7 15 -160 92 -151 -67 -47 -66 25 -203 -214 -4 -238 157 13 120 -158 233 19 -249 -140 -29 98 -136 235 99 -84 -148 -44 -150 53 -171 248 -221 -33 126 169 154 -124 130 -129 -65 -132 -40 -35 -107 220 -96 202 -195 -3 -239 180 -131 -230 -189 60 -227 -244 -117 152 106 209 -234 129 -1 59 -110 48 -21 246 -43 -219 -166 9 227 78 36 -63 242 -173 -246 90 17 -172 -68 89 96 74 -56 -28 -248 -34 85 73 -10 134 -144 -9 178 71 123 245 0 133 -60 172 -77 -223 -156 -93 -205 203 8 -191 159 -176 -58 -74 -36 34 83 139 -27 -226 113 75 -51 183 -48 5 122 -147 -133 80 -5 -99 -178 -70 165 121 -138 140 115 128 187 238 86 38 -16 -108 110 56 -15 97 -97 118 -76 182 -18 177 224 -193 107 27 -243 213 91 -200 -188 -168 150 171 -52 -22 40 221 -197 -192 -113 109 239 -141 68 145 196 21 -242 -92 -204 -181 -94 149 -30 222 153 95 -86 -224 -59 204 148 236 -46 -7 168 -216 -207 -69 217 142 119 22 135 -14 -125 -95 -61 198 158 -162 -202 164 2 -17 93 -118 -101 6 -39 -13 -137 -154 186 173 -212 -233 -211 -182 -165 -121 -79 -145 44 -190 -81 -142 147 33 -11 244 136 -222 127 29 -120 176 -169 -122 49 87 -115 -126 77 210 32 46 211 -235 -2 -199 -106 -123 105 188 137 -23 -206 -78 144 -179 200 -127 45 215 -88 -98 35 -102 28 241 229 -163 -237 -26 61 47 185 208 11 -209 -19 -6 23 79 206 -228 52 76 175 -64 -167 -45 16 -57 102 194 174 -175 -143 146 84 -89 -24 189 3 -250 201 -105 -41 -164 -114 234 143 -112 -75 -37 -232 -241 205 179 -42 39 160 -218 -55 -161 -38 116 51 88 -185 -194 18 -213 184 219 65 108 223 155 4 124 69 -247 230 -201 -139 58 -146 226 240 -104 -184 161 111 166 225 -25 -116 -54 67 50 12 -100 30 62 -183 -180 114 -210 57 
TEST 64 ARG:150 13 -183 -211 141 20 236 -41 36 -214 190 142 210 -86 -174 175 87 -110 -77 -61 54 -49 -234 0 107 -246 97 -36 208 162 -21 178 -176 144 -122 -8 194 -22 185 5 35 46 -113 -200 152 219 -139 27 201 204 110 -84 -165 -163 -34 193 128 -2 170 -19 -117 10 229 -88 228 91 -190 -245 -147 76 179 171 3 -229 -65 136 153 108 211 -95 160 -87 231 -104 -168 -69 -31 -48 226 93 195 151 -248 -89 166 -14 -138 -199 133 -13 221 -236 -6 202 246 -235 -123 -237 149 -153 232 197 11 99 -242 -30 -85 -213 -154 -114 -76 -62 -112 56 249 -46 145 127 -26 -145 213 -32 -38 -124 124 47 -225 -71 94 100 -167 196 -74 102 104 -80 -221 25 -210 -240 239 60 132 -4 -215 -72 26 48 -186 -159 -1 -132 -42 -18 -63 -157 156 -111 119 -54 130 241 167 90 238 7 30 -106 49 183 92 139 -247 245 -35 215 -131 -177 199 -120 103 225 39 -244 67 222 -33 227 -156 173 189 220 -206 105 86 -166 -202 66 -81 -58 237 40 -208 223 -37 77 -142 -171 209 59 21 -127 -97 129 -148 -189 -203 111 65 98 -116 -238 148 165 172 -228 235 -137 50 205 68 168 -184 -209 115 159 -128 -96 191 216 73 -130 117 -68 41 -227 158 -187 80 -150 181 12 52 -73 -239 85 -226 184 112 247 -82 -56 -78 -59 147 -152 -27 180 116 -140 -10 31 121 120 -75 -151 37 114 -230 -16 203 244 55 -241 33 134 -160 -223 -217 64 -102 -129 -195 -107 -45 -161 -20 -118 -162 -181 83 135 -115 -175 -218 207 71 109 -197 8 -53 32 -212 -192 -201 -70 -205 -99 233 -57 -83 -194 51 -98 -43 -11 81 -108 16 174 78 -196 -135 43 157 79 -133 61 -101 17 198 -125 58 -143 44 -126 137 146 -144 -103 -9 -64 28 -47 -232 140 169 -164 -191 126 214 -178 -67 23 206 -231 -134 29 72 -25 2 34 -141 106 240 -100 234 -79 143 -179 -220 177 1 -40 -249 -109 -182 118 -94 42 163 -180 4 -170 176 138 24 -24 155 131 -55 -17 161 212 9 113 95 -233 192 -119 -158 -51 -90 224 -44 -7 243 15 -216 69 6 187 186 217 74 14 -50 70 -198 45 -188 -185 -146 -92 -15 19 -243 -66 -155 -136 57 -52 -149 -250 75 -121 -5 123 125 -28 -173 164 -172 18 -39 230 62 38 154 84 -91 22 -224 -169 -23 182 -219 200 82 -12 89 248 -204 -29 122 -222 218 101 242 -60 53 63 188 96 -93 -207 -193 -105 88 -3 
TEST 65 ARG:-155 -35 -164 -114 24 9 32 -99 -102 50 182 3 -117 58 -226 92 104 -250 177 -240 75 -206 246 -109 -211 184 181 99 -111 -12 -22 -176 -80 142 -242 -28 48 76 220 -231 41 -173 -228 93 89 30 -62 180 33 15 215 -141 192 201 -205 -20 230 -39 22 31 -113 167 198 -138 28 161 -122 -227 -237 127 -199 -140 87 -57 -13 196 62 199 -60 26 64 -131 -147 -46 223 164 60 29 211 54 -90 16 -203 74 -247 -53 195 44 -27 116 -204 -148 -43 165 186 -207 73 200 -177 14 66 109 -101 -132 -118 113 112 -146 224 -83 36 156 159 231 -107 -4 183 51 128 155 -8 -238 185 61 247 157 -245 -151 -188 -142 -214 168 -67 39 -179 40 -70 -64 111 -144 214 173 -74 -235 123 -34 191 -105 -50 -103 189 -65 38 -59 1 213 6 240 -21 88 81 -96 226 -168 118 244 7 101 170 -136 -97 59 110 234 146 -77 125 -208 34 122 -68 235 21 169 187 237 86 -158 -7 -169 -218 -139 138 -243 -224 -36 10 23 217 42 249 -85 238 -75 -69 -249 129 -149 163 120 -26 188 -229 -219 -157 -108 52 239 140 85 79 95 -55 -172 -10 -82 209 35 -241 -94 133 115 -14 134 -128 -215 98 63 -116 -165 72 13 -135 -171 105 -161 -110 117 158 236 2 205 18 43 -232 171 0 27 241 -198 141 -137 82 -162 -221 -18 -5 119 136 -236 -100 -78 -163 78 144 -47 -79 -210 -167 -32 -11 -33 -248 -145 121 -51 47 -156 20 12 233 -166 45 114 55 229 -45 190 -73 131 -72 -58 172 228 4 -143 -30 57 166 -92 25 11 -180 -9 -202 -152 -212 -178 -52 -1 -216 -234 71 178 -81 216 -233 -17 203 -44 106 -86 67 -246 8 100 94 -201 194 49 -61 139 -154 -124 225 206 17 -15 -160 -19 -24 -3 149 212 -220 -98 97 -2 -127 193 -84 -95 -56 -42 221 -41 -182 -153 -133 108 -223 -54 19 175 -159 -37 153 -112 -125 208 -88 -197 -191 -123 102 -185 145 -150 83 70 -193 -29 -184 -91 91 84 69 174 -104 -200 207 -121 137 -134 148 135 77 -76 -120 -115 -48 96 227 -230 -244 37 5 -129 232 219 -209 -170 53 147 -31 197 130 -186 143 -25 -49 150 -181 103 -23 151 -16 -106 -87 -194 -196 154 -119 -225 -71 160 107 202 -66 -222 162 46 242 179 -189 245 80 90 65 -195 -187 -217 -183 -175 -192 132 243 68 -174 124 204 -190 210 -89 222 218 -38 176 -126 -6 56 -93 -239 248 -213 -63 126 -130 -40 152 
TEST 66 ARG:-15 75 -78 -56 -44 224 -215 -72 127 171 202 -150 -186 191 6 120 215 -162 249 24 -38 111 54 231 137 -64 -163 -206 31 -171 130 139 -232 207 -12 186 12 83 -40 30 -147 -126 -151 -137 181 105 -62 -190 61 -192 -100 -152 -28 -1 23 -210 205 101 -53 -180 -218 131 -8 -30 -226 -203 149 68 200 -82 -23 -166 59 -68 214 164 -198 -159 -223 228 -109 -10 189 240 -113 -164 -222 -250 -119 85 -118 -177 -27 -241 -204 5 40 50 176 -73 -35 -213 145 -19 46 87 -224 106 93 135 133 185 -225 -197 18 114 -143 94 190 -236 187 221 161 -86 196 237 -91 70 -70 -231 -97 -46 -240 -205 148 -149 -32 204 158 -127 -248 229 -41 103 -17 52 80 242 35 69 116 -196 -249 -136 108 107 -172 -47 -133 -14 -148 48 -229 -123 177 -49 -85 -24 195 -243 241 206 -26 -67 109 154 -146 -230 -239 -191 -238 239 -90 -217 201 -108 -140 -2 -182 7 84 136 55 163 217 86 -158 175 174 115 -3 -59 15 -212 138 -200 -88 -54 -21 -106 194 -169 91 53 -245 118 27 126 192 -51 168 -31 -155 19 193 41 122 -16 -242 -63 227 -141 219 -79 121 -94 -144 226 92 -50 112 143 56 65 9 -29 125 236 -115 -107 -124 -99 88 -116 -112 208 -18 209 -125 -43 -183 13 162 235 64 -81 -9 98 -181 -207 79 -167 100 51 66 -77 -4 -168 99 32 159 -58 218 37 -201 -83 -98 -92 183 234 25 95 45 -61 128 -176 -214 34 89 -153 151 -235 -219 119 -7 -37 -122 -142 58 -208 -199 71 -128 -209 -175 156 -138 -89 -57 246 -55 1 141 22 166 -102 74 62 -234 21 -75 152 -233 203 -156 -33 47 -216 102 222 -194 223 233 -95 160 20 -193 244 -76 169 -187 -80 -87 57 14 -105 60 17 2 213 -170 247 -5 78 73 -228 -161 117 -132 -154 220 245 -34 -22 -93 -237 -227 -52 199 -11 -13 230 -130 -244 11 -6 110 182 -104 63 67 180 147 -131 123 -221 -60 -103 -101 -39 49 -189 104 134 197 -246 72 124 150 -110 -120 28 29 -179 -74 -165 10 -202 4 188 170 96 140 167 -96 36 184 165 -65 155 -220 8 33 -117 178 42 -129 -134 -20 -173 153 144 -160 16 -185 -195 44 -211 -111 172 146 0 157 129 132 211 198 -48 -66 -157 81 225 173 -178 38 212 -36 243 82 97 -45 -42 -114 -71 -188 113 26 248 43 76 238 -135 90 -247 179 -121 232 210 -25 -69 -84 216 142 -174 -145 -139 -184 3 39 77 
TEST 67 ARG:217 -49 84 -96 114 224 -7 -32 168 -19 180 120 137 -36 -110 -131 189 53 35 100 -127 198 -78 14 109 -167 75 -139 23 165 -194 54 244 -153 113 143 111 121 -90 -102 234 -1 158 10 -147 94 -164 -191 153 -101 197 -192 24 59 162 193 -47 -93 93 -26 -135 62 150 64 88 -72 122 -68 43 160 -199 147 -237 -198 -57 -17 -168 15 125 72 240 63 -166 135 238 30 -73 -116 8 -120 52 -60 -115 222 92 -182 142 133 69 -154 -175 -128 -37 -136 226 77 -125 33 -133 246 41 -214 -98 49 105 108 -157 56 -138 -186 -152 76 -141 -59 185 -174 183 60 -11 151 102 96 4 -225 25 -243 210 -178 50 145 134 -201 123 -200 236 -75 148 136 98 228 -212 -45 -83 174 -88 -240 192 -241 247 -151 127 -155 -249 169 13 -55 -144 239 3 107 -30 -218 97 29 80 -43 -137 181 78 31 221 216 -16 207 173 46 215 243 -130 -89 -64 132 144 42 37 -104 -179 18 -228 214 124 -129 128 -176 48 57 249 206 71 -18 -134 74 -245 -216 -112 -87 223 28 194 -58 -91 211 6 237 -208 -74 -61 196 -12 -51 203 -50 58 -180 19 -14 -31 21 175 -20 -231 -86 245 -108 -84 -238 -114 16 -82 -226 -63 -149 -202 -162 229 -13 -77 242 241 -70 -148 -46 -34 179 -103 156 65 213 131 219 -122 -119 -233 -242 110 -92 116 232 187 -5 157 -123 -6 -48 -236 -66 7 0 11 -22 212 -80 67 47 -224 230 -177 -217 22 166 138 -76 -159 -126 195 66 51 182 146 112 61 -42 45 -35 -142 -158 248 -205 200 -54 -161 -10 231 12 -28 -203 95 -190 -113 -65 130 106 -95 17 86 -52 -185 -234 176 -132 85 204 186 -2 161 -99 155 -221 -143 167 -206 -196 140 -193 -107 -44 205 39 225 -211 -3 -24 38 -189 -171 101 163 -111 90 83 -146 177 170 159 220 40 -183 -227 188 -8 -106 -81 -94 -213 209 -204 -209 -215 -246 -140 149 68 -181 5 -25 -197 9 -235 -41 -239 20 -187 -150 -244 164 208 -79 -118 -117 -169 -56 81 -220 -156 -69 227 126 139 32 55 91 -232 190 -248 -124 -33 -230 115 -210 233 -97 -207 -67 -165 -247 -71 -172 -23 -62 -222 118 -163 154 235 202 -53 44 141 87 -29 -184 -15 -195 -223 -9 -38 -160 -188 -170 -109 -229 184 -105 178 -85 -27 218 -219 27 34 104 -100 89 199 129 152 2 -39 -173 36 117 26 1 -250 103 172 -121 201 -145 99 73 171 82 -4 -21 119 191 70 79 -40 
TEST 68 ARG:45 -197 -31 89 -106 78 151 1 -91 202 -100 -12 118 67 -209 180 -125 17 -215 -214 -24 -6 171 -195 -94 243 73 -30 -74 50 207 145 -167 248 -88 -68 -90 -20 91 -240 175 159 -13 -183 -154 88 -233 115 -146 -152 223 -16 -165 153 -207 -26 56 -21 -225 46 -43 -44 -85 -194 187 122 -108 -102 -173 173 -92 -182 197 137 161 181 -1 -4 -217 26 111 106 -223 230 -65 -75 -239 -52 156 76 -170 -156 -247 -162 -145 93 -137 98 -5 -222 192 -33 -236 136 237 125 172 203 -66 205 59 14 -122 -42 8 82 -153 236 -62 224 238 186 210 -126 -71 -232 0 -115 208 -176 245 -114 -57 -158 193 -245 -18 212 -160 -208 13 -70 -188 -28 127 -164 -135 47 66 -199 -184 -136 40 233 147 -205 -235 -116 100 -76 134 -120 -140 -49 27 -61 228 119 -10 240 19 154 195 182 140 -69 25 110 199 -99 214 -83 -72 124 -228 37 -190 5 -35 -81 -45 87 -196 225 -171 48 219 209 128 -41 24 138 167 70 -14 107 69 227 -104 -175 120 -187 -8 -241 -19 -231 126 -206 213 72 -159 28 196 -151 189 143 -11 -84 -144 108 102 94 -174 18 -172 104 -238 12 206 55 53 9 -98 -105 64 -119 229 131 -123 -36 39 -60 -155 -168 -96 211 -179 -193 -186 86 165 -50 -237 -51 -25 79 178 -9 185 -148 34 184 150 114 160 -221 71 60 -192 -203 61 -191 -78 222 113 -34 217 123 -149 -220 117 103 -249 77 177 -250 -29 -218 133 -110 -246 -40 204 -248 -211 4 -224 -163 105 -189 -204 -48 116 146 158 -2 129 -139 -244 30 -142 36 15 226 -73 -111 6 -113 -112 -79 31 10 75 170 -242 -161 -23 144 164 -7 52 109 -180 -147 -177 96 142 149 200 -157 81 -229 -133 11 -243 -17 139 -80 -200 -131 -127 -117 -201 -178 65 -124 176 -56 183 -138 85 22 -118 135 191 216 198 -198 57 141 -93 -67 -27 80 20 -86 38 -213 -202 -101 152 58 -97 239 -38 49 74 221 84 246 -185 95 83 179 234 -64 -132 -226 166 121 232 51 101 29 249 42 155 215 112 -169 -47 97 -107 194 247 -63 174 190 220 68 32 132 -143 99 33 -39 -54 -121 244 -128 -87 235 -227 242 -219 -89 -82 162 -103 7 62 16 -109 -181 -141 41 148 -53 231 3 -216 -95 23 -59 -55 21 -210 218 -134 63 -166 2 -32 43 -58 130 -230 54 -37 -77 -129 157 44 90 -22 -212 168 163 201 -46 35 169 -3 -130 -150 -234 241 92 -15 188 
TEST 69 ARG:6 -160 -209 -159 -116 -49 245 212 -90 1 -243 93 158 -95 154 133 59 243 -171 92 120 -34 115 -77 -121 -94 173 -80 -150 182 -133 -118 179 63 -177 -142 181 -244 -250 155 145 -217 -213 124 35 -126 38 -136 164 151 -6 -128 -174 -22 -11 82 196 -191 -176 -145 -204 237 -81 -151 41 11 148 -234 -100 -28 105 -227 215 65 244 -125 238 34 175 157 -221 206 -215 152 241 190 205 186 -105 213 -152 -210 84 207 134 143 100 104 -140 -37 -114 -134 -55 -65 -225 109 54 177 -241 -222 -71 -64 -182 107 -206 -54 -61 71 108 -103 -169 -46 17 -197 -205 -58 57 -106 76 -167 216 -154 -229 -130 112 165 208 -202 184 64 -216 -48 -242 -7 123 83 -183 52 174 141 -97 44 -139 144 130 -185 228 7 204 -79 -180 153 26 69 99 -199 -188 -220 -42 60 -89 39 139 -127 24 -24 -12 9 4 118 116 -99 195 -240 -161 -208 -166 -239 75 209 79 187 210 40 160 -109 -235 -56 -115 236 -86 -68 -51 30 48 -107 55 -3 87 159 -44 28 -218 -47 32 -224 142 -129 -53 -69 -236 150 -233 146 113 119 -21 -63 -246 -87 72 -60 242 220 -143 -232 248 -135 89 249 227 37 -14 -138 -59 -52 16 -249 81 -45 232 -102 58 46 74 211 -85 233 -23 13 -207 235 -187 -178 -148 -162 80 140 -70 -184 98 -31 203 -165 5 163 -98 -2 -153 -78 -84 131 -144 -111 -196 -131 223 127 221 25 -193 214 172 -237 -141 -16 -96 -50 161 247 36 -117 -17 224 51 -212 183 14 129 -5 -91 0 88 229 -158 47 -157 -189 -62 230 -247 -26 217 -29 -20 147 -74 200 225 97 137 -190 -132 15 -25 114 -72 -245 -211 193 -18 -170 198 29 -82 -33 -168 -156 156 18 -38 -219 -172 50 149 -73 8 231 201 -179 31 -88 -194 111 85 -175 218 96 110 106 135 -173 136 234 176 -108 -164 90 167 -181 132 -93 -203 45 -41 19 -223 20 53 -39 180 170 185 -110 121 49 246 -186 171 102 -192 73 23 128 -1 -32 -35 -228 -155 -27 -201 91 125 -200 68 95 27 -198 -122 197 -40 -112 94 -226 42 -195 103 -66 -101 -10 -238 77 226 12 -43 169 191 67 162 -15 189 22 61 101 -230 -120 -104 43 202 -147 -123 122 -4 -113 194 168 178 56 240 219 -57 -124 138 -83 -92 21 10 86 192 -67 188 126 166 -13 -248 66 -9 78 199 -76 70 117 -75 33 -119 62 -231 -19 222 239 -30 -8 -214 2 -36 -149 3 -163 -146 -137 
TEST 70 ARG:35 228 -228 -14 188 -93 -89 222 -134 237 -150 -57 -96 240 -48 -133 -123 -198 -176 102 -183 186 34 -101 -188 83 -195 -223 -85 211 -7 -138 1 121 -97 -37 67 209 25 -136 -203 55 161 -191 -129 238 -135 185 201 168 45 -207 -217 134 -88 73 -177 -61 -100 13 -4 40 -36 -184 216 184 -11 -102 -59 -33 54 68 -141 115 -43 19 79 -53 132 -202 148 -238 172 -131 -145 -19 133 -58 178 113 145 70 245 -5 87 149 -246 27 -166 150 107 -214 96 -16 99 29 -35 84 204 9 -103 246 94 -77 -222 -3 -178 -130 22 219 -124 239 202 -208 -62 -28 -34 -26 -171 226 214 -1 92 48 110 -250 -46 232 14 129 -29 -75 176 -220 -71 -213 88 -112 58 21 -144 90 23 -128 10 153 -91 30 230 130 156 208 -151 -82 -105 98 105 53 -169 194 -170 49 160 12 85 -197 -67 181 -140 103 187 -245 223 -39 17 -50 248 213 225 69 -66 154 -92 -127 -120 127 -194 -156 -23 195 -161 -157 197 -104 38 123 -243 -106 3 218 200 242 119 109 -182 -38 64 18 -172 -55 205 -12 -83 52 171 93 16 95 56 175 162 7 164 -109 -164 207 -21 -44 -52 -224 247 -118 155 -206 101 -95 61 233 74 -49 241 203 193 -153 -81 182 167 -108 -69 78 165 220 224 -56 41 118 -189 -132 43 179 229 122 -84 -64 147 -158 180 -237 -114 108 -116 104 -235 231 -87 26 -139 235 -230 -17 192 -111 50 -32 -180 -229 -143 -204 -154 -190 -9 32 -187 158 6 46 -79 -80 -20 -173 39 221 124 -73 100 -90 191 -122 135 183 -248 -205 -181 177 -212 244 -211 59 131 8 24 -239 173 163 -162 -236 198 -107 -148 -110 -167 206 -242 15 -22 -186 139 -94 -221 136 -68 -137 -174 151 114 -231 -76 128 2 33 -193 169 -233 -117 234 -126 -200 -185 -8 -31 -121 -249 166 -51 -18 -72 -179 60 -42 66 157 -70 -227 159 -25 47 51 -232 -210 76 143 86 -65 -247 -41 126 89 -241 -219 -199 -115 -152 -78 -6 62 5 -125 28 -60 142 -196 -209 -216 120 42 152 -225 -30 82 -24 -15 -13 72 -113 65 -165 -201 -47 75 -244 144 138 -175 190 -45 111 -98 -192 196 -10 -226 -142 174 -27 0 -215 -147 36 -163 227 146 -160 71 -99 4 81 243 -155 91 -74 -234 -40 11 57 -54 210 112 -146 97 141 -240 -149 -63 -2 217 189 215 63 77 31 37 117 -86 249 236 137 106 116 170 80 44 20 -168 140 -218 -159 125 199 -119 212 
TEST 71 ARG:217 -229 99 -76 199 -117 211 184 106 -220 248 -75 42 -97 -82 122 40 32 -65 -118 142 -112 150 -40 213 9 226 202 -210 231 -230 -96 -187 153 -23 225 -198 21 180 3 -46 -29 179 195 152 12 -126 138 127 131 240 166 140 -91 104 -68 -120 18 -161 -85 -197 -240 -39 169 220 15 128 215 -221 -5 -105 -58 61 237 51 219 27 -48 228 -189 -184 -133 164 175 181 -19 86 71 -163 -72 -7 25 119 -42 -103 24 65 -150 20 72 -171 -101 -61 83 -153 137 -32 -246 174 53 235 -71 149 161 -27 -77 -175 -51 170 212 154 190 -84 -177 -95 -182 203 -127 249 -174 167 -143 205 229 -250 11 -190 126 -28 -115 43 -200 -165 -209 60 187 -227 193 222 30 -219 233 -87 159 -50 -102 207 -231 -169 148 -134 67 -12 -116 204 82 48 -57 77 -63 -106 176 31 185 196 -172 -114 -86 -111 208 100 -62 162 -152 -226 -35 -236 41 -24 236 92 26 -9 -60 -132 198 -234 59 85 28 -10 144 -206 121 -137 -136 10 -107 221 243 244 93 -194 -208 34 29 -162 116 -69 139 -30 96 -195 241 62 -128 -223 -74 14 90 -233 -13 114 -202 -145 -38 -151 -216 210 -199 6 -156 191 109 -81 -108 124 1 238 -25 -201 -139 22 -232 -235 -205 -11 23 55 132 -88 73 -17 239 -66 145 115 232 -49 -119 -26 47 45 182 168 245 -78 66 163 157 -178 84 -93 183 -1 74 -191 -18 -144 -241 201 246 -31 -34 70 101 -109 214 89 147 224 78 -36 52 -123 112 143 -22 -186 103 -55 172 -141 4 46 -179 111 -158 97 200 -15 -167 -80 79 -183 68 -238 160 -54 50 2 -122 0 -212 247 -125 -99 107 63 -225 -149 -160 37 -176 -248 -157 105 16 -8 123 -110 38 188 75 -243 19 64 -192 -213 -147 -45 -52 120 178 151 95 -242 -188 -14 156 218 -237 5 -168 80 81 -41 35 113 -173 8 -214 -245 33 -222 -100 -249 -164 -203 -64 -138 135 -104 110 130 -239 189 49 57 -155 -193 -140 216 125 -166 -215 94 76 -89 -79 230 -53 -3 223 87 -218 194 197 102 -92 -16 39 -131 108 -142 56 171 -20 -121 44 209 -47 146 136 118 -94 -44 54 -207 -73 -37 69 36 -129 173 -2 -98 88 -6 -244 -90 -247 -180 117 -211 -217 -4 186 -135 91 155 -181 17 177 -204 -56 242 7 -67 -83 158 -113 98 -159 192 227 -43 58 -146 -148 -59 -130 134 141 165 -21 -224 -228 -154 -170 13 -33 -124 -185 -70 -196 129 206 234 133 
TEST 72 ARG:248 -37 -127 -17 -226 198 -235 -118 56 -249 160 177 126 129 203 4 -105 110 -44 -181 88 27 -200 218 -128 109 130 151 115 204 175 -36 -24 60 -195 -125 134 222 173 8 17 238 -14 -163 105 229 -81 180 152 108 -190 9 -83 24 -241 123 -112 -206 196 111 -29 -122 -89 -238 107 -173 -93 95 131 -108 -62 142 -82 -75 149 -43 59 135 -18 -85 76 224 98 132 140 -46 -130 -31 183 202 -161 7 61 75 245 106 69 141 -179 -210 -51 91 -245 73 227 -201 228 -104 -217 -129 -242 -54 -86 125 166 -94 -224 -180 86 -59 -49 233 -166 -212 -96 -87 216 102 -191 33 128 167 154 -218 243 93 -119 -88 193 13 -229 -154 -192 -106 -168 19 169 -91 -148 -74 96 -152 -110 12 15 -204 205 -215 -157 137 -156 -66 -165 186 -222 97 -120 133 -25 -97 189 -243 -7 197 217 16 -56 200 170 32 -80 -146 92 -12 195 147 -132 249 10 -230 -247 90 174 -20 -209 206 -28 -115 -207 -65 178 44 127 -223 -92 188 -21 240 -60 -227 52 85 89 -155 -58 20 5 72 -185 94 0 246 21 -139 -121 -98 -188 -151 -133 31 -63 -109 82 184 221 -41 145 2 -232 194 58 78 87 -178 80 -123 176 36 225 55 150 38 -169 -250 232 -61 209 117 42 -99 71 214 -27 190 242 -150 51 39 213 143 148 41 -6 84 11 208 -95 -194 171 54 65 -147 -111 -177 79 25 113 -175 -8 -23 -73 -183 -135 -167 -220 157 -236 -213 -32 -174 112 -70 219 -131 -202 159 -33 -116 -160 -35 244 236 -228 74 46 220 -141 226 -16 164 -84 100 182 29 -4 230 -2 -103 -52 -34 191 28 -171 -124 -145 68 23 -225 158 -67 181 146 210 162 231 -90 -9 -211 -153 -193 66 83 -71 -244 70 37 63 -144 -248 -143 50 -205 -246 -5 144 -68 53 118 -77 -142 212 57 241 168 40 104 235 47 48 201 6 -11 -69 103 -140 211 156 -101 -26 -19 -214 139 163 -196 155 207 116 -221 -78 -149 62 -114 49 43 161 -198 120 -208 -164 -53 -30 179 192 1 -3 64 -50 -10 124 -45 -176 122 237 -117 187 215 101 35 -1 -237 -182 199 114 -159 119 -240 -40 45 -134 -42 -136 -64 18 234 138 26 -137 -189 172 -170 -76 81 185 -186 -172 -38 -100 247 -55 -126 -203 14 -57 153 -233 -79 -187 239 -39 -184 22 -158 -72 121 3 -231 -113 -199 -138 -219 -239 99 -15 -47 -216 67 -197 165 -13 77 -107 -234 -102 136 30 223 -162 34 -48 -22 
TEST 73 ARG:46 102 83 87 150 -19 -53 -50 -238 -31 209 60 24 -55 -149 -124 13 -199 10 197 5 -80 -158 119 -77 -217 -235 249 -104 130 196 -168 -111 -248 147 52 -194 -211 -89 -68 166 -220 -36 103 -65 110 -56 96 37 -92 -209 -20 49 -189 165 127 -186 206 124 -13 -134 -54 159 -228 -232 -64 146 125 172 34 -86 -94 -146 -25 -150 -155 -101 164 135 -153 -71 23 237 -22 -51 162 7 158 -43 -40 157 -131 9 148 247 39 43 208 170 -123 215 -138 -200 -115 -240 48 68 -66 -205 18 181 47 -243 -120 205 98 -192 50 65 19 245 116 -107 176 -187 -128 -52 -203 131 41 -70 -229 26 -239 -116 -79 -142 -160 100 111 -221 -82 14 -26 74 217 192 123 242 -125 -67 199 -173 -224 2 91 21 134 27 0 45 97 193 -112 -2 -246 -206 138 -197 -230 -196 -42 -74 -48 230 59 -169 84 -174 180 -133 145 240 57 -97 -98 -219 154 -182 -157 243 144 -213 -163 -28 178 -49 -39 53 202 213 168 200 -7 225 54 -242 25 139 -34 -162 -148 -212 108 61 198 132 -181 212 233 194 -250 -167 -215 218 40 -237 93 177 51 -159 104 -195 -15 22 160 -18 -127 187 -41 35 -100 -184 62 -38 128 -33 -87 161 -118 -29 -17 143 44 -214 -130 -143 226 -177 -244 -24 -78 -234 -61 -72 105 -16 33 112 149 -91 141 -249 238 90 153 -144 82 72 -14 81 69 188 223 66 11 -109 -152 -122 73 -226 115 -121 77 -69 220 -81 182 -117 -83 17 -223 -88 94 -21 16 80 64 -85 -172 -231 -106 -90 20 171 114 140 31 -46 -1 184 -63 137 -145 101 203 42 121 -207 -140 -73 -30 173 -102 79 -171 -154 56 -183 -241 216 152 -166 221 75 6 210 107 167 -180 -4 -105 -202 118 183 133 -23 -58 -216 -156 -236 -10 -44 -9 -11 222 -5 126 142 -114 -3 -126 95 189 4 -147 -12 71 -76 -103 244 239 -119 231 204 28 85 179 -108 156 -175 120 -204 -95 136 -227 207 113 3 78 235 -32 15 -99 214 -222 -75 122 1 201 248 55 163 -141 12 -188 -161 109 -6 227 -233 241 -136 -193 29 -151 -62 -245 -37 -96 -247 -84 67 155 106 219 -57 151 -59 -35 175 191 30 246 -176 234 -218 -129 -225 -139 99 32 63 -210 -178 -170 -47 -198 -60 -201 76 -185 -93 169 -190 -179 129 -113 190 58 89 -165 -164 86 117 195 228 211 8 236 -191 88 -137 36 38 232 -135 -110 -8 -208 92 224 -45 186 229 185 70 174 -27 -132 
TEST 74 ARG:-228 214 245 84 -239 10 -176 118 -114 246 -108 116 -2 127 -48 -235 -216 -96 188 -72 98 192 -119 -200 68 -92 219 186 155 -14 -193 -113 193 87 -66 25 -99 -129 -15 121 117 8 82 11 -154 190 4 -30 145 170 164 115 -178 -137 -9 103 -49 18 -93 218 137 -107 80 -43 153 -81 6 48 225 -120 -35 146 -68 -135 88 -50 50 -18 199 -233 201 -110 -1 202 217 -223 -196 -175 195 -156 149 196 157 -140 -115 -249 -206 -80 226 39 -179 173 -27 -87 101 126 -109 -149 -199 -84 -214 -234 181 -192 -61 -204 211 -122 123 112 99 43 -218 235 187 -190 67 -203 0 175 -111 -16 -231 208 -201 -38 35 183 37 -123 158 -148 -146 -170 -60 129 165 -219 -25 -100 83 136 41 -67 231 -57 176 -184 -37 -40 -158 97 93 -207 -91 166 128 -181 -102 -32 234 -64 65 -23 40 -220 -90 -213 53 205 241 78 -238 -76 152 -101 14 105 -3 220 102 -152 -56 -62 2 -47 66 154 -189 -17 -7 182 248 -202 38 131 -97 138 -125 34 -46 238 -121 -4 -208 69 -73 -246 -163 -186 160 57 -70 -185 -194 20 -191 -20 222 45 109 -94 -33 147 -212 242 -161 104 19 -13 44 -182 210 -131 76 191 13 216 -132 86 111 12 -173 -151 32 71 243 -65 -75 59 168 70 -83 -138 42 -77 204 -197 -103 237 -242 -74 -232 58 230 -162 -53 161 -160 -172 134 233 169 198 9 215 30 3 63 -198 -59 -174 -183 77 79 27 -169 16 29 36 142 -22 -188 -145 110 -217 224 133 135 -116 171 22 94 194 203 75 55 -86 -106 -229 -85 -167 -211 221 -71 240 49 73 -51 107 -24 -136 232 130 26 -236 74 60 -52 -245 -141 213 -150 -98 -210 72 -237 -34 -69 114 89 -177 179 151 -224 -10 229 -215 -112 174 64 15 -42 -8 -82 96 -21 -39 162 -153 -79 -180 150 236 227 -127 7 -247 178 52 -144 223 209 -95 -31 62 -134 -143 24 23 -240 17 -11 184 -164 -133 -26 -55 125 177 -230 -124 56 249 31 -104 -168 119 -241 207 -225 -171 -227 206 167 -88 -187 -142 163 -250 -209 122 -12 61 -155 -5 -89 28 172 124 33 140 95 -226 51 143 -195 -29 106 141 54 159 -45 -147 108 -221 200 -248 81 -105 212 -63 197 -126 -128 -205 -157 156 -118 132 113 85 5 91 90 -159 -78 239 -243 100 -44 180 244 -222 120 -166 47 -36 46 -54 -130 -117 -139 185 21 -41 -58 189 -165 -28 228 -244 -6 92 148 144 -19 1 247 139 
TEST 75 ARG:-187 -241 213 168 245 -129 215 -151 83 -26 -122 149 -160 190 -83 191 74 61 -50 -105 -11 84 171 -4 42 217 59 -27 91 249 11 67 57 69 119 -130 105 -210 -239 133 130 -137 -93 -45 -104 -94 -206 238 94 -48 99 160 146 -103 244 -133 -20 -223 -194 95 -23 229 179 232 -171 48 176 140 -114 248 -174 50 -192 -16 158 -73 -240 -172 113 117 -36 -109 197 188 -52 -249 182 -156 172 107 -211 199 198 43 85 -88 157 -204 180 -242 -28 -153 -79 -236 -152 -164 9 -58 -175 93 210 33 49 227 123 156 -76 -102 -224 -150 237 -146 230 148 219 -24 -155 -108 54 20 -69 194 79 -159 -213 103 222 -197 169 -165 -140 -209 242 122 -214 -13 -7 -131 100 -66 151 -78 131 -145 96 -22 154 -1 -193 -9 -10 121 209 -85 -195 109 204 110 -157 152 -3 233 228 -8 34 -244 -248 -49 120 247 92 -123 -115 24 -65 129 193 46 -57 -161 246 -217 -95 -144 -64 216 -181 45 89 -2 -228 203 106 66 -62 -142 86 226 -162 134 -5 -125 -53 -230 17 -116 -14 2 -120 23 177 174 183 -46 141 -168 115 -113 -101 52 -147 -25 101 -186 235 -87 125 -119 98 39 -40 -188 78 88 -220 -107 -199 -234 -100 -63 164 -43 -225 150 -215 -202 -112 -143 14 -247 8 80 161 97 -163 -176 -34 29 -196 62 234 136 65 -32 -169 -250 -138 143 -126 -136 21 175 -71 -70 55 -18 10 -97 -229 165 87 38 240 -30 -207 -183 -89 -208 187 73 -29 47 -127 -77 -92 145 205 112 -55 0 5 142 -149 -246 -118 -216 189 27 -132 -222 200 -37 206 -17 53 -189 214 153 -177 207 192 -31 -245 -47 -238 40 90 155 139 -75 -235 -167 -39 108 -198 -141 -134 212 -205 128 132 225 -179 -15 -74 -212 166 70 163 195 -54 104 -68 22 81 -203 44 173 135 -44 3 -232 167 -72 -38 25 116 -91 -227 221 4 -90 211 15 -59 -128 16 111 -154 -19 127 71 63 -148 -237 144 -191 68 -51 -218 -99 -158 18 162 30 208 -56 220 -6 -80 -98 60 196 184 56 231 -166 -110 1 186 64 75 -61 -180 239 236 -21 224 126 -221 -170 -12 77 170 243 -106 58 -60 -190 138 7 -117 -231 -243 -67 -233 102 137 -185 76 181 159 -81 223 6 -82 -135 -201 -200 37 241 114 185 72 202 -86 -33 147 -121 32 -184 -84 218 82 35 13 28 -219 -139 26 201 19 12 -41 -124 31 51 178 124 41 -178 -226 -182 118 36 -173 -42 -35 -96 -111 
TEST 76 ARG:-28 248 63 83 -111 231 -159 62 -44 -202 -101 -137 89 97 -77 129 60 -236 94 163 32 -246 -45 -213 20 -144 157 -53 86 64 -88 -119 -156 136 148 -114 -127 143 -31 38 -38 -153 -154 -227 215 108 -29 137 -72 -165 -133 10 -161 202 -222 -232 -52 46 58 -10 159 201 217 126 -63 11 -30 85 -226 70 106 -168 179 -241 -82 52 -55 95 53 216 -37 -13 183 128 -231 198 -71 -199 204 207 -210 14 140 -80 -12 56 -104 222 -24 -93 -97 8 -228 118 -69 233 80 -4 -193 -225 193 152 -152 208 -245 225 -75 -89 -35 209 214 132 158 210 -177 13 -129 -61 -248 -250 -242 156 -212 -85 195 -201 172 107 110 -218 177 -118 82 -230 -179 15 -8 42 66 -142 61 37 -54 101 -109 -126 -158 226 -208 -244 44 212 39 141 3 122 105 -247 -249 -108 -192 17 162 111 246 -40 99 -221 116 -151 117 224 -166 -33 -83 121 -217 114 -32 229 25 -47 50 218 178 -200 -214 236 -206 138 -78 -143 -188 240 -169 -66 71 -124 -39 -186 73 244 -90 139 -215 211 23 -238 93 98 48 -130 34 -157 -84 197 -46 -224 245 -211 91 -57 -189 -196 228 -16 124 189 7 51 -197 -19 -110 -112 72 171 -223 29 -216 -18 -115 -187 -123 144 112 -178 -163 -172 -41 230 16 49 -120 43 -122 -81 59 -194 -34 -175 -42 12 234 -117 -141 -162 -25 113 119 185 -181 235 -240 -190 164 -128 -173 -7 74 -191 -99 131 -86 -135 -155 205 219 191 -171 -164 176 186 -125 0 -74 237 -102 180 196 57 22 88 -73 -131 151 -6 -76 -176 168 238 -138 -79 -70 154 223 -219 241 -170 -204 -106 -147 -94 -1 104 87 81 127 -209 5 175 -58 55 67 -121 147 41 -182 -136 199 247 -23 -167 40 -96 120 102 -91 47 -207 169 160 167 109 165 -3 31 200 -183 103 -145 -233 36 -50 173 -60 -68 90 26 21 1 -14 190 220 135 149 242 142 -51 -205 -116 24 134 -174 -234 213 79 181 -103 -229 170 166 -27 28 -113 -87 150 19 206 45 -62 -22 -198 115 -184 65 -20 -43 -140 -5 -100 -239 -148 -134 -107 -132 161 -64 2 -49 -67 -237 -95 192 221 -98 -17 92 146 -56 249 182 -243 -2 68 -15 69 184 -92 194 187 174 -150 6 133 33 203 4 96 -185 84 123 -195 153 -139 76 35 243 -48 -203 -65 -105 9 -146 75 -160 188 155 -26 54 -59 -36 125 130 100 27 77 -220 -9 239 30 145 -21 -11 18 232 -149 -180 227 -235 78 
TEST 77 ARG:-117 215 -59 -98 -21 -142 -85 154 222 -180 -54 -189 -231 -134 200 84 -164 208 -223 216 88 151 -111 48 -3 98 -136 240 -87 -47 -112 217 -94 -162 -200 170 -141 -16 -230 93 28 -2 -193 -143 89 198 -126 -110 -237 152 176 -195 -175 234 38 -62 219 73 117 -188 40 180 182 -34 30 145 92 -227 -205 149 66 -244 137 241 -173 -177 -234 -30 155 110 184 107 -40 -26 -61 8 -28 -214 -108 190 95 196 125 -161 -109 64 -74 209 121 -159 248 135 -105 204 -150 -20 -37 -103 -55 -176 34 144 -80 -198 136 112 161 -124 -145 -52 238 221 6 -196 193 214 -131 -206 197 -86 79 -185 -70 97 -187 -104 -44 -147 60 -96 189 122 -130 174 -153 -8 224 41 -172 246 -43 -247 7 -81 -18 33 229 22 186 116 -120 -83 29 86 -241 172 207 -88 211 157 165 -186 -49 -5 -194 -10 205 35 -53 -203 132 -129 -133 -65 78 75 148 249 -248 -33 18 -24 -77 -168 -41 -101 102 49 68 -178 91 236 -97 94 -79 90 -211 54 120 203 -25 225 -89 69 56 206 53 230 -192 -224 -116 192 188 -219 142 -7 -158 43 44 202 -181 242 -157 -38 143 -84 -249 -225 164 24 80 178 -220 220 -154 58 -4 114 -123 -39 19 -91 -78 232 -102 -144 10 -179 -73 195 231 21 -122 -170 32 228 -183 -66 -222 -140 45 -64 59 -114 26 106 -69 -184 128 -197 36 115 191 101 -246 139 14 133 61 17 -242 -213 187 65 -113 -151 72 -9 140 -169 -29 -232 96 126 -99 -90 -68 -240 158 3 67 -12 185 55 -127 15 51 25 218 130 138 134 -58 104 27 4 226 194 31 -245 -118 233 -191 153 -22 -60 150 -146 46 -93 -50 23 -46 -135 199 118 -165 -71 -221 109 -119 -19 167 181 0 -36 50 119 -51 201 83 -182 159 147 16 87 70 -139 11 113 173 42 -48 -212 -75 -235 146 -229 -202 105 -56 162 -233 63 -1 163 77 108 245 -218 -163 71 -209 62 37 247 47 111 235 177 82 -149 -243 -95 -11 -42 -17 223 -13 5 -67 237 -152 -239 168 -201 57 -238 -23 131 244 -14 -199 -166 175 81 -125 -27 13 183 2 -204 -128 -32 -207 -226 -106 129 -171 -115 124 74 -92 -72 -137 -57 166 156 213 -155 127 -190 103 -100 169 -216 -31 -132 -35 -217 52 9 -236 -208 -107 -174 -215 -15 -82 1 20 123 39 -228 -6 -156 141 243 -250 -167 -76 12 76 100 -210 85 239 171 -121 -148 227 -160 212 99 -45 -138 210 160 -63 179 
TEST 78 ARG:220 173 91 157 125 -150 145 -53 47 -177 144 -233 163 -217 -114 135 -186 -200 232 16 221 -67 124 122 -111 -226 -143 -40 -76 -89 -152 205 57 -63 -205 -94 -224 203 -39 -22 -50 68 -121 248 -116 -25 219 -64 165 137 -138 -250 -159 -163 -184 90 153 -120 126 -145 -192 -30 -220 -74 13 -104 176 -166 247 160 116 -122 37 175 -51 35 -153 218 -4 -36 9 224 -180 166 -86 -246 -117 225 103 -136 140 -107 -154 113 -34 186 82 -106 -82 -149 -248 32 -211 -213 217 -204 161 177 228 240 -140 -28 64 -81 119 -215 -241 -232 169 138 -61 242 -137 231 -128 189 -165 230 83 131 213 -112 143 -126 155 -85 164 60 -23 168 102 239 73 27 -100 0 106 -223 216 151 50 -208 235 -98 -66 -62 222 -244 -71 -37 -236 -96 159 -179 158 -197 -55 179 185 199 -108 132 59 -113 200 244 -198 -3 -247 80 100 -15 -135 -169 -35 104 -242 148 -127 31 -49 -75 62 12 -10 101 -187 -103 -77 121 -164 -212 181 -156 171 -130 -161 127 -125 133 193 84 39 -193 49 -8 -87 -214 5 -78 195 -101 167 141 -33 56 -162 1 54 44 -57 63 188 86 -118 204 -2 -168 147 184 226 75 -58 246 146 -190 -178 98 -60 88 -47 -70 107 78 26 -52 210 245 -219 -229 -17 -65 -27 -172 154 18 -38 81 139 -194 -175 74 85 183 69 71 214 190 87 -12 149 -56 17 115 206 212 -222 -237 182 170 -144 -239 40 215 -235 -41 -209 172 -203 -29 -6 58 -119 97 21 11 227 109 -7 142 -210 -45 -225 -185 48 25 174 6 236 38 72 -148 117 -80 41 162 -245 180 -43 114 -195 -93 -48 134 237 196 -189 178 -83 -124 -171 -99 -176 152 118 -13 211 -157 112 -54 -158 -73 42 -196 108 -14 22 -5 -123 79 -134 229 -139 -110 -182 150 33 10 -201 191 110 -31 -32 -240 95 -97 23 111 238 77 45 93 -183 197 15 -146 94 -216 -92 -109 -19 -173 136 234 241 2 -129 29 -238 187 -133 30 -46 -191 -174 -44 -199 66 243 -221 128 52 -95 89 -167 -206 -16 -151 8 -84 -68 96 -131 202 -234 -20 209 -218 -26 249 207 123 -105 -59 61 -227 -18 -102 -88 -142 3 43 -1 53 -91 198 192 28 -72 -79 24 -202 -230 -243 55 -155 92 223 -69 -11 51 120 -181 -9 67 129 -231 -21 14 -228 105 156 76 99 -188 -115 7 46 130 194 4 19 -132 -42 34 -141 208 65 -249 -160 -147 -90 36 -207 -170 233 201 -24 20 70 
TEST 79 ARG:46 -218 -130 159 -182 -64 -204 8 219 188 -229 -5 97 101 150 85 95 -140 -201 -70 -207 -222 122 23 3 72 100 180 -181 -238 -137 -187 -228 -197 12 210 -90 -178 29 -42 -96 90 -227 -192 -105 -193 26 221 -100 151 229 246 -165 -108 -241 -234 -194 -160 -188 6 -18 -52 -57 -23 -19 239 -166 154 84 144 -48 67 152 -86 -15 -39 -199 56 -123 63 245 50 -73 108 129 -6 -247 -153 61 249 -61 -26 5 30 200 -156 -35 -25 155 124 65 -34 -232 80 168 160 174 -126 -91 190 -82 86 240 -45 73 -170 102 153 11 242 -98 69 -119 87 161 -72 131 1 140 191 -216 -171 -67 89 157 -106 14 134 205 32 232 170 -62 74 77 -129 -53 179 -164 -16 -211 -145 138 203 112 -209 -92 -249 111 -198 -1 143 -186 -89 -103 182 227 -94 -46 216 76 185 -33 60 -215 -83 231 149 -112 88 37 -243 -79 241 214 237 226 70 -189 103 118 113 -147 162 -244 208 -74 -21 -3 225 -38 -226 167 136 -144 -167 20 -81 -54 197 234 -125 -41 207 117 171 16 36 -155 -88 -43 -40 -4 66 -87 -115 41 119 -174 -236 -32 107 -208 158 -239 142 75 141 -127 -29 -121 82 -24 -12 -183 68 62 38 -17 44 -78 -80 -71 133 106 -240 128 238 -220 -58 -13 -148 25 -101 -146 -131 9 15 4 175 130 228 -141 184 57 173 -116 27 -138 -10 -28 120 156 -49 198 -63 220 45 -162 164 -203 -179 -14 -107 127 81 -219 121 49 181 -237 199 176 78 114 104 202 -111 194 -109 0 -8 230 -210 -56 -37 165 51 -135 -2 -139 79 -95 52 215 -69 -233 -250 34 206 -9 21 18 -157 -212 -93 47 -59 -151 -128 -113 -248 -217 -185 -22 96 39 -11 94 -149 244 -172 125 -176 -184 -85 -75 -68 92 -230 -47 187 186 195 53 147 223 -231 35 169 -31 -7 -168 19 -224 135 -150 17 -124 -205 146 -118 235 28 -65 -159 -122 64 -84 218 116 -235 139 201 -143 -223 99 213 -161 -245 10 -50 212 -102 110 -110 -44 48 -142 54 -214 172 -242 137 58 -99 98 -158 2 -200 -177 -133 33 31 196 24 -76 -169 243 -120 22 211 -246 -191 -51 166 13 222 59 71 126 236 7 204 -104 209 -190 132 -97 -132 -175 93 -202 109 163 145 105 -60 55 -152 -196 247 -221 42 -30 -36 -134 183 -173 -27 83 -77 -225 91 233 -20 -206 -117 115 193 -114 43 189 40 -55 148 -163 -213 192 -154 -180 -136 178 224 -66 123 -195 248 177 217 
TEST 80 ARG:-117 237 243 -66 195 210 -218 205 61 -174 -141 233 -199 -56 78 -2 -16 -222 17 -230 -176 -24 -39 -164 4 -163 40 119 -144 43 92 -204 -85 -116 -76 41 -226 123 -44 200 -150 -78 -237 -151 -37 -175 -36 105 -70 -220 -149 -225 184 -83 91 218 -27 179 -186 -245 -241 19 -188 60 28 157 38 186 -59 113 -129 -159 -23 -32 234 125 -190 -5 193 199 44 109 147 136 212 -228 -65 247 -231 -191 -238 -136 -60 39 118 -95 -102 203 -189 -249 3 42 162 -115 21 181 -91 202 -124 -206 177 26 -179 -162 -156 -111 62 70 -45 154 246 -121 -221 170 -146 -18 -210 151 192 45 71 -184 -194 33 173 180 -229 -15 -92 194 -157 -212 102 236 132 -137 130 104 164 14 -127 77 -88 99 174 20 161 -233 223 -195 -239 46 138 -61 -119 -96 -46 -73 -140 -82 214 -101 171 -201 -84 -126 51 -168 235 -180 176 -244 -173 -178 206 -68 120 244 54 -31 -79 -34 240 139 65 140 183 7 -106 -123 156 -42 82 -114 103 117 111 110 -90 169 87 150 -86 -223 24 153 -128 185 -53 -63 15 -193 -247 135 -165 55 -13 36 -97 22 100 -4 74 213 143 168 149 -209 112 -217 -104 -64 -75 -167 -40 -93 -192 9 23 -108 -112 146 245 -160 94 6 -246 -74 190 141 -109 -43 -187 -19 -107 -208 221 198 -100 -242 -98 -26 230 -99 197 -147 -243 122 59 226 -69 -6 57 -236 -49 -198 159 10 -232 -139 175 -142 129 -196 73 -248 -105 84 -28 -113 126 191 13 134 215 -197 145 -215 37 -202 95 16 196 144 -103 -205 227 -3 116 29 225 -71 -227 93 2 56 -87 165 115 -120 -169 96 -211 -172 -29 158 48 -153 152 155 68 -131 25 -134 163 -148 75 -118 228 -12 -203 52 -170 -50 -51 34 114 128 107 -77 208 -181 -7 -30 127 89 88 -62 -72 49 53 -125 187 86 -183 -10 5 124 -250 188 -55 -20 8 -47 148 -22 30 -145 -58 -138 -152 32 -143 -54 -80 -21 90 229 108 -8 207 -11 50 12 64 -240 85 204 -207 58 101 -216 238 106 27 -133 167 224 -171 72 -57 219 31 216 172 80 -185 -182 -17 -234 239 241 67 166 217 -41 47 133 231 69 -214 -38 -130 248 -155 -67 -132 -122 -224 -33 209 201 -154 242 -235 -219 211 131 18 -94 160 66 -89 76 182 83 -25 81 -200 121 -52 97 11 63 142 79 -35 222 0 -158 -9 1 -166 178 98 -81 220 232 -110 -48 249 -213 137 -161 -14 -177 -1 -135 189 35 
TEST 81 ARG:204 -62 -169 -218 -14 -203 -119 193 -228 -80 -4 125 6 -47 -245 5 110 -114 -149 83 244 58 -183 232 196 -11 44 13 -49 109 -239 45 -151 62 -126 -82 101 135 37 -97 -143 -148 -235 191 76 -161 102 -75 208 -129 186 22 119 -70 139 -12 121 -131 112 -110 46 -162 54 178 -81 156 -216 -7 106 215 -112 162 -68 -173 239 -108 159 246 -197 9 240 146 -187 -69 -1 233 161 217 -247 231 211 34 63 -23 -214 -201 -85 213 -54 111 245 -160 155 -72 -122 53 81 -177 -43 -18 95 82 90 -191 160 103 94 99 122 -45 234 -231 224 203 -168 -100 -234 35 -94 123 29 -29 114 79 172 -136 8 -91 230 -123 -25 -190 134 158 212 56 -212 -125 218 -35 166 229 -189 -243 -133 -195 221 -165 -134 194 214 219 175 14 -88 235 220 -157 223 55 3 30 -153 187 -146 -96 -163 241 -120 10 164 -36 -61 -241 -10 195 -60 -34 145 64 171 -174 72 -79 -64 -121 185 154 -89 80 153 -6 -158 133 27 209 -24 180 -74 -164 -180 -230 179 -145 -227 -78 85 -144 127 -155 -84 -93 207 -147 -226 -17 -167 47 -30 136 -124 -250 -229 -15 17 131 -20 199 -225 216 -142 -211 -113 20 -116 167 165 77 -248 170 144 -46 -171 -98 228 237 -52 -141 60 -117 -233 -240 16 -83 -200 -99 -5 48 89 -37 -159 73 -55 -223 -170 -65 183 -44 43 -118 87 -156 -76 148 66 -90 25 49 24 -246 174 36 128 -196 -219 -205 51 249 -40 -208 -101 50 177 130 -179 -242 21 86 -102 -209 -199 137 -115 18 -186 84 88 236 115 61 68 227 226 -3 -39 104 -222 -9 -95 65 -188 67 -184 188 -213 189 116 -63 -232 138 243 19 -224 -77 124 -249 -217 157 168 -130 149 247 181 -140 -57 -106 15 -2 -139 -22 -86 70 -176 23 -19 126 202 -111 -172 -182 197 -107 26 -220 59 78 -27 -71 -31 176 151 11 201 4 198 -198 182 205 -105 143 248 -206 169 -132 -210 -236 -178 -202 -92 173 -109 -50 117 -87 210 -41 -192 142 129 93 163 -244 190 32 -166 71 -137 -42 242 92 -53 -51 150 -58 120 -238 152 40 192 -66 100 41 -150 118 -194 206 -138 105 31 -128 52 -181 225 -32 97 -16 39 57 -59 1 42 -48 -67 -175 -21 -127 -193 -152 0 28 -104 -207 -221 91 7 -204 200 2 -33 -135 -56 222 -13 132 33 -8 -28 12 -185 108 107 -73 238 75 -237 98 -154 -38 -215 147 69 38 140 74 96 141 -103 184 -26 113 
TEST 82 ARG:-29 -2 -239 60 130 -114 -127 -83 178 -187 -36 -137 -22 246 -109 -244 2 219 172 -205 225 -100 194 -237 238 -69 154 68 66 36 9 34 32 144 -167 -168 70 -169 48 199 -193 69 -32 128 -147 97 112 -68 173 -191 -135 124 -140 -181 -43 -129 -33 151 -175 240 -31 90 176 135 -39 -184 -10 -18 233 61 167 -141 -11 189 72 -86 78 -142 111 -77 77 -14 58 216 227 170 -71 -107 94 -136 121 145 -173 214 -75 84 -152 91 41 20 106 150 132 -130 -194 -44 71 -154 159 208 -21 177 -123 174 248 73 -156 100 -157 -214 -65 -231 7 -159 21 166 92 16 50 -34 -171 -41 158 -110 -238 220 26 -218 236 29 -103 -13 -139 -215 134 211 242 152 -230 28 95 65 -58 99 184 142 -216 -3 -5 -55 -150 -115 -134 -212 -93 -165 14 -234 35 -211 -62 -48 -143 22 -1 -163 185 -37 232 -219 168 -105 -201 -179 43 -172 17 -200 -23 -125 -56 -177 -118 217 200 18 -131 -98 -80 -25 -222 93 83 76 196 105 -117 229 -197 126 31 37 231 -245 -229 -227 64 -79 -19 -199 -145 -63 86 -89 51 -225 74 139 -106 -185 -20 63 0 -90 221 230 203 -221 56 123 80 -128 136 -226 118 -235 10 239 182 197 8 -49 103 -192 -149 206 -42 -220 13 75 39 -50 -224 -151 164 79 -64 -195 -99 52 146 -208 -94 171 137 -17 201 181 -148 212 183 122 -9 -243 82 -81 -178 -188 -15 -60 143 -91 222 -84 241 47 -242 -121 218 19 -88 161 -16 -85 -132 -126 -53 107 155 -76 213 -113 -176 228 -240 108 49 -35 -155 -209 156 188 114 -180 40 133 -112 81 -207 -190 147 -236 -161 -182 -162 1 249 131 -57 215 148 160 -170 -204 157 102 202 116 187 -202 -28 -164 175 24 -24 186 244 247 165 237 -223 -189 210 -4 -248 -61 138 -51 -74 -153 -66 113 -73 192 -8 96 -111 55 -116 115 119 120 245 -119 -40 88 -95 -166 54 53 -59 -206 223 57 -138 -249 3 -217 46 -241 5 -247 195 33 -54 -213 -87 -120 12 -186 -196 193 25 89 44 149 -46 87 62 169 38 30 -158 -67 204 -122 98 85 110 141 -104 -174 117 226 190 -108 42 -101 129 109 -160 23 -146 209 -144 -82 -27 -232 15 -12 11 104 4 -52 207 224 -47 -38 6 -72 -92 235 205 -7 -183 -233 -97 163 162 180 45 -246 -78 234 243 -102 101 -203 67 127 198 -250 -198 -124 27 179 -26 -228 -96 -70 -45 -210 153 125 191 -6 -30 -133 59 140 
TEST 83 ARG:213 -68 -92 -71 225 58 -174 20 145 73 28 89 -22 11 206 96 102 -187 -21 90 72 -50 -101 138 -197 197 220 -227 224 105 -190 -160 161 -248 -155 41 -114 -192 238 -82 -87 179 1 -235 106 -182 21 223 125 -119 -166 101 -131 -181 -37 27 8 -27 -90 202 29 -210 -172 -81 -34 -95 19 154 -7 -213 97 -177 -203 158 -191 129 -61 91 205 -208 131 164 -185 -209 168 235 163 -221 -64 -161 185 234 -26 23 -158 122 150 157 -49 -17 -137 -159 45 -215 -55 248 228 237 230 76 -74 227 63 201 -103 67 -36 -245 6 -125 -178 -106 -156 40 -39 -8 -20 30 173 -53 180 71 -110 226 -70 -66 -25 169 -241 222 -105 208 -249 221 9 -244 -211 -124 189 -196 -139 -240 69 94 47 119 115 -247 7 -165 -23 22 -111 241 -236 -51 -120 98 -102 -239 15 159 34 87 18 32 120 244 -88 -12 -129 -117 -73 24 198 -10 -18 -140 151 64 -107 118 218 -179 -223 -145 212 78 200 -38 -250 176 10 178 -113 -28 -162 -63 188 -200 -60 130 194 -83 60 187 -52 -226 127 -75 203 46 -126 123 -148 -96 -3 -16 -35 140 216 -242 148 -45 -43 -219 182 56 52 -76 54 -231 48 160 -136 249 -86 -133 -228 -127 152 107 -152 -150 191 -79 211 42 -93 -151 -246 -222 153 -229 -47 95 -29 50 -193 49 16 -233 229 -216 -89 -33 -108 -238 -186 171 215 146 53 243 0 51 236 38 -142 -97 -134 -144 -57 142 62 -24 239 110 44 -143 3 -130 195 207 -205 -4 -212 165 -138 128 -77 5 204 240 114 -98 137 -164 121 -167 -169 4 36 199 -163 147 -214 104 192 -207 -67 -198 -11 -132 166 162 -204 246 59 170 -220 231 -94 13 -9 -180 149 217 -135 -91 79 -195 209 -116 35 84 117 -149 -80 88 184 -121 74 12 -44 -54 247 132 143 57 108 -100 232 -65 -218 -194 -13 17 61 190 133 -171 -104 -58 -62 144 -153 109 134 -146 39 -56 -6 -189 183 136 -184 -237 113 33 26 181 -15 75 -2 -206 126 2 -225 -14 -46 -122 -69 -157 83 -99 174 85 135 156 70 141 172 80 -78 116 -224 -59 103 -30 77 65 -19 196 112 68 -48 175 31 -230 214 81 139 -217 -31 124 -176 -72 -141 82 193 -199 -1 25 37 -109 86 242 -175 -118 177 -202 -5 210 100 -41 -188 219 -183 -170 99 186 14 -173 -147 111 -85 245 -42 -168 -112 167 -243 -40 -201 -128 -115 233 93 55 43 -32 -84 92 155 66 -123 -154 -234 -232 
TEST 84 ARG:-55 -50 -241 70 243 -210 -148 -150 -61 -149 123 134 -77 23 -184 -46 -171 163 121 -137 -28 -246 -27 -108 182 48 -89 233 239 155 -232 76 53 -169 3 -166 135 -114 -249 178 248 -198 -145 -143 64 -168 -39 202 -219 -86 156 -100 -205 -144 -85 -36 215 25 161 -129 68 5 31 -157 -109 201 94 59 -218 247 28 -240 -175 209 -16 73 39 75 228 -161 217 -41 101 4 140 245 -117 -26 226 32 -24 61 -181 -115 -53 80 180 79 -124 -233 -35 195 -194 83 -186 119 125 66 -110 22 78 -132 113 -172 -29 207 -12 199 38 -213 -188 222 -162 -87 41 210 97 29 -159 -5 -105 -4 112 153 231 -49 -222 -45 -18 -217 -23 116 -177 162 -141 -54 -192 157 -160 142 -238 109 221 -231 -70 117 -133 -75 89 20 -154 179 137 173 225 -193 93 65 54 -152 44 229 37 92 -158 60 -165 128 -227 -52 -90 -10 -111 -91 -121 118 11 138 -183 -125 -242 141 -15 214 189 224 -2 158 1 -151 146 144 -51 -21 -179 -167 149 -102 85 -203 212 -83 67 -248 43 234 -182 172 190 139 -206 16 -189 0 154 50 213 -9 -226 -71 200 -44 -170 95 -11 33 147 -212 99 -147 -173 9 -94 -69 49 -216 246 -13 160 111 42 -73 169 238 10 -146 17 223 -196 26 35 -208 175 -59 -66 145 -156 24 -40 -119 -163 -228 241 -116 -1 165 -123 7 -79 -88 -32 -174 166 206 102 8 133 -99 -63 108 -199 -214 -64 148 13 208 69 230 -103 -209 86 131 -164 -131 -140 164 -112 -245 -93 204 46 187 152 -47 191 -195 205 -211 127 100 -14 14 130 52 -237 -135 -84 -191 -8 -197 -76 -72 170 203 -6 181 -230 129 -127 -95 244 183 -37 236 81 -201 -250 122 -74 150 -142 188 -247 -42 -98 -190 218 136 -25 -30 -17 -3 12 18 107 27 120 -65 198 2 159 98 167 237 -31 -43 40 194 -78 -20 -101 -19 104 110 -224 -7 -96 63 -130 177 219 232 211 58 56 -106 -126 -235 -185 57 -176 55 -134 96 6 -56 -221 -80 -57 106 -138 45 -204 -58 -92 -207 -97 242 186 -60 176 -118 77 -180 19 168 -244 71 -136 74 87 227 -38 174 -122 126 -178 115 -223 -187 -104 36 103 -67 90 124 62 -202 47 -215 235 -220 -225 30 -128 192 184 -155 216 193 196 -82 -229 -200 -48 84 72 220 -239 -22 34 -62 -81 82 185 51 -243 -234 171 240 143 151 249 -236 -107 -139 -113 -33 21 -34 15 132 91 -68 88 -120 -153 197 114 105 
TEST 85 ARG:207 196 215 -109 223 -144 -164 -196 -96 166 -15 179 -118 -215 -146 5 -235 32 92 -184 47 -59 156 236 -46 9 119 8 -152 57 -199 10 -244 220 -101 -18 -220 72 167 -57 -122 62 106 206 -5 12 242 -40 133 -61 -25 230 115 2 149 -58 36 78 102 -229 -222 -98 29 -217 180 -237 -35 40 65 -242 229 38 -79 -41 204 -178 51 -193 -70 -64 -30 107 18 -38 -189 -169 -197 219 113 178 11 -145 -23 -223 -113 232 -213 141 -137 -19 -150 -68 -84 105 -226 168 144 228 15 -159 147 -112 177 -191 249 -136 66 -243 221 -181 -90 -240 -21 -225 -218 209 153 -86 55 199 -153 225 -3 4 -194 -180 -92 -161 23 -236 234 244 -75 235 41 159 198 -216 155 -127 -32 -91 -155 -230 -140 73 164 -56 226 -53 203 -210 22 67 139 101 117 77 108 132 74 -8 -183 -134 -6 -28 -52 241 -105 247 174 188 31 -108 -94 -149 27 161 88 -232 -250 -231 -174 187 170 39 129 -69 109 -22 -26 59 82 89 -114 -83 -115 -129 248 158 148 -82 -139 -206 -188 -156 100 -97 -17 -65 14 -55 6 -204 -126 48 -227 -124 131 173 -186 150 -51 142 -228 -45 34 123 190 -80 -110 19 192 160 -171 -116 -185 52 -49 -33 -173 90 146 -50 28 -12 -175 1 96 -209 134 -203 181 193 210 200 103 -247 -9 126 -248 21 -143 25 -176 -138 212 -13 237 80 145 185 -104 -102 205 231 -119 -117 -60 -246 176 -241 -245 43 -42 -1 -167 152 -165 -66 -78 124 -202 -4 -2 -128 218 -48 0 -168 45 182 -93 37 222 -20 -200 50 -16 169 122 224 60 135 -7 227 -224 151 -132 -142 75 -219 110 -177 213 175 186 -158 -141 46 -88 85 -211 95 -198 -172 125 -44 245 68 246 -47 42 26 -29 208 -166 -233 184 -221 35 93 -170 -37 238 130 84 -121 -11 112 -76 -205 -27 -135 111 13 99 69 -62 -154 -234 183 -63 17 33 -162 191 49 -130 -182 -157 136 61 127 -239 165 -212 137 120 16 94 -207 -100 217 104 114 118 83 53 58 -151 -43 157 -131 -39 -81 -214 54 163 7 -201 -36 91 121 -125 -208 97 30 -160 81 -54 64 -67 24 -120 79 -238 -103 -85 143 194 44 -192 -14 56 -195 70 3 -187 216 98 -99 128 -24 -106 189 87 -72 20 138 -31 195 -163 -71 -249 214 -10 -74 -133 -77 162 -111 240 140 197 -147 154 211 -87 171 116 243 -179 -148 239 -73 -95 201 63 -89 202 86 172 76 233 -190 71 -107 -34 -123 
TEST 86 ARG:-97 -102 -239 -69 163 4 27 102 -157 -205 93 -128 -43 136 29 153 -236 -250 47 73 -116 -66 225 -38 99 168 194 114 -190 -214 34 137 65 195 -246 126 43 14 -227 20 -129 -249 66 12 206 122 -226 152 67 151 -74 -54 -42 -201 30 63 -233 235 -64 -133 -79 87 249 129 -172 -16 79 -169 -138 -149 -58 -167 33 -1 59 -62 -37 3 -103 213 -202 -77 17 56 -134 2 222 0 174 104 52 -40 220 -90 207 187 -123 94 -184 -100 134 97 7 -219 210 -208 219 -88 -59 -220 41 -248 106 -117 147 208 185 -171 111 -152 234 -159 -207 -192 -137 -228 125 215 -247 22 -240 123 232 240 -23 -164 -206 31 -56 -163 13 91 -127 -5 228 -135 -187 35 172 165 176 236 218 178 -44 158 -179 146 48 62 16 5 -93 -230 112 36 144 -106 -32 -53 -80 -131 -234 55 -191 197 173 242 54 115 -144 -166 133 -195 169 -98 -245 -61 113 162 57 -203 -76 53 223 101 161 -204 141 -51 -222 -10 -31 201 -237 145 181 143 60 78 61 -13 -119 180 -189 239 -120 -39 -104 192 244 -86 196 -50 200 10 74 124 177 -213 68 -243 -101 -3 117 -176 -15 -24 -81 -223 -55 154 105 -78 -232 -143 -130 -212 -180 166 -197 -29 -210 205 160 11 26 -8 -27 71 -108 214 132 -17 77 -110 179 248 241 157 -11 46 -57 -153 -241 -165 119 191 -183 95 -89 -94 19 -85 -196 -168 -182 -177 -21 186 188 23 -148 -19 49 84 -107 25 -122 -170 -224 -225 -67 224 -147 246 227 -175 -124 -217 -115 15 -126 -178 184 83 72 -83 190 -229 40 204 164 -146 -87 9 -63 -95 226 -235 -47 -125 237 50 -121 245 -4 64 -73 58 -9 -26 247 -71 32 110 -14 42 198 -162 127 -155 156 -65 98 39 -45 193 233 -154 -52 -199 -48 128 149 -75 -218 140 76 167 -151 -109 -140 202 69 24 189 -150 -28 -96 8 -160 -158 -215 243 18 -82 -193 109 170 -7 -91 -112 -118 -174 217 -72 -209 82 139 70 -41 -132 -49 -25 -30 142 229 -221 -2 171 -194 130 86 148 -6 -92 -35 -244 -156 -111 216 -142 212 -173 -198 -22 -20 89 44 -181 138 100 -18 38 85 121 238 230 135 96 -231 -161 90 75 209 80 81 103 -188 -60 183 -33 108 211 45 203 182 120 159 131 -12 -84 -216 28 6 199 -238 51 -200 -34 -105 -99 -136 -114 -36 -68 21 -145 -242 -211 -70 37 1 116 -46 -186 118 155 -185 -141 -113 175 231 88 221 150 92 107 -139 
TEST 87 ARG:-4 32 97 135 22 -147 -231 -12 -86 -212 -1 184 186 8 54 -27 137 154 -213 -18 80 -184 152 -70 -176 216 -26 159 125 -3 -205 -106 -112 -52 -84 197 -37 -128 -148 -182 -167 60 -120 119 189 51 -149 130 193 -102 -75 -181 13 -250 167 -49 -151 40 -92 -46 -87 228 69 -162 -227 -183 179 -113 4 -57 -31 123 -62 -96 226 249 -207 109 -180 115 -244 -44 -78 96 -124 -118 174 182 232 -119 -153 173 -185 -77 108 83 66 36 -169 -132 199 -23 155 112 -203 -95 165 -33 -51 198 -242 -72 224 -24 116 233 -36 92 -137 236 -89 -105 195 185 -143 -197 196 -109 37 -53 -67 -34 -150 -115 239 -237 141 -5 -20 -198 -224 162 70 -56 -223 -8 172 170 71 133 -73 -214 235 -80 -233 -190 144 -136 -194 202 243 178 -65 85 -117 111 -170 78 79 -19 -165 -146 138 -25 231 244 -173 -238 44 -209 15 -42 120 208 35 220 -45 62 53 -232 203 -104 26 24 -79 -13 7 -39 -116 -55 241 136 238 46 -22 -61 63 118 -221 -107 -101 -210 139 64 50 148 192 82 -59 68 183 25 -54 -168 1 132 30 -108 75 -16 -142 -114 -48 -202 -90 -74 41 67 -156 245 -28 -138 222 -247 106 38 -94 129 -93 57 52 93 -10 -47 29 -32 209 56 -145 -7 -127 -134 -222 221 175 181 201 -243 -50 14 -58 248 214 -64 156 158 47 -15 -200 215 72 28 27 -68 -186 223 157 58 213 126 -172 33 101 -154 -193 -121 194 77 143 89 -246 -29 -188 169 -216 234 -226 88 -140 131 -199 171 21 -175 161 206 110 -81 149 117 -225 -191 11 -85 45 140 -161 -160 246 -69 -40 -179 0 100 164 103 3 -76 -21 -157 43 -249 207 48 -35 -220 210 94 230 -98 124 -211 -218 147 -17 188 227 153 247 42 -201 -99 59 225 219 31 -208 20 177 74 -38 168 -63 -152 145 -206 113 -144 -171 95 49 39 -129 -219 -166 -126 -241 212 200 34 -228 150 -236 -100 237 90 86 128 -103 17 -9 -230 -111 146 -110 2 -187 211 -133 19 127 -235 -215 -163 -248 163 102 -88 10 240 76 -97 114 -234 -245 -135 -159 229 9 99 -240 242 142 -217 -30 5 187 -2 6 204 12 180 -139 -178 -229 191 205 166 91 -141 105 -192 61 -158 -71 -6 -60 134 -164 -123 160 55 84 98 -155 -196 107 -122 176 73 -91 217 190 -66 121 122 87 23 -204 -41 218 65 104 18 16 -83 -177 -82 -195 -131 -125 -43 -11 -14 81 -189 -239 -174 151 -130 
TEST 88 ARG:141 -147 -76 -177 16 237 199 156 -164 -64 89 -235 -34 -144 -115 -6 -20 231 52 -203 -227 86 -105 43 -133 214 -60 202 94 -158 163 119 -125 55 225 -16 68 70 182 76 28 -223 79 -181 142 -148 -157 197 -13 -5 -17 80 27 242 200 221 23 160 -248 185 54 64 -89 233 106 -209 92 203 -226 88 135 170 117 145 10 189 217 -198 -99 19 -85 178 -46 227 -11 -69 -2 84 -33 -210 143 181 83 -104 -25 138 -234 180 -30 153 95 -232 -165 -120 154 -151 190 18 -113 161 -109 208 -110 -247 -233 -208 -87 -56 4 93 -200 -88 -163 205 -114 -245 191 31 -213 -129 -184 100 179 158 -67 -139 -22 130 8 -190 -224 -44 176 -126 108 -182 -36 101 -32 -191 186 169 -37 -61 174 244 -98 -112 5 149 139 -215 -91 -43 51 -239 -241 -166 187 -138 96 224 -199 -51 245 -119 -82 -137 50 -12 -53 24 34 102 140 115 -149 -38 123 -186 -250 113 65 164 241 -243 2 -15 -14 97 112 215 -128 121 146 -66 -212 60 -97 -9 -169 133 26 -10 150 66 -102 192 173 -124 -244 45 -77 209 -86 246 125 172 -72 226 110 218 103 -71 -132 116 -171 118 -188 -214 183 223 249 -228 -28 74 216 -94 77 -172 6 -230 30 -42 137 234 124 -161 -159 15 -193 -63 -100 -130 56 48 -225 53 -127 109 -92 -189 -108 168 29 243 -173 -123 247 -192 248 136 104 -116 152 -196 -152 87 -39 -122 -204 162 -29 -185 -111 -3 -187 -8 -35 -207 131 175 58 -21 134 39 90 107 38 184 11 188 -135 -84 -26 207 67 177 -145 -79 -55 -75 57 236 13 -80 -222 -231 210 61 -153 46 -240 128 -219 -57 -47 40 14 -150 -141 -179 -170 111 98 99 -90 1 33 -27 75 71 -167 -81 -74 59 193 69 -237 -176 238 49 -236 -40 114 91 196 44 -175 -134 148 -220 -218 -136 12 25 -95 -4 -65 21 -48 47 206 204 -162 37 239 228 42 240 63 -174 -154 -103 235 -221 -168 -7 -249 230 22 120 195 -178 82 -73 127 147 -23 72 151 73 -140 -106 78 194 -131 20 222 -93 -194 198 166 -118 213 -101 36 201 -107 -68 -183 219 -201 3 85 -45 -238 -229 122 -197 144 -205 -41 171 -19 32 0 -206 155 229 -146 -195 167 132 -202 -31 159 157 220 7 -70 -58 41 -216 105 -242 -246 -160 -83 -155 212 -180 -96 17 81 126 165 -121 129 -49 -50 -62 -52 -211 9 -143 -24 -217 211 -142 -59 -117 232 -1 -18 -156 -78 35 62 -54 
TEST 89 ARG:-148 -181 -155 133 104 -247 35 -158 214 -64 46 -156 -15 -48 80 -239 156 201 199 -192 151 147 196 193 -30 190 -195 69 -136 220 -33 38 -129 -133 -67 -37 82 -88 212 -101 215 -65 -3 -160 -222 223 163 -69 230 -152 -95 -165 -20 96 237 -45 -126 93 -248 26 182 -179 -235 -58 3 20 76 54 187 0 11 -96 -60 130 -149 125 -32 -225 183 188 32 146 13 43 -174 2 -241 -167 -249 34 40 -42 -194 114 164 74 -56 -116 -68 -135 247 -80 162 213 -250 -51 -40 238 -198 116 19 172 -8 -168 -240 48 -7 127 59 -102 -81 -224 -215 31 63 -184 -122 78 -238 60 -218 141 95 228 28 -191 -103 -217 -118 107 -41 -11 204 222 44 154 -190 -246 234 144 -137 66 245 209 15 145 -35 139 47 211 -90 -46 239 197 -193 242 -127 137 -52 224 178 -134 -19 -185 -228 -89 -24 -147 102 218 246 -79 109 -138 159 -91 -2 -157 -6 -172 -245 173 -106 117 -86 -123 -72 -76 -71 186 171 -70 -53 184 206 -22 -93 68 -111 -107 244 -74 -209 36 227 177 21 -242 -25 86 168 29 -130 -34 -196 -233 -153 -170 248 -18 -243 -21 -142 -237 -230 -169 148 -220 108 132 185 -186 99 -163 243 152 -231 37 57 -9 -154 198 -36 -227 -202 123 136 135 -232 24 226 121 169 -16 -144 -204 155 -99 -62 39 241 195 236 -213 12 -43 62 65 -180 -199 129 87 233 -12 217 5 14 89 -206 -151 191 -113 -54 -177 -92 72 41 142 -175 150 158 10 240 27 -208 52 -59 84 -55 231 -112 4 -61 -200 180 -187 235 -139 189 91 140 -128 30 90 -162 111 126 -219 -226 -236 157 165 33 -182 -87 229 -82 -211 -221 -38 -13 45 174 -117 106 88 221 -234 -31 122 -207 -140 42 -244 61 50 -98 81 208 120 -29 56 -10 200 -5 16 170 97 75 225 -73 -26 9 -212 -214 -120 49 149 -47 22 -124 -176 -94 210 -17 160 -189 -197 83 -23 167 110 -97 -145 119 -131 79 -178 -115 -85 7 -75 -100 -171 18 -143 64 -203 -229 103 -28 101 -66 118 -44 -4 -63 -164 134 -27 -14 249 98 -141 -216 77 8 -125 70 112 202 176 -49 166 161 -83 -119 -50 205 113 51 179 92 181 -159 -166 -188 73 -104 -146 -173 232 143 -39 192 55 -223 128 67 153 105 131 6 -183 -201 -78 -110 -77 94 25 175 100 -105 -57 53 -161 71 -150 85 -210 58 124 -109 17 -108 -114 23 207 -121 203 115 -205 1 -84 219 216 138 -1 194 -132 
TEST 90 ARG:177 -114 -95 -23 135 -105 -181 60 15 -85 -166 179 201 -236 187 126 -176 -245 -19 159 -149 -108 -66 197 123 95 145 226 51 -195 -194 -14 -177 149 240 151 -192 84 32 -88 238 -65 -135 -71 -187 175 -109 -212 -82 111 -68 35 167 -125 -72 169 -189 33 -53 -121 -237 185 -106 220 96 182 -203 90 -59 -24 133 38 99 -224 6 -247 87 -51 190 -97 -98 -55 -37 122 -7 -173 114 100 -222 -10 76 243 -199 -249 -152 -21 200 -233 -170 -217 206 -238 -131 161 -29 41 -103 -79 -206 -42 2 -3 -193 23 147 -126 -130 -134 -138 -116 4 244 16 80 53 -190 48 -156 -64 -179 -147 27 71 -227 -49 0 -250 212 -69 195 -144 -132 217 -99 -228 103 203 228 -141 -184 188 -48 -47 -219 86 205 -91 -169 50 215 -76 186 119 -127 -231 98 34 127 -80 72 62 -62 -16 -225 -115 -242 219 91 225 223 170 -157 232 -83 -107 -111 -70 74 -39 -215 43 209 -165 -234 106 -45 44 -241 153 173 -93 -28 164 105 -191 -61 141 199 213 227 -40 157 -210 81 160 -102 -41 150 18 29 202 28 -52 132 -220 172 125 140 191 26 -243 184 94 -214 117 -235 -142 -208 194 -112 -223 -100 -74 -159 -17 -36 69 237 233 214 -226 -209 -180 143 166 222 17 129 152 -244 82 -32 208 -151 68 193 218 101 -128 -239 144 -30 -73 110 -129 -163 -46 -56 9 113 162 56 -84 -154 -81 107 -6 -117 163 8 128 30 -232 -113 -11 52 79 -89 89 -167 -118 97 -148 216 -175 108 112 -75 -197 -186 120 31 146 131 -104 -60 -31 -119 -150 239 221 83 -164 78 196 156 -248 245 20 3 137 -221 -216 49 -34 -196 5 -230 -153 1 247 -27 61 -211 -143 -161 115 13 -57 -25 234 204 -87 -122 73 -174 -94 -178 70 142 -202 -146 -139 39 -26 -124 230 -96 77 -44 -201 -43 -246 12 -54 -240 171 231 121 104 14 -67 176 63 -136 46 37 210 -133 -158 224 -63 198 -183 64 7 55 155 -171 -1 92 136 -172 57 138 -38 19 -33 165 -92 -78 -198 -22 -18 -188 54 -4 -12 -2 42 24 65 -90 -13 -77 -5 -101 -207 -58 118 183 -20 102 -15 40 207 -123 -218 248 211 246 -110 181 109 -200 124 -229 -160 139 134 192 -213 130 58 75 45 47 241 -185 -8 -35 154 236 10 93 21 174 180 158 189 -182 25 -204 -162 -137 235 229 178 -50 249 -205 88 85 148 66 36 67 -9 22 -140 11 -155 -86 242 -145 -120 116 168 59 -168 
TEST 91 ARG:-228 -84 144 -1 221 -113 148 -123 -195 -178 88 46 128 81 -159 -106 -101 -154 -98 15 80 -250 192 -83 -120 52 -212 39 -76 -230 168 176 232 -65 -247 -15 118 207 172 218 231 220 5 202 86 197 -231 111 -186 158 60 132 21 166 131 43 242 227 -121 135 68 -222 34 72 -174 51 101 100 40 -207 -223 151 82 75 105 -248 -199 -2 187 -127 233 205 -56 -233 155 -245 196 -152 -14 -93 191 -169 223 -236 -102 84 222 -168 -70 186 -25 85 156 -235 87 -3 133 3 121 83 -114 182 77 -203 -135 248 -4 -73 173 -158 235 95 92 114 -138 -243 -67 -187 201 -79 230 -179 228 204 -246 -173 -12 195 -60 -26 236 136 243 73 170 -7 48 97 -194 134 -78 138 25 10 -219 11 -162 -51 188 -9 -220 55 14 45 -46 12 -45 103 98 -31 19 -217 106 -147 -53 215 -124 209 185 74 -100 23 213 -58 241 -6 -49 210 -145 152 -171 -13 -237 -181 145 -134 -129 179 -184 -38 -218 -182 175 -91 -216 -122 249 1 127 -177 -130 -229 -115 47 -110 -146 -43 -74 -63 178 93 13 112 32 -54 -137 -44 -180 -242 -224 244 18 27 -95 -132 9 -86 -249 0 -196 226 147 69 -244 206 219 -193 189 160 108 129 44 239 -148 -90 4 -144 -118 119 62 -111 -189 -202 110 16 184 169 -167 -201 -55 -88 -206 96 -191 94 -36 104 -52 99 -82 -141 -21 8 41 -172 200 -103 -20 37 -136 -85 -72 -109 122 124 -142 116 115 -164 -71 57 -192 91 -234 66 150 -198 53 -24 -188 -156 225 -208 198 -119 141 -108 214 165 -30 -27 -47 154 -204 -166 -160 35 -10 -107 177 -241 109 28 -99 -57 63 -23 -8 -97 137 216 64 -151 -59 6 -37 -155 -5 -161 247 -64 -126 183 -22 71 146 -17 26 -81 -112 -87 240 17 -175 58 125 -238 -131 190 -92 -185 113 30 89 -225 -104 -165 238 -32 38 -214 143 181 78 61 29 36 164 -66 142 -240 -176 -42 -80 -143 237 -232 107 -215 -226 79 -209 140 -69 24 -41 33 -211 -163 76 234 -28 212 -105 50 56 -139 -205 -117 70 -96 171 31 90 229 7 157 139 246 -75 59 159 65 -39 -77 211 -150 -140 -50 -89 -34 203 20 -227 -116 42 67 102 -33 -48 162 245 -125 -157 161 -29 117 149 130 167 -16 -133 -170 -190 -149 -221 -239 -11 -183 -68 180 -200 -19 -62 208 -61 174 22 199 -128 217 163 126 -210 -94 -213 -35 54 49 120 123 193 2 194 -40 -153 153 -18 224 -197 
TEST 92 ARG:-143 175 -201 203 -18 246 -108 -51 232 25 243 38 101 -116 -231 -6 -179 145 -77 35 -205 179 176 195 12 178 42 22 26 -83 236 -202 -81 123 -222 62 -35 -53 -229 -242 156 -197 186 -155 44 -220 -170 -126 202 69 194 -180 139 74 -111 24 -223 -187 9 148 125 163 228 132 -50 127 -56 208 106 -3 111 -20 193 -23 -5 -49 -135 -57 192 -120 141 -165 -245 169 -21 122 -33 -72 136 89 245 237 129 -4 -127 -195 -30 -234 154 114 -147 88 -169 -22 -133 6 17 86 -130 63 0 -219 -213 40 -64 -167 170 -119 -110 -136 16 94 108 -221 99 197 -58 -9 -79 107 -52 124 13 -17 115 -47 -235 -25 -114 -78 96 188 190 -161 71 128 33 159 -59 77 152 -186 -149 233 23 -208 32 143 -163 -214 10 -144 103 19 -248 20 -240 -247 142 -216 -91 -39 30 120 -92 58 -145 -139 -45 -177 -38 -55 104 160 -160 82 -68 -188 -102 14 -80 198 29 100 -174 -113 -196 116 218 -86 -218 7 130 137 52 -124 -34 -13 -148 -10 -122 -238 1 -150 -11 180 39 -93 140 2 -192 -172 -104 27 -173 -210 56 226 -84 81 133 182 150 -115 -24 -16 85 -97 196 -243 -117 -105 -189 -200 -237 59 -54 249 41 -89 -95 -244 54 -203 34 -40 4 -228 119 234 211 121 72 -8 201 166 -70 126 -230 207 55 184 165 -32 -41 -94 -215 183 64 -184 157 -100 -112 60 57 -241 68 -103 -67 -250 -31 -137 50 187 109 -217 221 205 171 164 -246 135 -164 45 -168 -182 118 -90 66 36 181 -26 162 -87 -66 -153 -138 199 -99 -233 -224 -225 -209 92 -198 -44 191 5 -27 -75 87 -176 -28 -65 241 149 231 -151 113 225 -101 -121 -76 49 -62 -162 -60 144 -106 -166 8 43 223 3 11 -73 -132 174 90 105 227 240 -82 134 91 -69 51 -134 -249 155 46 204 -190 37 -142 222 18 -71 -7 -96 80 161 70 239 -181 79 95 -19 138 110 -85 48 -14 206 -107 98 21 -74 -227 -43 102 209 -29 220 78 73 -178 93 216 -194 65 235 -61 -109 -175 247 97 -232 76 -12 242 -207 117 -152 173 -191 -199 84 -63 -36 -128 -157 -141 -37 -212 15 -42 -131 248 61 167 83 67 -156 151 -183 -123 238 28 -98 -211 177 -129 224 213 168 75 185 147 -48 -88 212 158 229 230 -236 -185 217 112 -154 -159 131 -193 -171 -204 -206 200 244 -1 215 -15 47 31 172 -239 53 189 210 -140 -118 -2 219 146 -146 -46 153 214 -158 -226 -125 
TEST 93 ARG:-51 -84 181 214 -63 50 70 103 -122 -30 248 -94 223 204 -56 -134 135 -153 -221 -92 94 -241 -208 -12 235 -72 147 -185 134 149 -80 -150 120 213 67 153 -19 -199 220 166 -25 0 -222 -16 4 -71 126 -193 -201 145 121 -107 -26 91 105 -249 17 231 239 -238 199 93 -246 209 230 158 -114 107 -46 176 196 -111 -1 175 -117 23 -174 -158 -137 -133 -180 242 47 -49 7 -33 -47 -214 219 137 -81 177 -86 -229 -141 234 8 28 -244 169 -11 -145 49 85 -237 -170 68 170 -74 79 -24 232 29 -226 -168 -113 119 226 -62 -70 106 -164 -146 100 249 -156 151 -147 131 -175 41 168 -187 113 40 -17 -67 15 -96 -212 -121 189 227 160 -176 -85 -48 -40 -231 86 187 -2 -194 98 -167 -9 -247 182 -99 -87 -7 173 38 -173 155 -152 -118 -140 -148 -97 2 -245 -131 -41 -66 162 211 171 -108 45 118 243 157 -89 -181 -95 -109 -102 10 244 -154 179 -36 -143 108 114 -191 -239 -21 124 -54 -68 -57 -223 -37 88 77 32 14 -172 -236 53 -116 207 208 96 -171 76 125 -125 73 46 -39 -103 194 216 -202 -77 -160 -243 69 83 148 246 -76 -44 -216 104 89 -138 -142 -112 20 186 -64 -50 -206 74 -82 -38 -98 -105 92 -205 3 -184 233 -204 19 -183 34 -209 178 82 159 66 63 -225 56 -45 -248 72 -27 -224 -35 -178 -58 -213 -228 33 59 -100 58 -159 -3 51 -128 64 44 203 180 -106 -190 -18 -120 122 39 -65 241 236 -22 -151 -233 247 161 115 141 -165 52 -55 -132 123 225 -169 222 48 -110 84 190 -130 218 -227 156 95 -195 -127 81 25 -88 27 -192 -69 229 111 -129 127 71 212 -31 201 -219 -29 163 139 -90 -59 129 -83 -136 240 -79 -10 -8 138 12 217 6 26 142 -14 101 -155 -15 -13 75 -78 -197 110 -250 -119 140 245 154 109 80 97 188 -61 -220 197 -177 -93 -60 18 -149 183 167 -234 -166 -196 -207 174 -210 -6 -34 -230 -188 36 -161 90 -42 22 5 130 146 -139 164 117 -91 195 -4 30 54 -163 1 -101 198 143 65 -32 -23 -43 191 215 210 112 228 42 -200 -189 -157 132 55 -186 -211 43 -28 24 -126 -240 172 31 -104 -115 -215 193 224 -144 37 62 -235 184 87 165 -218 -179 102 -20 237 -124 16 21 185 -5 200 206 -217 116 99 -75 -73 -242 -135 57 136 -123 -232 35 128 13 205 9 61 133 202 -182 -162 11 238 -53 -52 221 150 144 192 -203 60 152 78 -198 
TEST 94 ARG:48 -52 -107 84 117 -134 -168 202 170 -50 214 216 7 -213 184 218 223 -97 126 -105 206 -111 98 165 -53 40 -78 -49 127 72 -154 43 116 21 149 54 -160 -24 -212 -115 70 -89 33 -227 203 -19 -68 244 132 -91 -221 -187 -3 -191 -74 1 -178 -98 230 -136 46 13 -126 24 204 -41 69 -166 -226 31 -62 -171 -205 63 -124 103 -192 -48 -148 -230 147 226 220 37 208 192 191 -109 -153 150 236 -18 3 -231 -31 232 195 -222 -58 119 42 -214 -174 169 35 -141 -163 -228 -225 56 61 -15 -117 96 186 142 19 187 -90 182 73 60 -26 -143 233 -46 -79 -240 53 -127 121 -64 -14 -61 -161 74 23 133 106 225 -81 18 86 -175 -73 -128 12 122 -247 15 -132 212 -202 75 171 161 85 -80 -56 38 148 -162 -215 66 -37 159 178 102 156 -29 166 157 140 78 -183 -8 -169 228 -121 -185 185 10 45 5 162 62 -35 -114 16 88 -239 -54 -88 77 27 -197 -6 -65 124 51 -135 -122 36 29 -206 210 131 94 -142 25 30 -133 108 -170 14 193 -164 83 -249 -47 224 32 -66 -70 -131 52 243 176 -23 136 -39 141 -220 79 239 168 -233 151 -123 -11 110 -208 173 -55 152 240 -71 -219 237 247 20 130 -36 76 58 -224 -112 91 -2 44 -22 -25 80 -102 -40 179 112 249 -182 -9 67 128 211 -173 175 155 242 -167 -176 -179 190 -106 104 -125 -34 -96 -13 134 -86 125 196 -140 -242 -151 -188 207 -59 146 158 120 -157 199 238 -5 -235 -20 -87 188 -4 -238 -44 81 114 137 215 -159 -120 -30 -12 172 197 -199 -27 59 -118 -38 -223 -32 105 -158 -75 -145 -193 90 -146 213 -108 -209 41 -243 234 -99 -60 47 219 -172 -246 113 144 -155 209 -149 164 143 -216 92 -198 -190 39 138 -129 -57 71 -165 115 -186 49 -76 -201 -77 4 -218 153 34 -244 -195 89 217 -7 -200 95 -84 -152 26 0 -45 109 65 -21 -196 -10 181 64 229 87 -217 -138 -210 167 189 57 -1 -16 -229 8 -113 28 -237 2 231 97 -100 -101 -204 -156 227 9 17 -236 -189 -181 -184 139 205 -119 183 -104 200 174 163 -43 198 -234 -203 235 201 -93 -72 -150 129 -94 -180 194 248 241 177 -51 160 -211 -42 -17 -177 93 111 -95 -103 -248 -33 -28 -144 -139 -245 6 55 82 221 246 222 -147 -207 -92 -250 22 180 101 11 -232 -130 118 -83 99 50 -69 -194 123 135 107 -116 -85 100 -82 -67 68 245 154 -241 -63 -137 -110 145 
TEST 95 ARG:-211 245 -25 -247 139 -15 -203 156 103 -4 -51 -47 60 -143 -198 -216 81 -2 232 129 72 -9 115 -224 165 -66 -60 42 94 53 -183 -43 -57 -201 190 -73 -158 50 86 37 19 -117 194 226 80 -205 -1 -21 -81 -37 -65 41 -61 -53 -199 69 -250 -72 -11 172 -36 -78 31 105 -115 -147 -244 -24 -54 -7 2 -104 100 -240 -171 -86 213 249 221 157 186 117 52 9 -134 -178 153 113 -76 246 137 120 197 143 -191 -97 24 234 206 65 -102 -33 -34 -70 92 -111 1 -189 68 -110 61 141 200 -16 217 247 -248 -229 212 209 164 -118 162 -95 -49 -90 -204 -19 -56 110 -135 176 97 126 122 21 149 -155 198 -231 161 4 59 -30 -195 -196 -112 77 135 -55 -146 -180 -241 40 233 203 -109 -39 13 98 116 -27 -107 146 112 -156 43 -3 124 230 219 -93 144 -153 74 11 49 -96 -64 -233 -99 -44 12 25 -184 187 -221 148 -142 207 179 -121 184 -80 -31 138 -75 -170 -169 3 235 -214 231 -69 243 -188 -235 33 -82 -17 -236 -159 29 192 104 -228 -141 -94 58 202 -152 85 -172 130 227 -125 -14 -101 -50 177 -10 28 -48 -74 26 -45 -119 218 38 168 -166 64 -42 -230 154 210 134 -226 -151 -91 55 -215 -8 -133 84 237 240 170 -132 -113 -176 71 216 181 82 188 -89 222 -139 182 56 -58 16 34 -100 -26 185 224 -234 195 -193 -148 -217 -128 89 7 -87 -68 -245 48 30 67 -122 191 -145 -13 150 223 63 96 -220 201 158 -164 175 -124 -154 -98 -223 91 -197 242 238 62 -168 151 -219 -29 225 -32 -173 -243 127 -208 -242 107 239 -5 -18 159 133 142 -227 171 0 83 -105 -246 166 140 189 76 199 47 108 169 -52 -186 220 -22 14 54 -126 -77 102 241 248 -35 27 -160 -202 128 -59 131 111 114 -177 -85 -232 90 -192 -88 -130 -190 -62 167 -238 79 -174 -163 35 -200 -150 -129 -187 -207 -28 193 17 -162 57 -120 -140 229 87 183 -212 152 -194 20 -83 163 -127 147 -239 214 -108 145 -237 51 -175 -40 -249 244 178 46 -106 10 -41 78 -161 -114 -182 -38 -157 -218 -222 15 121 93 109 44 236 160 95 211 8 173 -23 228 36 18 -136 215 -79 -225 -149 -63 119 -209 66 45 -210 -20 -67 -116 -92 75 -165 -137 -181 123 -185 -84 204 -206 99 -213 5 132 -6 32 -179 -123 106 73 -131 -46 -138 196 23 88 39 136 70 101 205 125 -71 174 22 155 118 208 -12 180 -167 6 -144 -103 
TEST 96 ARG:74 -179 248 141 14 197 189 -115 -174 -30 142 -93 -85 -167 38 122 89 -102 41 163 -140 26 193 8 121 -74 129 -215 -250 21 -189 187 50 -162 -98 -192 115 226 -33 58 -134 202 -48 -39 46 16 -97 13 231 -18 -231 -219 82 -99 -63 237 242 -156 -121 -242 -104 -45 113 80 238 -38 63 117 125 62 53 -9 -166 -245 -206 -196 -202 -248 246 79 -233 86 153 -205 148 -160 91 186 150 -3 -101 -210 216 107 -143 -51 174 -26 -53 183 -68 -203 -235 -70 230 -58 -186 -20 128 -81 -103 -150 -31 243 17 -218 -211 -232 181 138 -184 -223 99 -164 -52 -88 -65 -201 -155 -130 5 -56 116 -200 224 164 -73 173 101 -14 66 -105 -43 -13 -226 54 34 -236 196 -114 -86 151 -116 232 208 -72 175 120 229 -24 -90 -82 31 241 240 -209 -41 -224 133 211 33 -194 -125 93 192 9 98 -118 -144 -78 56 -49 203 -135 219 -158 -50 -131 25 -217 37 77 -178 -225 -127 -197 0 -21 162 -89 -191 -113 94 -59 52 -220 -69 127 244 2 -92 200 -36 -148 228 47 -4 -42 87 154 -139 -128 184 57 1 -239 30 -112 78 223 -154 -221 -169 24 220 198 214 -77 176 -87 210 236 -234 -37 -177 -27 69 234 -247 -182 205 -170 71 112 -29 42 -228 -133 -208 -120 247 -138 -100 44 157 -62 217 104 123 -198 109 -54 -153 -123 -7 227 145 225 -159 -137 22 137 -142 -15 -152 15 -35 135 -79 194 170 -64 -91 165 49 -132 19 -57 7 92 45 -1 -229 144 -61 156 -240 -76 68 -23 -214 -181 10 -193 -129 179 239 105 -199 131 222 73 -44 -40 11 -124 -71 -241 -141 124 100 61 -109 -117 -60 185 83 43 4 -161 -55 213 -157 -25 36 168 221 235 102 29 -238 -47 -110 215 -106 -246 -180 180 95 166 182 -17 -165 -190 108 -168 233 103 -212 59 -187 -96 -6 -94 23 -230 -8 126 209 65 -111 60 140 39 149 195 -84 70 201 -28 106 -195 -243 81 76 72 48 155 -16 -136 20 -19 -75 -32 -126 -237 130 51 -183 -34 -163 160 158 172 -216 35 -222 212 -185 169 167 218 -5 96 245 -207 -11 12 -244 132 85 191 147 143 -146 -46 188 -227 -172 118 32 -119 -213 40 -145 -66 199 206 -149 177 88 171 114 27 90 159 -188 136 139 152 -122 -22 -171 -12 28 161 97 134 55 -151 -176 -10 18 84 110 146 111 67 -175 119 190 6 -204 75 -67 -249 -173 207 -2 -108 3 -107 -80 178 -147 64 -95 -83 249 204 
TEST 97 ARG:-68 -30 -134 25 54 -131 210 41 82 -164 111 133 -34 220 114 73 64 71 -185 35 153 -46 -245 168 -235 -213 -122 -63 94 86 182 -52 165 69 242 -37 116 63 7 -10 236 85 -109 142 -55 -219 -48 -83 78 -16 -169 197 -107 186 -154 -187 -162 62 118 238 183 21 218 162 -223 33 101 139 -124 -194 151 -39 -216 -170 95 -229 157 -121 181 -22 185 -57 212 -181 -237 -96 88 -19 227 126 36 117 178 -104 -84 -242 160 -218 146 28 48 -74 -56 -126 -105 -33 -204 -15 -71 15 215 148 1 102 138 204 20 -89 -115 -45 -47 200 -38 -192 176 -152 -232 24 -117 172 -82 -189 145 -8 180 -153 46 -233 -147 243 213 -95 -102 175 -135 61 -217 -236 -42 -111 188 137 12 166 56 -116 -129 -165 -119 74 105 50 132 -28 -93 169 230 -191 123 -177 -32 -145 154 184 -190 51 14 52 174 -199 96 -198 -90 17 -246 87 103 135 161 -151 -88 229 49 -167 206 191 -132 -75 42 192 115 -221 76 -120 -243 -61 108 -215 90 38 77 177 -150 11 84 -173 -240 -179 202 89 98 130 -195 -80 39 -112 -231 -180 -174 113 34 -99 -11 -175 163 -220 134 13 -21 237 0 -201 -161 -141 -62 -211 -60 246 -6 -101 249 214 233 -250 -176 164 -94 30 -97 -58 93 -65 -40 228 -234 72 -127 -196 -123 -125 110 -36 -248 68 221 80 -210 8 -202 128 -12 -133 112 173 -228 121 122 225 -87 195 106 -9 -143 -73 -78 37 -103 92 -183 -241 150 -3 196 216 -91 136 -85 -212 -168 107 129 -108 -50 -157 -7 70 167 235 -70 -114 131 222 170 53 -27 -79 -209 -77 -113 231 -197 155 224 -66 198 144 -227 240 127 29 -146 217 -139 -193 -86 -76 -178 -148 193 75 -205 27 97 -184 -43 -144 43 4 120 -31 19 -137 100 -23 18 -26 31 171 -72 -247 239 -225 -41 149 -138 -142 203 -51 40 -171 -81 -29 -4 -238 2 187 59 -25 -206 124 -182 199 16 66 83 -20 -163 -69 -49 -207 -59 -230 241 -140 91 9 -166 45 201 -188 -222 156 248 -226 79 -14 -160 226 -5 -128 65 125 104 234 -130 -249 245 152 60 -1 244 57 143 207 32 147 26 -244 -203 -2 208 189 3 -159 -92 -200 99 -44 -98 -67 140 -136 -53 22 -149 -239 211 194 -172 190 159 -208 -13 -214 -186 109 219 44 232 5 -155 223 58 -224 209 6 -18 81 -118 -100 47 55 -110 179 -64 -54 -158 205 -17 67 -35 -106 158 -156 141 10 247 119 -24 23 
TEST 98 ARG:64 61 -202 -6 -237 -109 159 -24 161 79 -125 -138 13 -224 -165 171 -155 -97 -250 218 -72 -215 -168 -219 -241 -216 -134 117 -116 -70 -8 15 132 184 131 -249 -36 -144 -153 51 49 -119 -73 -181 100 -76 -142 -230 -199 -128 110 -48 217 -212 223 -231 -207 -178 33 -228 -126 -28 -3 22 -16 -20 -112 -184 245 -26 -191 122 66 106 43 158 -166 97 -49 168 -211 104 -193 216 -150 178 -239 -102 -71 85 -13 249 -246 -94 248 90 190 -174 115 -164 -176 69 -222 199 -190 -151 128 75 -30 237 60 -17 -63 -244 -123 -93 172 189 -233 -161 -183 -78 116 230 93 238 -182 144 98 72 87 12 -23 210 138 -169 229 -81 133 -66 -75 204 127 169 -107 -10 44 -204 -88 180 -113 -130 -217 -99 -129 148 53 82 59 10 157 96 209 65 202 -167 194 -179 -41 25 222 105 -51 146 73 -9 -229 -52 124 187 -32 130 -210 -45 174 156 -31 83 1 224 -136 16 211 -226 -220 181 -247 103 -54 7 -175 -245 244 52 109 182 241 213 164 208 221 88 149 94 18 -235 -38 152 -122 -14 -198 235 -110 -209 -143 196 67 -188 -69 162 99 89 -200 40 -84 -124 -85 -90 114 -22 206 -57 -5 177 -154 54 -171 125 163 214 -133 -29 -208 -64 188 48 57 -1 -149 -218 92 5 8 -56 32 80 -33 185 154 112 -96 81 -197 -80 -61 165 -236 -240 -19 -139 234 -170 -206 -157 170 -115 27 233 -67 -39 -59 55 240 -62 -213 197 -118 -12 -50 231 191 47 -243 -152 -44 246 -74 24 -173 36 78 -92 19 173 176 108 -83 203 -58 20 41 -111 198 -187 166 135 -214 62 186 37 -27 -11 119 139 201 46 -121 140 232 39 34 -4 28 74 11 -147 17 4 183 -189 -196 228 -127 77 -47 -120 243 193 111 126 38 118 -137 113 200 -87 -98 -53 212 -162 68 50 2 -35 192 225 -194 102 205 -203 -101 -18 -89 -68 63 -223 -225 -160 239 121 29 70 160 -201 -15 -145 -77 167 -42 45 -135 215 -82 134 -242 -227 -117 179 -2 226 14 21 -158 153 -232 -55 95 56 -95 137 -159 -148 155 107 -238 145 242 -34 141 86 175 123 142 -40 120 -132 -105 129 9 -100 -146 195 84 23 236 -114 26 -195 76 151 -60 -180 58 42 -103 -106 -43 101 -46 150 35 -221 -79 220 -172 -205 -86 147 91 0 227 3 -163 71 -37 -7 -131 -140 -248 143 -177 219 30 -234 -25 6 -65 247 -156 -185 -141 -186 -104 -108 207 -91 31 136 -21 -192 
TEST 99 ARG:223 213 173 -99 -158 52 18 -197 -234 -159 239 137 112 -205 -41 161 -5 -187 117 -45 -210 -118 -69 229 -198 -71 9 0 -190 -126 168 38 187 193 -46 -244 41 177 -67 118 -11 131 43 -250 -43 -68 -91 39 102 51 159 33 99 -218 -233 134 248 49 26 242 55 202 50 143 -52 65 197 58 -8 -79 -40 212 -162 -127 199 -145 -225 198 -239 4 45 -36 -70 -195 178 68 -165 89 83 -64 54 22 -141 -42 234 -161 -62 241 -196 -146 -180 -194 -188 -247 -96 57 245 37 -65 -160 -156 81 -58 75 162 -232 -189 184 63 -191 -213 78 236 154 44 80 -77 151 208 2 158 219 73 25 -227 11 -139 -112 100 185 -78 -230 82 67 -236 227 20 -174 222 6 -226 -245 125 -12 -151 -163 69 -128 -48 192 148 -120 -80 -33 126 -20 -144 -143 15 122 95 94 -219 -116 -31 211 -88 17 114 84 -35 -150 -85 247 225 -166 -131 124 71 -168 -173 -243 96 -155 21 61 -22 -102 -125 -207 104 60 218 64 188 -172 -30 -34 215 186 -183 174 106 -171 -129 200 -200 -39 181 35 -113 23 -222 231 113 -122 40 -149 101 10 133 -25 220 -75 -132 -130 31 172 -3 139 -178 156 144 249 74 204 -51 -123 111 -164 32 97 -167 28 -29 203 127 152 179 -229 -104 -215 87 -84 -179 16 -94 59 -209 -17 -24 209 210 206 -248 -44 167 -103 72 -220 48 62 -154 238 -142 -21 217 1 142 -16 170 240 155 194 27 109 3 120 -201 92 -7 -19 -148 -28 85 -106 246 164 -76 147 -111 -61 196 47 119 -177 -105 130 -57 -83 -138 228 -110 12 -153 -137 -93 -53 -23 -192 24 36 129 123 189 201 -87 -204 -81 -212 -186 -98 86 -14 -202 103 5 -221 -176 -235 -73 -211 -115 -18 169 -240 153 -9 150 -134 -217 -208 -92 53 -4 -249 -223 146 -82 -152 -175 -109 14 -74 -59 -136 56 -26 165 115 -182 66 -140 -237 232 -231 -185 -124 -10 138 93 -89 -224 121 -157 19 195 -32 171 79 88 7 -86 136 132 145 77 116 244 -63 -38 -133 207 42 233 -107 108 149 -49 -56 -72 160 214 34 183 -184 -214 221 -66 -13 -193 107 -117 -121 -108 -90 -199 140 70 76 190 -50 -2 -114 -216 46 175 -203 -60 -147 -135 91 -1 166 98 -241 -6 -170 230 -242 29 30 243 -238 90 110 141 224 -246 163 105 -97 -206 235 176 191 128 -101 -37 -54 226 216 205 -169 237 -15 -228 -95 -100 -55 135 -119 -47 157 182 8 -181 13 -27 180 
TEST 100 ARG:-50 98 175 193 58 12 -167 -139 -168 164 -66 -37 229 -11 -115 -180 151 26 -153 -196 62 129 86 -143 166 9 -125 30 -176 144 -90 100 -40 -135 239 -231 -85 -48 104 -39 217 -150 -116 16 101 -2 18 -247 -142 39 -198 14 135 -49 73 -96 -124 67 -69 185 -134 -159 27 -148 189 142 178 -174 -245 2 52 -158 -127 -179 -18 -160 247 136 -91 -223 -238 28 66 -95 237 78 -189 -103 -102 -218 -181 150 41 29 -59 42 -22 -31 -12 165 -36 -109 97 210 -147 0 -161 -186 48 119 -26 111 231 44 -14 238 -197 3 -120 219 -117 137 -185 60 84 71 -108 -222 -71 -34 -92 140 -246 8 -171 -88 53 -192 -106 183 -178 -211 187 -175 -10 57 -137 87 233 213 -105 -241 93 -25 -145 -191 -215 240 106 92 -242 179 -193 -80 -107 -56 59 -227 -163 173 -234 -99 -122 181 -100 -237 195 55 -195 157 -219 -243 -82 -77 241 -199 198 -113 -201 32 -62 -190 82 176 25 45 -131 -220 -58 -230 -182 102 54 69 -7 95 249 204 122 155 -89 180 -205 143 230 -65 -240 114 6 -172 -46 105 -75 -129 4 158 7 -126 -70 46 -33 -1 23 123 226 -177 121 -165 169 -86 116 96 209 146 65 -27 15 220 172 188 -51 -54 -210 -232 -9 242 -93 75 103 -217 33 221 13 115 133 -209 -118 -23 -132 -55 -144 90 132 36 -170 160 49 -157 35 1 138 72 -155 191 -42 161 206 -20 10 -244 -221 107 -169 211 -207 -79 134 -17 -72 154 244 125 224 -84 223 -41 -194 214 50 -67 -138 156 -53 70 -45 -229 248 232 109 -78 235 -133 47 -47 -6 245 159 85 -208 -15 108 124 171 182 -68 -38 11 -16 215 167 89 -119 -32 -114 126 117 56 199 -225 -81 131 34 31 197 -44 -28 194 128 -214 -128 -13 -30 -151 -235 174 110 192 141 227 -111 40 -73 148 -173 -104 -156 81 24 91 -4 -110 -200 -188 -43 -87 21 -57 -236 -83 94 163 5 99 196 205 -213 -112 -187 -212 -149 225 -19 61 -61 -141 -154 -248 147 -216 -98 83 -206 168 -8 79 -35 234 -21 51 -94 -162 37 -152 17 190 -97 177 162 -183 228 64 -250 -64 -204 218 -224 77 130 19 -74 80 74 246 170 -202 -52 -101 63 22 -136 -146 88 -166 -3 -239 -60 127 -76 118 -123 152 202 -130 112 216 -203 76 113 -5 -29 68 -63 -226 -233 149 38 200 208 186 201 120 -249 184 145 243 222 -140 212 20 -184 207 236 -164 203 139 -24 -121 43 -228 153 
TEST 101 ARG:105 24 -39 -189 141 143 -212 -47 -49 190 198 -95 -159 -231 63 18 -17 186 240 99 -230 -9 14 -96 33 7 -245 -144 -46 82 96 91 103 -66 146 -198 192 232 -247 15 -215 -97 -4 205 -187 55 38 166 -51 -36 134 216 -151 -6 25 126 -35 -147 183 86 37 -190 101 -1 -138 10 -221 19 139 114 -83 -216 159 -110 -152 -195 -92 -130 247 -41 84 237 109 -60 -12 200 89 -217 -211 175 107 214 -132 -33 162 8 -178 -192 -120 226 176 108 230 234 187 35 -182 72 -38 -168 149 77 -5 -167 -135 195 118 13 92 -118 -64 -133 -117 173 48 112 47 225 181 -137 -208 -180 -73 -74 95 -207 29 201 -112 131 -55 249 93 9 -84 -134 158 -235 -169 -145 -88 229 150 -107 -238 -160 172 76 -193 123 -67 16 -25 -181 -203 -128 -69 142 209 -131 45 -218 135 -214 -242 97 -31 127 -125 -37 -194 -165 -206 62 -11 -77 -196 246 -22 -241 119 26 -237 -173 -26 235 197 -155 194 147 210 -249 245 165 -115 32 -13 -136 -85 161 22 -114 189 -75 64 -68 -102 116 -127 -45 -161 113 223 -15 125 -234 219 -129 -58 -154 -233 222 -170 218 -140 -72 87 138 -100 -183 -116 184 182 156 152 155 78 145 98 111 -79 68 -240 -113 -191 -150 31 -14 104 51 30 117 39 -8 196 40 -124 248 241 5 -19 -98 120 36 67 -222 -28 52 115 65 -204 188 -177 54 -94 -78 122 85 -54 -87 -32 -153 1 177 -18 -143 -229 6 2 -158 -156 -122 59 -52 -141 17 -108 -57 -219 -176 -146 -93 -201 207 -71 179 233 191 83 71 46 -149 -3 140 -16 -243 28 41 -53 -30 -226 -166 -80 -179 -82 130 -34 213 -61 -184 110 -174 -213 167 -232 -209 0 69 -101 -185 43 180 -139 121 100 178 12 70 -171 -59 -76 -202 153 -86 -220 -163 -89 -244 61 73 236 -44 242 53 136 -65 50 -111 -23 168 75 -225 221 215 -105 -227 171 231 49 -24 -29 -246 -104 -7 203 -109 -228 42 102 163 74 204 -148 239 217 88 -236 -21 94 -43 169 -157 212 3 -205 34 208 -197 128 -123 -200 -27 -50 199 124 -248 -63 -81 151 170 21 227 -20 -10 -199 106 -48 137 -223 -2 80 -40 -62 202 79 164 -103 -172 -188 -186 57 4 211 58 -126 -162 243 -121 244 -224 23 44 -239 20 -99 66 193 238 -250 206 154 -90 -42 -164 157 -70 -106 -175 -142 -119 -56 27 129 174 90 -91 11 228 224 160 81 133 60 185 56 148 144 220 132 -210 
TEST 102 ARG:-34 -171 -170 -248 -99 -191 -110 232 225 -219 90 -194 235 -129 -193 114 -136 84 -118 20 -107 -3 218 -58 -210 178 186 -91 238 43 -212 81 241 41 -51 207 -237 182 80 -140 -198 96 216 160 82 -77 75 171 135 -38 243 206 -50 -88 181 -204 36 -231 187 -133 -121 18 -179 -119 55 46 199 123 165 147 19 -79 -135 -206 44 248 100 146 54 152 -17 189 57 134 -137 116 -55 156 -30 15 -29 129 104 -117 7 29 -122 193 -56 -104 37 42 -203 -168 128 -205 65 -60 -220 -228 115 154 -73 212 62 107 -147 9 -174 230 66 -6 38 -247 35 192 -222 -53 71 196 -87 -157 -243 -127 139 73 185 -207 0 -80 175 110 245 -26 -217 25 223 177 21 -81 -71 183 -23 1 -216 213 -241 50 -92 -12 -96 -159 -63 -27 204 150 -148 198 168 88 -124 -232 -95 188 179 103 -86 133 -16 -100 -200 -35 58 -176 -20 -195 67 113 -57 -25 47 -41 -224 237 -229 23 -103 -182 -192 172 5 220 -155 68 -62 117 -150 -45 61 169 -160 -177 -8 -215 240 166 -102 -244 191 -52 161 -36 99 -74 74 14 22 -175 2 -120 -68 244 140 -184 -49 89 95 126 87 -67 211 214 -76 93 -199 -158 85 -128 -167 -64 51 201 -11 6 45 -164 28 -39 -7 -211 -93 -138 39 -186 143 -181 200 141 -69 11 -1 -106 159 -201 -246 -75 231 59 -162 -218 -48 34 -151 246 112 -250 -22 131 -66 163 -85 -169 -2 -125 91 -94 145 203 86 118 -89 -113 -31 -130 -105 -84 -173 -245 190 -101 -221 -188 79 -65 -143 -42 136 102 94 -10 -15 70 -142 63 -78 138 106 -227 -226 -14 -98 48 -196 209 -141 -238 53 217 31 -132 17 173 236 -145 -172 184 -43 -236 -190 64 -187 72 -225 -230 -239 197 208 157 13 -70 83 -47 -109 -126 -82 -149 -123 -161 -111 -5 52 180 -223 137 124 -33 -13 125 210 194 226 77 149 49 -165 76 -189 158 -249 229 -115 -233 176 219 224 97 -209 3 -90 30 108 -72 -234 239 142 -112 -40 202 -166 -154 132 144 -185 122 -116 -134 -54 205 -61 242 60 162 228 -213 -208 92 12 27 24 -139 -114 -24 -59 -44 40 78 195 26 174 -202 -28 227 153 233 -97 -21 -4 -9 -156 130 69 -37 -19 -32 98 -180 -240 151 -197 121 10 170 120 33 -214 101 119 164 155 221 111 215 247 222 8 -46 127 16 -146 -163 -18 4 -108 105 -144 -178 -242 -131 -83 148 109 -152 234 56 -235 -153 32 249 167 -183 
TEST 103 ARG:49 146 30 -84 46 -143 234 127 88 208 -99 -45 210 38 170 35 70 171 -185 205 132 95 -122 194 136 238 51 133 222 114 -89 -211 -75 166 21 152 -97 -179 -183 -162 232 60 -51 -29 137 66 -59 209 14 180 197 240 168 126 179 -74 1 -187 106 -221 138 -104 -220 -234 -208 -25 79 -203 -193 -165 244 200 181 213 -44 26 -46 -128 54 -127 77 211 -71 18 129 5 -54 -132 124 25 204 145 -61 -2 3 -176 139 84 59 -100 165 -180 -9 -151 62 48 -4 207 -154 -5 -139 154 -48 -50 -231 242 -68 120 -42 159 -160 -115 -41 100 10 13 16 -16 56 72 223 6 153 -229 -133 241 227 -213 -173 -95 -210 -81 -69 69 50 111 -249 167 149 102 40 -164 -102 221 33 -55 34 -53 216 -223 -14 -107 -149 151 -22 -96 123 -195 -86 -1 73 164 -148 143 173 -200 -190 -11 183 -108 47 -247 -110 -181 78 103 -239 160 -15 217 28 82 -82 -233 187 31 -169 -194 -157 -77 150 155 174 157 -7 -207 109 -212 -87 43 184 15 -134 147 -118 192 228 -130 -43 -214 9 -202 39 -204 -196 -70 76 -76 -218 191 215 -73 89 87 134 -17 -88 -120 -31 193 8 71 53 188 131 -49 218 125 -170 63 -79 172 245 -222 -167 -175 -241 98 -26 -91 177 -111 -40 230 4 94 -250 81 -177 27 -39 -63 195 -6 12 -246 36 -155 -35 -28 199 68 -67 -248 -105 -244 -80 116 20 -12 -205 -13 29 -166 -142 -32 -65 156 247 -57 -85 -92 101 -33 83 169 -172 -206 162 97 -188 65 -150 -30 32 -27 -186 141 -129 7 128 186 224 24 -198 118 -144 93 -90 248 -240 -158 -225 -78 -135 -153 105 57 -119 -146 107 -219 -137 90 37 -21 201 -192 -124 121 -138 42 -58 148 214 113 -174 -83 -109 91 -94 189 -238 -152 -47 185 74 17 -227 144 219 -232 -197 52 178 161 -216 -19 176 -178 61 112 -3 -52 119 -168 -37 -113 -201 108 -224 -36 117 -235 -23 -98 41 110 -237 175 -147 196 -136 -230 233 -24 235 64 -93 212 45 190 -20 202 135 -64 58 -117 55 -114 44 -215 -72 -18 -56 23 0 -38 -182 115 -140 -217 -226 -8 243 -161 22 -209 198 -199 229 75 -156 85 -10 -106 -159 -163 -245 92 122 -189 -125 -103 -191 86 -121 249 163 -66 182 239 -171 -112 2 -236 -101 -126 67 246 206 -228 -145 220 -60 225 158 11 130 -34 231 19 -242 104 -131 -243 -141 226 80 236 -62 140 -116 142 -184 96 99 203 -123 237 
TEST 104 ARG:-244 203 127 117 38 141 -233 64 -8 15 158 56 -242 -20 -235 77 -156 -132 -169 229 232 97 -78 130 68 -231 126 138 173 76 115 -40 -149 154 -48 225 -71 87 -45 -155 -179 -99 177 -97 139 223 -176 -137 -118 212 243 132 -194 -134 34 157 -116 245 199 210 160 -19 -249 107 -110 -143 82 238 208 -135 -57 -139 -36 24 42 -160 79 23 93 -128 -250 -159 -14 -122 -161 142 -105 109 -64 -187 118 -248 -50 100 -107 161 -32 205 -162 174 -138 66 -58 116 -115 43 -126 -224 -175 151 36 133 -228 -209 -227 44 96 -217 40 -199 172 -212 -65 248 -103 -207 -240 204 -171 31 242 -4 -219 -47 17 -163 -54 81 136 8 5 -112 169 62 175 231 165 234 -238 -154 -181 240 236 -172 -104 -146 119 -63 104 25 -121 -119 -84 33 -226 145 -239 -201 -153 -205 41 -195 -44 194 -180 -5 72 -145 -214 60 -142 -114 91 12 69 57 114 -55 -127 -31 -203 -90 2 -17 -95 98 -120 -66 -59 37 20 -208 129 -182 105 200 162 88 -74 146 187 -81 -62 11 -166 216 -23 -133 181 -152 13 -43 235 -26 75 0 -21 58 -12 135 -225 215 54 -2 45 222 191 73 -216 -211 193 247 112 102 244 190 86 -174 -106 101 -229 99 55 -39 -246 125 -18 -46 -53 -147 -85 94 78 89 -131 164 202 -123 -206 -96 46 -91 -186 147 188 -6 -100 206 214 -111 71 -245 140 -218 137 150 -15 -98 -196 123 -157 186 246 32 -130 211 -75 90 14 -87 198 124 -101 -124 -222 171 -220 85 -56 -141 -184 148 84 -167 59 -16 -221 217 -168 110 -144 -125 -202 -67 -51 -170 19 92 47 120 -60 -38 -188 -177 -24 -243 155 183 80 10 -230 -77 6 -158 -37 -93 209 226 -9 -185 239 178 -241 -88 111 -52 -13 -89 218 -41 -232 134 159 -22 -30 230 207 185 180 -61 189 7 249 167 113 51 166 227 221 -10 196 219 30 131 26 233 -236 201 224 49 -190 -11 -109 195 121 -49 179 237 184 -83 176 -82 -79 122 103 18 -136 16 -86 -223 128 163 -34 -191 27 74 -183 -237 -33 -28 -94 -234 39 63 50 48 -80 -193 -70 -215 -178 -210 156 70 197 182 -197 -102 -129 228 153 241 -213 -173 -1 144 213 35 -200 -72 -108 -29 -247 -164 83 -151 152 -27 106 28 108 -204 -198 -140 170 -150 21 -148 61 1 22 143 -113 -92 168 -192 -165 29 -3 9 -25 -76 95 -42 149 3 -117 -69 65 -189 53 -35 4 67 52 -73 -7 192 220 -68 
TEST 105 ARG:-16 -6 14 -97 206 151 180 -83 -22 -28 -96 157 -199 -162 225 64 -45 -50 7 -110 -222 77 127 -125 -66 63 231 228 -13 44 -188 106 234 28 -249 -205 -59 -21 178 -119 168 215 90 46 141 47 146 6 -239 242 134 -122 177 -237 -17 -5 -212 -69 42 164 128 40 -39 99 -140 137 181 139 -74 -127 -60 140 110 -198 -120 238 237 198 -40 -89 -116 -137 -118 -185 -236 -15 -130 189 96 74 -126 -149 -71 148 -43 -25 -193 -148 210 36 184 -184 -250 -98 190 -234 -102 -174 223 79 232 -195 211 -143 -155 -46 183 102 19 62 -56 -226 -150 -54 187 248 -210 -27 130 -81 -208 -133 221 -220 -10 249 55 -159 -70 -23 -233 -109 -134 212 70 207 -111 88 154 13 89 -142 124 143 193 -63 191 142 186 -92 -100 93 101 38 73 214 226 84 144 -105 -80 138 195 -9 132 108 176 -169 83 -228 -183 -153 -75 107 -240 56 -241 194 -196 158 -52 -11 -204 85 170 -136 204 98 -77 -68 -176 203 86 82 -115 222 200 -202 -36 -107 160 -38 45 -225 97 -229 -73 -189 87 1 -194 -175 109 35 131 -123 -219 -180 -181 -24 -37 -201 111 145 -151 -61 9 -132 122 -135 65 -1 23 -243 -247 -30 -156 20 29 161 201 3 169 -170 -164 68 -3 126 104 -103 -160 -157 -18 199 -19 95 -213 -7 167 118 115 -87 -104 163 -216 233 217 31 -33 243 -14 -214 129 213 149 -101 27 -76 175 136 -95 -57 -221 -231 229 209 185 -211 -166 -108 -223 -165 -64 156 216 -172 244 76 192 114 -42 172 171 26 -41 230 -190 -179 92 -94 34 -139 123 -163 21 49 182 -62 -215 153 8 -90 4 117 -79 32 61 179 -93 -47 -161 -65 58 105 -128 94 91 -55 -91 33 -67 16 113 53 75 241 -121 -49 69 125 103 -51 15 -178 -85 -26 72 -106 -248 224 197 -86 -131 24 121 -200 -2 -82 235 -187 52 -141 -182 -12 18 71 188 -117 43 239 -244 -146 -217 166 39 155 -230 245 51 -227 -197 -31 -152 120 -207 -112 -113 119 227 54 66 37 247 133 -167 202 48 -186 174 -192 11 219 -72 -245 -138 -99 -20 240 -235 5 -171 0 -145 80 -203 67 116 165 78 135 -114 -58 246 220 162 100 236 -246 2 -191 -35 -129 -173 17 -53 -147 -34 -29 147 -48 196 205 -209 -8 -4 208 159 -206 -78 -224 -124 50 -44 -154 -158 -177 173 30 -242 22 41 57 112 152 81 12 25 150 -84 -32 218 -232 -238 59 -168 60 -144 10 -218 -88 
TEST 106 ARG:-221 -236 -213 -210 -86 40 -191 55 -167 30 64 211 149 49 -79 -170 -158 3 213 -91 -133 -10 -51 -142 97 84 7 240 -21 -204 151 125 -179 -129 -138 152 -144 2 118 -54 56 -65 -174 -163 68 -243 -230 148 -125 105 -153 120 -112 -80 208 -148 -197 -195 -3 246 -15 -97 -155 110 -124 111 21 -111 -25 -134 103 -157 -207 179 183 -231 -220 -245 -96 69 249 -53 -27 23 216 -145 -166 39 -205 -14 35 90 230 61 -50 78 -244 -229 -223 -109 119 51 -89 -198 -48 126 -107 32 16 -11 196 188 -13 162 -72 193 134 -8 114 18 70 9 203 59 93 83 -37 132 -188 177 -226 186 -108 157 14 80 209 161 -215 100 130 -187 187 -172 -99 34 -218 -181 57 -237 -151 72 127 -43 -74 77 -35 -118 123 -17 66 -106 -171 242 101 106 -239 244 -156 81 117 -66 -100 -225 147 -34 140 -132 62 85 -20 -192 247 89 -84 74 -90 -47 -123 -52 235 -150 -217 191 -234 -128 -5 129 -7 -232 -75 -176 145 33 171 -201 -83 -168 158 -193 44 96 135 198 -28 137 239 192 -114 -81 159 238 -143 164 65 220 17 200 243 -250 -200 99 -24 45 -113 -216 8 28 166 -31 -68 -190 95 79 122 218 205 -94 60 -62 37 -152 206 71 175 43 142 197 -135 36 38 -194 214 156 73 -202 -164 -41 194 -248 -93 207 133 232 167 229 15 -18 146 -185 -70 -214 -39 -22 -165 -82 -242 -98 202 46 -178 -212 176 231 172 0 76 237 -136 82 -238 98 -209 75 86 22 -92 25 -154 -36 -58 -63 -186 -95 245 -219 19 42 47 139 233 -64 58 160 -67 -116 4 241 -241 178 -16 136 -162 221 1 -240 215 -139 -4 236 -115 94 138 150 -56 190 -146 116 -137 121 -49 -149 -45 -103 154 -184 153 -9 26 223 -189 -88 20 -73 -78 31 87 -38 -235 -26 143 173 -105 115 -1 199 -77 -222 -30 92 222 169 227 -110 217 185 174 102 155 -119 88 13 -101 109 182 -247 -33 113 41 63 -159 144 -29 -147 108 224 141 -85 -102 52 -61 -173 131 -131 212 -120 -32 170 -71 10 184 -44 -127 -182 53 163 181 -140 -175 -160 -211 -180 248 226 -183 91 48 27 234 -69 -177 -60 112 -76 -46 -203 219 29 165 -121 -23 107 225 -2 -57 168 -228 -6 -206 -249 124 204 -227 -122 104 -12 67 -59 201 -87 -126 -40 -117 180 228 -208 -161 -199 -196 -19 54 11 12 195 128 -233 6 24 -224 -104 189 210 50 -55 -246 -130 5 -141 -42 -169 
TEST 107 ARG:53 178 -176 -200 175 -183 123 -30 -125 138 -245 174 -74 65 -161 98 -147 94 156 -14 182 -151 -31 -5 -63 -87 -180 103 -53 -248 240 -242 -127 146 48 75 -103 -69 187 217 55 -9 79 199 -58 220 -21 43 -144 -43 -119 126 147 54 225 24 -34 -3 -62 177 -198 143 78 148 40 36 -110 151 46 -232 -219 -201 93 88 244 86 -202 -231 -227 235 242 -190 197 34 249 -187 -86 -76 -174 -90 114 229 49 209 -93 -26 -75 -215 -80 -77 134 -220 149 -106 -33 23 -214 -175 -226 -111 -148 6 -129 -184 -100 -160 196 169 -104 -150 111 -17 228 -47 132 35 56 -1 113 -167 223 57 -4 -28 -145 29 236 206 171 14 167 -24 124 69 -178 -243 -170 183 -13 -134 -122 -66 -246 -46 -54 84 11 -233 -156 18 -97 170 59 106 -85 39 234 -137 -39 -205 -84 19 37 -82 7 -25 32 -44 -168 154 129 172 21 -132 -89 62 108 44 -56 -221 203 -95 -116 215 135 145 76 105 -142 67 95 96 13 216 158 -207 214 -179 107 -143 239 140 -115 -249 207 -164 12 -57 -118 -10 -51 119 38 -117 -16 -91 118 -212 201 -136 63 47 213 219 190 41 -197 -199 -185 -154 238 -59 -152 193 245 -92 -101 -165 -141 -32 -41 77 -163 -68 8 -188 22 -230 25 221 -158 192 133 127 51 -11 -171 -169 72 -139 -65 -50 28 208 -204 -42 10 -218 -15 -240 150 -29 141 212 -99 109 -8 33 -192 -211 -189 -195 241 -20 -191 -27 -12 -223 50 160 -7 30 3 116 -181 176 -157 102 -123 198 157 90 -130 66 131 -159 -182 -112 -213 -173 202 233 -55 31 4 -128 26 -64 -78 200 -166 218 101 20 112 45 120 -52 -196 -105 58 -124 -73 248 162 71 92 -18 173 -155 211 -138 166 -235 184 -98 -83 70 159 9 243 17 185 -108 237 164 85 -113 181 -96 73 179 99 -237 188 247 -49 -126 61 -107 -48 -234 142 104 155 -172 -193 224 60 91 -216 -162 128 165 -244 -45 -208 -79 52 5 -186 195 16 80 -203 -72 -40 168 83 -224 81 122 68 -37 -135 82 210 -206 27 161 -36 -194 2 194 87 -94 -35 -6 -70 136 -2 42 -67 204 -102 232 -19 -238 139 -149 -177 153 -217 -109 -225 191 -88 -236 125 230 227 0 121 180 -60 189 -133 -210 -38 -209 -114 163 -247 -23 205 15 -228 -239 74 97 -120 115 -61 130 -81 -146 -229 -131 226 117 -241 137 -153 -121 100 -140 246 110 1 222 89 144 -222 152 -22 231 -250 186 -71 64 
TEST 108 ARG:12 -109 195 -73 -101 -128 -77 87 215 82 61 -123 -14 237 13 -170 124 85 211 -120 -140 -106 -72 -188 -81 -44 -212 -8 248 -34 8 177 -135 32 127 -78 162 -233 -203 88 -164 99 21 -28 216 191 -243 -240 182 -198 232 -187 123 -86 -222 186 -15 43 -90 -225 239 157 -71 39 144 -5 48 -223 17 203 -169 92 -193 63 -89 -1 -179 49 151 148 141 90 69 243 -175 105 -117 79 120 22 -153 -173 208 -49 -110 132 -42 -199 -107 -61 -80 5 198 47 -43 -194 -235 -29 -84 -204 -217 233 173 64 7 66 40 -250 -122 -21 68 -127 -96 119 122 -2 238 145 -97 -79 -159 -23 30 33 74 -171 112 -121 -125 -10 118 -249 212 29 209 6 -220 -93 80 -98 152 193 168 -210 -11 223 -158 56 -166 -114 95 -139 4 -76 -112 -195 -232 107 170 154 -68 -48 224 -155 -196 -136 -177 160 207 115 -185 -54 -247 -129 221 25 2 226 -50 210 -60 -64 -45 -197 -119 -246 -99 180 -228 -41 -105 -82 -176 188 -236 10 -150 -218 -20 126 -32 89 -154 -211 156 214 -65 -116 147 135 -100 -103 161 -144 199 -149 -206 -63 -189 171 -226 174 -167 -207 -111 -67 -95 -39 -184 16 104 134 -59 218 26 165 -234 110 -17 246 159 245 164 -56 14 -66 158 37 -244 235 53 67 -148 -163 -248 -40 -37 228 78 -230 98 60 3 71 183 -55 -118 -138 -181 -132 -30 -74 97 -94 15 31 -180 131 -133 -75 -165 41 -115 34 101 -162 -141 -19 -202 136 -145 116 86 44 128 -57 -6 204 219 24 -131 -161 36 149 213 52 -4 -46 189 231 130 -201 185 -237 192 57 -102 184 109 -143 -85 -108 -126 176 137 106 153 142 -238 163 -231 200 241 -157 96 206 -151 -51 58 227 -113 -24 -130 225 35 -156 18 230 -224 178 -241 220 -36 -27 -168 -216 202 111 197 190 -160 196 27 -7 114 -239 -205 9 -25 125 -147 240 140 169 121 -152 -245 20 113 234 -35 187 -104 129 -208 -69 94 166 -3 -9 19 93 -227 103 42 -183 139 -215 229 143 11 -88 181 138 249 -18 59 217 -83 -58 -242 244 -137 179 91 77 -191 46 100 -13 75 50 -178 55 -38 83 81 -190 -200 73 45 -219 133 -124 1 -186 -12 236 -70 -221 -174 -92 102 -142 -53 -146 -213 -172 -87 -209 -229 155 -47 0 150 194 247 23 65 51 -134 28 222 -182 117 -31 -62 -52 -26 -16 70 62 -192 205 -22 201 -33 76 -214 167 108 172 175 84 146 54 242 38 72 -91 
TEST 109 ARG:33 59 203 103 -178 -75 -215 -205 -54 -137 -189 2 -46 174 -196 -18 -208 -228 249 -131 85 99 27 -146 156 163 135 133 -41 -217 20 37 -181 58 -132 -187 189 -36 -40 182 -220 -64 -53 42 -157 -192 -107 11 136 -144 246 -236 -5 -166 -180 -32 179 -242 243 -218 159 29 -143 153 -119 -43 -83 -229 245 61 168 -237 -34 137 200 -169 -68 221 -168 -104 -142 223 90 192 -108 -153 96 44 64 3 -176 191 53 62 -162 144 71 239 46 60 -62 -30 -93 -37 -71 240 117 16 12 226 213 -17 205 105 -191 199 -204 149 -33 -74 -161 111 120 197 9 -248 6 -188 176 140 -80 -48 231 -111 18 69 171 -250 0 -179 198 -190 101 212 -95 -213 108 -139 132 141 -221 -51 -134 13 160 -26 -113 -38 -85 4 -247 97 151 -61 -12 -147 -194 190 -102 14 210 -201 75 225 -91 -216 65 70 186 -29 -56 -244 -164 -200 165 76 202 -66 -158 -22 237 -154 107 23 -177 -49 184 -165 -170 89 234 92 123 157 -202 177 -96 -172 -55 180 49 -31 -198 78 215 -116 112 220 -94 187 -249 -15 -86 155 -105 57 118 -118 -193 -45 -167 248 98 -206 32 -69 -214 -195 77 109 -122 -73 195 -199 -99 80 -101 41 -239 173 224 -117 185 28 -65 -148 -44 -90 -98 87 -183 -126 -1 134 67 -186 72 -197 81 -128 95 114 -211 -84 -100 36 143 207 -207 167 93 68 175 -57 26 -97 83 -149 -76 -112 -235 -232 222 -203 56 230 8 229 -136 -138 181 -130 188 247 -78 -58 -39 -59 228 -121 34 -67 15 -222 158 -103 146 -225 170 31 -246 -238 -106 45 139 -63 40 48 128 -145 35 -8 -42 -209 125 -21 21 -79 164 172 -210 94 227 -175 138 -25 -150 -7 242 38 63 102 -230 -16 -2 -241 161 -88 -231 88 22 -133 -115 110 104 -92 -123 -155 -223 -109 -127 -6 24 -160 -234 54 -185 -23 -27 -152 235 -35 183 129 145 115 -60 209 106 -240 -182 -245 193 -20 30 79 -77 25 -110 166 -135 -52 204 244 -10 -174 55 -243 5 -19 -89 130 -81 214 -87 100 131 219 241 152 -9 -114 84 -219 194 201 50 232 -173 17 43 -140 211 178 1 206 236 122 -212 39 -28 -159 -171 154 -120 150 52 -125 7 218 51 73 -70 126 -141 -124 -3 91 74 19 216 -156 -82 -24 169 10 -4 -233 47 -226 113 -224 196 -163 -72 142 208 238 -11 -13 -151 66 82 121 -184 116 -227 148 127 -47 -129 217 -14 -50 162 119 86 233 124 147 
TEST 110 ARG:-71 44 150 -164 12 208 188 4 186 215 -54 -227 -13 25 77 46 -14 -232 40 -151 -87 127 -147 32 57 -165 -149 15 -11 239 1 216 56 -93 84 -229 47 -66 222 22 -84 -162 20 11 -67 63 -3 -177 -21 145 -235 154 165 -231 -4 -209 -74 161 169 168 -119 -154 -2 -143 -73 163 70 182 -184 24 211 -40 -46 193 199 246 -111 -211 -212 -225 185 -116 -146 -200 -110 -39 196 -12 224 172 115 174 245 -97 -109 111 225 104 -241 204 -220 -113 27 67 -203 -233 -88 7 -94 23 10 -230 -179 -96 -167 189 64 90 214 -188 233 -82 -80 5 43 144 130 -136 -142 -148 177 -75 68 131 18 -132 220 181 37 -120 -91 8 -17 248 229 175 -28 -128 -173 201 48 -178 -137 125 -1 -106 206 213 232 -202 88 -22 236 -249 -157 124 -45 49 -145 194 240 -48 21 -198 -99 202 -214 78 72 -16 -18 -89 -64 244 -163 -243 6 -65 -33 30 133 99 -83 102 107 205 19 109 14 -20 137 155 209 -207 118 -134 31 147 -186 -191 -158 103 -183 -185 108 -160 28 -90 60 -234 126 -98 -190 73 41 227 -193 114 -56 13 110 82 83 218 -51 120 89 -26 231 -244 101 157 -206 92 -242 66 -79 235 -9 42 226 249 -27 -181 -35 0 112 197 -126 -85 166 -68 230 -43 -161 -10 -118 -196 171 -156 122 237 -248 -153 -41 53 29 -30 -245 -114 -125 187 243 -121 -131 134 -58 128 -61 -152 148 -199 35 207 -197 -250 -32 -24 -124 -217 36 121 -81 -53 87 51 100 -237 -31 -176 62 52 54 223 138 -44 -169 -166 -240 179 -141 -228 3 -122 -112 -7 91 -37 164 74 58 17 -129 -104 95 153 -117 176 69 33 2 -103 -107 -49 -219 -8 -55 -69 -223 170 221 85 143 -221 -171 151 -123 -140 -172 105 192 -238 129 80 -62 -139 75 180 -19 71 -170 -215 -77 152 -236 -38 39 160 93 190 97 -23 -224 173 -189 149 219 -144 -187 -100 -150 -218 -78 117 -204 -130 -52 -34 -182 -105 -208 140 9 -63 158 -59 159 183 -86 238 55 -226 191 -210 -76 234 139 50 -25 -155 -42 -36 98 106 -194 -138 76 -246 241 119 116 242 -5 -159 -72 -15 162 96 86 -108 26 -175 210 -201 -50 -247 -29 65 61 -70 -101 142 184 195 -115 178 94 -239 -92 79 -133 34 45 203 136 16 -192 141 -102 198 -168 247 200 -47 -205 -222 38 135 -216 -174 -135 81 146 -180 -57 167 -60 -213 113 59 -127 -195 132 228 212 217 -95 156 123 -6 
TEST 111 ARG:-66 -182 152 104 73 83 89 -192 -107 -2 130 -205 -132 -97 238 -136 -29 -250 232 114 173 -30 14 100 3 214 -98 -8 -75 -229 110 120 69 -166 -225 135 35 -38 -20 -4 203 -104 127 -223 199 -10 -172 162 -211 -237 -198 98 74 223 22 -248 241 -126 236 -185 52 170 -27 -227 -100 179 -14 128 -51 -239 -50 154 -150 201 -177 -221 109 59 11 -94 -180 -120 231 -5 209 87 139 -28 -122 -155 242 -124 77 204 42 -9 105 -200 188 220 191 -67 -81 -49 178 -37 60 -112 -240 -65 172 -130 78 115 158 -247 -59 -12 -92 150 -170 58 21 88 -226 -101 230 19 -71 -243 -146 -222 -201 141 181 -174 -88 149 84 -18 92 189 148 245 160 -53 17 -83 -246 106 -121 185 81 -165 144 -114 -16 -87 151 207 136 -186 53 -45 44 183 -64 -162 2 -230 -161 -25 137 -152 -11 -217 -220 38 142 -48 112 -123 15 -118 5 76 -1 -113 206 176 143 29 -135 197 -178 -3 -34 -145 26 61 63 -86 82 159 -194 -127 208 41 147 -216 219 -241 -167 -43 -213 -236 46 126 239 125 165 -144 -15 212 184 -208 -202 -69 -176 -103 9 -175 -22 -179 -6 91 -57 -76 94 234 -212 48 -80 240 -197 -55 -154 -153 113 138 -191 -108 193 -164 -183 177 -13 182 -181 -93 71 24 -137 -23 31 -44 37 -193 -234 80 215 51 -129 225 116 -110 8 -189 39 -31 163 -58 56 -187 -219 248 -82 175 65 -169 237 228 68 -190 118 -79 50 -215 -56 -195 169 171 -19 157 101 129 13 244 146 -139 -91 27 -231 -74 -149 -199 -99 23 97 -125 -235 -228 -131 -140 -203 -77 62 -73 18 79 -89 -143 187 0 226 55 107 194 -117 34 -159 -134 -109 -42 -96 122 72 67 96 117 221 -156 -245 43 190 -142 -238 85 108 243 -52 -47 -168 30 205 134 -35 -7 49 132 124 -210 -249 -63 -232 174 20 210 -85 103 -224 -17 202 168 4 90 -72 164 93 -147 28 33 45 224 216 40 155 121 180 54 145 -163 -128 75 -184 133 -40 -138 131 222 229 -133 -207 153 47 25 36 -160 196 1 99 -115 6 217 7 195 -111 86 249 -141 186 123 235 12 140 -32 211 32 102 -214 70 -60 213 -62 192 -151 -188 57 -68 -233 -116 -218 -242 95 -70 -157 -148 200 -171 -244 -78 218 -209 167 227 161 198 156 -196 -119 -102 -24 166 -95 247 -26 111 -204 -105 -46 -90 66 246 16 -39 -36 -54 -106 233 10 -41 119 64 -33 -61 -206 -21 -158 -173 -84 
TEST 112 ARG:245 202 208 -33 106 147 175 -68 157 70 197 -132 -117 -210 25 243 -209 94 -88 239 4 177 -80 125 -6 13 154 -219 -65 231 -232 -247 233 69 215 224 113 89 -206 247 61 -61 -76 193 -27 -167 -207 -176 242 -18 -53 -102 49 -245 246 127 -86 42 -113 -14 -200 11 196 -231 213 183 230 3 -116 64 92 -175 -178 83 -202 123 -93 31 206 118 -87 -99 -111 109 133 128 -148 9 107 -31 2 176 -37 7 -74 234 203 -156 -124 -180 -4 -127 189 84 222 -51 -126 -47 -59 -192 -233 -57 -58 142 98 81 220 -41 249 -15 34 169 50 -221 -228 26 138 -55 16 -147 -224 -128 -35 46 -107 -223 -211 134 238 -1 41 -82 -24 226 -91 161 180 144 -48 -195 -225 75 18 35 -56 96 -34 -190 -71 145 244 -186 71 72 164 149 122 -8 108 150 -144 -30 -17 198 -140 136 -73 152 -194 -38 -226 -201 38 -92 -25 97 141 -227 -72 204 -158 -139 -89 -13 -250 -222 -75 -146 -177 -123 -134 -193 -197 1 -103 -46 186 -145 88 200 140 221 95 -52 155 -70 -160 -191 -149 -205 241 -152 181 225 -168 112 -244 179 -179 37 -169 212 -106 -85 -81 -108 -216 -141 135 -183 110 82 -104 -16 12 -63 -94 54 -120 -12 102 162 -173 210 39 -66 -181 -45 8 146 104 -67 148 129 -196 47 0 -238 -77 29 -11 -249 -49 -242 21 -154 -172 -239 -164 178 -162 184 -213 79 59 214 40 219 -163 53 -5 -105 -118 131 -220 22 -236 -54 -212 -198 -136 124 -43 167 90 -185 114 -114 -208 -60 -3 -165 -230 235 -100 -203 -62 -83 99 166 14 -171 57 158 -101 -42 -64 58 223 93 218 100 -121 -142 27 -10 -109 -137 -170 240 -229 -217 24 45 143 91 -241 67 -187 -20 51 -9 10 -234 165 -69 -96 132 -182 217 -23 -153 43 19 -29 116 30 159 185 -189 -204 -84 137 74 86 -112 119 171 195 33 32 172 -184 -166 -150 63 160 -36 -157 55 117 48 66 6 170 -135 5 174 -151 120 105 -159 28 -240 -174 232 -218 -122 103 56 -32 68 -131 216 -161 -95 191 -237 78 163 130 -129 -90 187 151 76 -50 65 77 17 168 85 -79 -110 -97 44 -98 229 -243 -248 211 -246 -2 248 237 62 101 190 201 115 15 60 207 139 126 -40 227 -215 -22 194 -115 -214 -28 80 153 228 87 23 -78 -26 -44 192 205 -7 -125 -130 -138 -133 -39 199 -119 20 -21 182 73 173 209 236 156 -143 111 52 121 -19 -188 -235 36 -199 188 -155 
TEST 113 ARG:-185 183 93 118 -225 72 -208 160 130 197 192 90 -220 -98 -241 -11 -126 200 73 -90 20 -199 22 -25 136 137 195 -206 105 -1 -248 -37 166 7 -62 220 -54 170 -217 189 153 108 14 240 44 -222 -168 243 -7 92 4 -155 -171 86 -79 -216 -182 -218 53 -131 205 246 -177 38 247 -215 -71 115 127 198 -21 -246 -242 -88 24 178 -142 -138 232 -145 -118 148 -85 -96 -92 -9 -136 -195 122 40 -144 80 35 -166 -69 -65 168 102 -57 -146 3 -188 -80 -180 -94 95 144 -219 -117 -154 -212 -66 67 59 96 120 -156 -121 8 -20 233 150 -147 -249 49 187 30 207 87 79 -197 211 244 -12 -15 -151 33 -181 -209 -58 172 -214 -237 -243 85 221 11 104 -105 -240 -200 -141 109 -82 238 139 134 56 -224 -198 -102 -158 -190 167 123 -59 -44 70 237 163 36 -245 145 32 190 12 146 60 -43 213 -133 -41 71 45 -55 239 -16 -115 184 -32 51 110 -101 98 147 -29 42 -34 -223 143 27 -250 -72 -228 -113 -17 142 54 -36 39 -86 -149 -76 155 -159 -109 -125 41 91 75 -202 -93 34 -161 -170 -134 -52 179 -64 235 -227 224 97 -28 229 -35 151 -104 181 10 26 23 65 -247 152 176 17 -2 47 -23 31 193 15 -204 -143 158 131 174 28 135 199 -120 -213 -107 -230 194 175 -205 -132 -22 -5 -175 201 202 -99 -148 -84 -173 157 161 159 62 -135 66 -97 -193 191 113 -226 -128 212 -139 43 -174 -238 -103 52 215 -137 82 171 -124 5 103 -33 64 -167 -164 63 114 236 -6 249 -153 -19 209 -162 46 -110 112 -114 74 222 18 -178 -89 -239 129 -140 -51 88 133 154 94 217 141 185 -61 116 -244 81 -42 16 -39 -111 126 226 25 -236 -192 -187 19 -47 -13 -150 -196 -60 -87 -116 -165 -18 132 -189 241 2 -38 -26 248 -91 -31 -221 -24 21 204 -40 -127 206 -152 -95 -4 -160 76 149 -130 227 -179 208 107 165 9 -163 -157 -70 -210 242 156 -74 -176 -169 -119 245 78 -46 231 89 6 -50 -45 117 210 218 219 203 -129 -233 -3 -100 -112 -27 -14 0 1 216 57 124 29 -183 68 -49 -172 -68 -78 -231 -194 101 -56 -48 125 196 -123 61 -235 -73 140 223 225 182 -203 -53 111 138 48 -122 37 -229 -67 106 -211 -8 234 13 119 180 -186 177 100 58 214 -108 -30 83 -207 77 164 162 84 69 -191 -63 50 -75 -232 99 121 186 173 228 169 -184 -234 -77 188 -83 -106 128 -10 -201 -81 230 55 
TEST 114 ARG:150 -165 121 226 107 214 -219 28 -205 33 143 -221 239 -85 29 89 -100 -34 204 195 -168 7 47 182 -187 61 198 4 105 53 35 235 193 206 -157 24 176 96 163 -6 -172 -170 -125 -189 -46 78 -50 -29 -106 -137 -41 -80 -8 27 -15 -249 -131 -150 72 118 -141 -23 -202 -30 -230 -36 69 -213 -149 -112 70 124 -237 152 216 82 1 25 64 22 -67 -153 243 -65 -167 -51 -160 14 17 144 -211 -3 -94 -79 -101 3 184 -169 199 -48 -40 94 -72 50 -78 228 -31 49 208 245 115 -60 217 202 -127 -61 189 219 -49 90 -1 13 -197 -115 95 -16 -70 156 -27 -89 141 -163 85 -81 -228 -17 -193 -14 -18 48 128 108 -109 -129 9 -104 81 232 52 -146 210 -19 157 -113 38 146 147 -44 -212 240 -63 -155 -53 136 -158 242 -209 159 88 30 -108 62 221 175 158 161 -116 -95 -214 168 -58 32 140 87 153 -232 -87 -123 -233 -203 -57 -77 211 45 -2 113 -128 34 133 148 66 39 249 -68 207 -229 91 -75 75 -88 -171 129 -82 -152 203 -62 -134 -231 -136 -20 220 31 12 145 236 155 227 -200 97 -9 123 -184 -132 -199 -180 -244 -42 40 -215 130 -154 74 -7 165 222 -143 -69 84 -216 -217 -138 76 -54 170 -179 -97 149 -226 -55 234 55 -96 -38 -198 -145 8 10 -26 -239 -192 166 -224 56 116 -47 -73 2 112 -121 233 187 -21 103 -103 86 -243 225 -182 -204 178 -206 11 -250 -159 -28 -126 109 -162 244 237 122 172 -176 37 -130 -93 -181 67 46 106 117 43 -218 98 -164 -107 44 -5 65 19 -241 18 -111 51 -66 120 -90 6 -98 151 201 -114 183 139 248 73 26 171 169 -84 -177 -76 196 5 77 -135 137 99 230 119 -227 180 224 -11 185 -173 134 42 -102 162 -183 -33 21 -156 -235 -117 111 -191 -208 160 135 -196 -25 23 223 154 20 -91 218 -186 194 -92 -45 -13 -119 241 -210 142 -43 192 -110 229 181 -245 177 -99 -142 60 200 -190 -148 231 -147 -234 -144 -195 -139 -10 -59 57 179 63 -207 -22 -24 -178 197 125 -225 102 -120 -74 -86 -220 -35 -223 -122 -71 -118 -242 -222 205 191 190 83 -56 -12 -39 -105 213 126 68 -161 -248 100 -246 -188 212 101 59 186 238 -133 209 -174 41 -166 127 -52 138 71 164 -236 -247 -151 93 58 -83 54 110 131 173 174 -4 92 15 -32 215 246 79 -175 188 80 -185 0 -140 36 -64 247 16 -37 -240 114 -124 104 -238 -201 167 -194 132 
TEST 115 ARG:184 -65 -116 20 -50 -4 62 190 27 124 218 91 89 -91 -1 170 237 -159 243 -106 67 145 137 169 -135 -248 -138 63 -158 31 214 185 -164 246 46 -212 -149 96 -31 -142 75 123 -56 -69 -199 168 -43 70 182 -129 114 -154 19 -170 -62 -214 -79 -89 220 24 -110 225 -42 180 178 234 -111 -15 -37 181 103 57 101 -209 -92 -12 -240 -55 163 -41 -244 245 249 -193 194 -68 198 229 -123 153 -72 -206 1 -30 83 205 217 -181 51 -241 4 118 -188 -167 147 -2 -220 -196 233 -47 191 -179 159 113 -104 244 18 -221 -136 -131 -194 -230 -168 29 7 -19 -130 56 187 28 48 65 111 248 -215 -83 -144 154 141 12 215 -235 -189 -121 149 -53 79 -232 -192 10 60 -134 -6 86 11 97 -155 -33 -236 221 68 223 -190 -229 -160 -11 -10 -197 212 100 104 76 -17 133 -161 216 179 -140 80 173 -113 71 -97 -29 -218 95 209 8 39 -143 23 -216 -148 107 -174 42 -103 -219 -117 121 164 -13 172 6 186 -90 -70 196 13 143 -32 115 -24 -107 110 -54 -36 247 106 -156 -198 201 135 -66 -7 -233 131 -185 152 2 155 -249 128 15 -93 219 -114 125 -133 -165 240 -178 211 -16 -247 -77 122 36 230 -95 -173 21 156 -163 77 -176 -246 203 -109 -208 26 -202 235 105 120 -141 -242 -243 87 -153 -225 -169 52 50 35 -52 9 22 -152 -223 -124 116 -151 177 166 -74 81 -20 -61 -73 37 102 208 175 -88 -171 -39 -57 161 -250 -211 -25 158 -237 231 -23 30 -59 -112 130 85 -137 -98 202 -222 -201 -49 242 -87 -82 -132 139 -213 0 -96 126 41 -18 213 197 -166 -27 227 -101 93 73 33 47 119 239 14 108 64 -99 188 -186 148 -204 -34 66 -182 207 -9 -184 -86 16 167 -108 144 -120 142 3 -71 151 -207 241 -224 189 53 206 -38 -239 199 -80 -35 92 -127 129 -187 138 69 -147 -203 -46 195 -205 226 -119 -105 200 34 99 94 -157 54 -48 -75 -94 -22 74 -28 -76 -100 58 -84 174 -126 -200 134 -180 132 -67 -128 146 -60 -51 183 -78 -228 -234 78 176 -40 238 -102 210 49 45 150 38 55 -44 -26 -5 -245 -162 -227 59 61 127 -63 117 98 -210 -231 44 32 193 192 232 -115 204 222 -139 -191 236 84 -226 88 -8 25 160 -14 5 -81 -64 -58 -125 -175 40 -172 -122 157 72 224 43 165 136 109 -85 -45 228 -195 -217 -118 -3 17 140 -21 90 -183 162 112 -145 -238 171 -150 82 -146 -177 
TEST 116 ARG:-177 -137 -190 -187 -107 37 222 19 230 133 103 8 100 -140 202 61 226 -232 220 -130 13 -239 -20 -122 -193 84 -127 -192 178 -81 122 215 15 -116 -155 46 -195 59 -237 -217 20 70 -205 116 -49 160 66 43 -31 -106 16 -131 87 153 191 131 177 72 -101 -52 -147 234 -82 -247 -159 65 -199 183 174 -129 -214 21 41 -146 -98 225 148 -210 159 211 -77 38 108 -204 233 -133 4 -166 45 3 -99 -8 -212 64 -102 -78 -90 -10 -184 -108 25 58 141 -206 138 123 -142 -37 197 -74 75 -225 -114 -83 -80 28 -36 156 29 -242 -29 -138 6 -119 -3 136 14 185 135 -226 -93 114 -189 -45 219 157 -125 125 42 -141 -41 -224 -176 -118 -197 -235 47 165 -168 69 -14 228 -38 249 9 144 -15 7 198 -243 48 130 -162 -148 112 -60 18 -34 -175 -35 167 127 -216 111 -124 -72 238 190 -169 -161 199 143 -110 10 -117 -229 243 -55 -11 107 189 -21 236 201 200 98 139 -33 109 -5 224 223 214 206 213 97 212 -68 -58 -24 -171 -181 -30 -143 -208 118 -233 163 137 101 -121 -135 50 -63 32 -32 -7 -249 106 171 -71 -203 247 105 -1 77 -194 82 -218 150 124 142 93 -65 -73 -172 -88 44 -165 113 91 -250 86 216 -126 -222 -25 168 180 -51 5 -202 149 172 -109 -47 128 -104 -128 92 79 73 241 242 -70 -95 2 -134 51 227 -64 170 120 237 56 -136 22 23 -201 102 88 207 -96 -178 140 90 248 71 94 -241 60 151 -57 182 -16 147 -115 129 204 -228 -227 161 -240 -59 117 -223 -153 89 40 -174 239 -111 -149 192 176 245 34 -46 231 -85 162 196 -157 166 -154 155 -18 -209 173 217 -123 -198 240 205 -28 -113 -167 -92 -180 -100 -144 -145 80 146 -69 154 -76 195 -61 -91 -188 -39 -234 232 74 78 -219 -97 -211 -17 179 96 -139 -22 119 -9 -207 -48 164 30 -156 67 -2 -248 -62 -23 27 63 -164 -42 134 -179 12 31 -40 -150 -158 -105 210 -215 -112 -196 175 -44 -12 132 -246 -151 -13 194 35 187 -67 -86 203 76 -84 169 81 -54 62 55 104 -231 39 -220 54 115 -53 -238 -66 -244 181 -94 -43 99 11 229 -56 52 186 -26 83 188 -200 -4 57 -160 24 -163 -245 -236 -170 53 158 68 -79 -87 -120 121 -6 -89 184 218 126 -230 110 17 235 -185 -183 244 -173 -182 246 145 221 193 -132 1 -152 0 -19 36 49 -191 152 33 -221 209 208 95 -27 -213 -50 -75 85 26 -103 -186 
TEST 117 ARG:-140 -121 193 -194 -188 -210 52 -179 29 120 -20 -173 211 -49 -21 -8 -242 63 165 153 -73 54 185 -102 -17 173 -112 79 164 -241 197 -218 -74 72 -236 130 -139 -146 106 -190 40 -19 -166 4 181 43 215 67 207 -69 -85 59 64 125 225 223 39 -39 -34 -246 163 -178 216 -59 240 236 -78 -96 100 -110 -16 81 -231 137 -130 -92 -48 38 222 -118 17 -80 -41 -226 -126 200 -53 -88 30 3 -84 76 94 187 191 36 -162 146 239 84 -40 -101 -143 -100 194 133 -93 147 -177 219 192 158 -138 20 -181 -136 167 65 -168 105 25 -234 -205 -214 41 196 -238 -215 -230 -147 -82 75 45 145 -23 162 -245 209 -46 246 21 -155 149 -7 -98 -64 226 230 -13 26 -87 136 -207 -208 -154 177 141 -50 -169 151 -77 -62 -70 107 -75 -9 -45 -127 -222 179 74 -67 -123 -83 126 -159 42 241 37 -239 224 210 -160 -167 -183 122 93 195 214 -33 82 -25 -193 -90 -174 -184 -66 -32 -219 -11 -133 78 -54 178 -223 77 -116 128 -47 129 -180 -124 150 -63 201 109 -191 49 212 -76 190 -244 83 86 31 -175 -144 -203 89 189 -186 -65 -56 92 160 148 227 -60 -30 -44 32 198 -212 10 183 -43 98 184 -137 71 -61 -58 142 51 176 -105 188 -250 -36 144 -10 73 85 -3 -171 -152 -2 -247 131 -134 70 -117 -185 90 5 11 34 -108 -142 -211 -71 -228 208 -145 -198 161 -216 101 -150 -97 97 103 -213 113 68 242 -149 87 56 12 -104 -120 231 157 116 28 58 143 -129 -225 217 -163 -12 171 118 156 -131 204 -158 235 -68 -128 27 22 115 -55 168 66 186 -196 249 -31 -18 174 -38 -227 -99 -79 -22 -199 -86 1 234 -35 47 159 111 -95 121 9 169 -209 232 134 -248 -122 -114 -37 15 -51 -24 -237 166 -14 -240 -113 -243 170 55 -197 180 233 -103 -157 -4 -192 202 -81 88 127 244 -115 182 213 -6 -125 -233 69 -91 110 -28 -206 -156 -107 -187 -204 24 119 -202 -42 -5 108 -151 7 62 -119 -106 117 -165 -200 102 -170 -232 139 -109 -201 57 33 -195 114 -1 -72 -52 -26 -148 248 135 -57 -164 -141 124 199 172 18 -153 -221 132 -15 -182 91 243 95 -189 238 60 245 -229 23 -172 0 -29 104 154 50 112 221 203 205 -220 -224 16 13 123 220 -27 53 152 8 237 175 -132 19 229 228 -176 218 48 -135 -111 2 155 -249 206 -161 96 99 -94 35 -217 44 -89 247 6 80 -235 138 14 61 46 140 
TEST 118 ARG:231 -236 -59 -218 -117 102 -194 -189 120 -24 -36 -126 180 40 -94 -5 54 138 -173 -157 95 -79 110 -132 209 173 6 -74 -22 -75 115 -28 -131 -145 -80 43 -208 186 -233 -67 155 -181 28 183 170 44 -185 200 -23 195 -213 23 207 103 -200 206 -16 187 96 -12 -141 -143 -221 -229 -30 -140 11 -116 -179 -26 -122 -151 -108 -214 -134 -162 -90 -60 -45 82 171 -156 -84 129 99 119 108 212 215 179 104 -159 -180 190 -217 88 144 227 41 14 105 139 -95 -27 221 152 -240 136 -186 125 62 222 -77 -237 235 -58 48 86 -46 100 65 -85 -225 58 -209 42 189 147 -51 -160 10 165 168 -184 -50 162 -13 137 -243 -238 -91 148 9 233 198 -82 68 74 45 -109 -42 -41 124 79 -100 -226 -43 -21 185 -125 -227 163 71 -139 -37 57 -54 -235 -115 -158 -9 193 130 -99 -76 59 246 -11 -97 224 -241 -8 -204 -147 169 60 145 -69 211 26 52 67 31 -190 -101 -4 150 -78 177 192 -245 -191 -169 -193 -142 -250 134 237 164 175 181 156 89 142 56 167 -174 -202 -83 208 -25 135 2 154 -148 -105 -96 -92 204 216 111 -128 -47 53 93 22 -144 78 196 -215 -130 -232 -72 -175 69 -65 176 -93 -161 -55 34 -223 -129 172 -234 243 220 -38 19 -212 160 51 191 128 -7 -3 -210 -172 -31 90 73 -230 -124 85 143 -196 -81 -170 -40 210 230 116 133 46 178 -15 70 -206 197 66 225 188 32 123 -121 -195 -167 -66 17 80 15 49 84 27 91 203 219 240 -137 38 -224 -188 122 -182 159 -44 -187 161 -133 -98 37 146 -216 239 -242 126 4 166 -29 3 -201 5 -248 -1 -164 132 158 149 -203 36 118 113 33 -197 -228 -207 182 -222 -176 -62 29 16 184 97 -165 -192 -113 -49 7 -35 112 114 201 72 -178 234 109 -135 -18 202 -89 -149 -211 77 -61 -220 25 92 131 -246 -199 -112 228 30 83 -239 13 -104 -48 94 -154 241 -34 76 -118 -136 -68 236 -10 -110 -150 81 24 75 -198 214 151 -32 20 -63 229 61 -52 247 226 121 -231 245 -152 12 107 35 -88 -33 242 -6 -168 140 106 232 -249 217 21 -39 199 -17 -64 -20 -73 101 -103 141 213 -123 -53 64 1 55 238 -153 -19 -247 -183 -155 18 -219 -102 127 153 -56 -111 -107 -244 -163 117 -177 -70 63 194 205 -57 -106 -71 218 8 248 -86 -2 -138 -87 -166 47 87 -119 -120 98 0 -14 -127 -205 174 244 -114 223 -171 50 249 157 39 -146 
TEST 119 ARG:220 -199 -21 -175 226 184 -71 127 105 189 -30 114 -64 -226 169 159 125 171 149 -224 -128 -163 84 -190 239 -139 203 180 233 -170 89 164 202 83 213 -119 80 -242 -161 -193 -168 -70 -74 97 56 246 0 106 -191 248 -173 109 94 -182 -149 104 -235 161 237 -223 179 44 221 -66 -55 -85 -228 -134 -237 -81 -72 -181 108 -230 -127 195 90 -179 76 -42 45 98 -103 160 -78 185 19 137 -212 136 -219 153 115 133 8 59 85 -239 214 -160 -84 -38 -240 16 60 -126 -206 101 -232 227 25 24 234 -197 243 -217 42 -125 -25 -133 -114 -172 144 -249 -216 -101 65 147 14 -203 -184 68 21 -209 225 154 -129 99 29 74 52 -130 -57 110 -95 30 -247 -171 9 82 186 -113 -121 -76 244 129 -151 35 -211 70 162 107 -26 229 -39 183 181 51 215 241 112 -246 -53 -124 140 79 194 -198 6 113 10 -189 -50 -24 -144 66 93 7 166 217 -123 124 55 -194 -56 -243 -202 174 -79 -176 -35 -5 -227 151 -54 -118 172 249 34 190 -29 -88 -14 -19 177 -147 -58 224 212 61 116 247 -65 -180 -117 -111 128 -250 -122 228 -192 235 219 -15 152 -47 170 135 126 77 -99 -131 2 -63 -186 -222 -244 -234 -91 -13 205 33 242 -205 -120 231 -83 -238 -87 -12 -178 3 -69 -150 199 -1 -159 -165 -73 173 48 -2 11 156 -90 -106 -108 209 -32 -177 64 -102 238 -9 163 188 -148 39 -188 -59 -16 -96 46 78 -136 -195 -89 216 191 67 -92 -97 -215 15 -164 -200 -27 -104 -17 23 175 -20 211 100 -80 198 -45 -208 120 -229 -75 -214 -4 155 71 57 -218 102 -245 138 -49 -34 148 -185 -157 117 210 182 -158 -105 -41 139 -107 207 -60 131 -167 87 -207 -77 223 134 -86 -213 157 146 63 -23 -67 22 -248 145 73 -154 208 -10 204 118 20 -166 -28 95 -183 -43 69 92 103 121 197 36 -140 158 54 245 122 81 86 -82 132 62 -8 28 -31 -7 -142 1 43 38 17 96 165 -233 72 -11 142 12 230 130 201 -37 178 123 -36 236 -110 -204 47 -210 18 -138 27 -46 -109 -40 -162 -220 -231 91 -225 31 192 -94 111 232 119 240 41 -153 176 58 37 206 -155 -141 4 196 187 -135 200 -33 -146 26 -241 -6 13 -137 49 -169 143 -156 -48 -152 218 -116 -44 5 222 -68 -174 40 -22 -98 167 -236 -221 -3 88 193 50 -62 -115 -201 53 -145 -143 168 -93 -51 141 150 75 32 -61 -132 -187 -100 -196 -18 -52 -112 
TEST 120 ARG:-141 100 -83 241 -85 -121 217 115 193 5 53 179 225 35 -6 -42 -38 239 1 -34 181 -225 -24 13 14 132 142 -66 -119 -213 186 -176 93 -4 45 238 245 -134 243 -39 -64 206 -151 189 208 -188 123 -182 192 -168 -55 -140 24 -54 86 -220 -153 170 38 -72 79 -105 178 -35 -76 -158 15 -228 -82 -180 214 174 153 55 141 209 -189 144 52 113 -129 -167 221 188 -10 129 -209 84 134 234 111 166 137 226 229 -235 48 63 -74 240 -37 143 -77 175 -32 -126 73 -175 -88 -26 102 -22 -109 212 17 -146 130 78 58 -237 -214 165 2 -142 -33 204 199 108 -17 -138 -203 25 -171 107 7 124 37 6 21 -63 -2 109 -145 246 191 -232 11 -135 -71 -245 128 -128 -15 177 39 -1 59 16 60 -226 183 -19 -218 -110 248 32 -44 -250 -215 -27 -198 227 -52 90 133 114 69 72 77 211 154 -133 -166 34 -155 94 161 -14 247 -191 -212 -160 164 -112 136 -222 158 218 57 169 -58 145 -194 -236 -147 88 -219 -111 83 97 -193 207 98 -124 -156 197 155 -50 -84 152 146 -75 -45 -199 74 -152 -8 -208 232 29 -97 41 -197 180 -162 -12 -231 -144 -174 216 -94 -240 -99 81 -43 -172 224 51 135 3 -217 -169 -177 -90 85 213 -187 -149 20 -207 120 138 -80 10 -173 236 196 -125 194 -78 -87 -148 -184 -96 -5 172 82 185 -170 -101 43 30 -238 230 -36 125 -98 127 56 -114 89 80 22 -46 -59 -132 75 -115 -249 -91 187 -190 -123 -118 -29 8 -92 -247 -196 215 -206 -31 -233 31 237 9 40 -229 -86 147 -56 220 -20 -186 235 -51 -234 -183 -165 119 -30 203 -154 27 -21 -116 -49 -11 23 50 -61 -216 -243 -178 231 195 -28 168 249 -200 202 -120 228 -164 -159 201 96 26 112 103 49 139 219 -205 -244 122 -230 -181 105 -69 -117 -223 -163 -18 118 68 -68 76 -100 160 99 -57 -192 159 244 148 -70 157 -107 -9 0 -48 -204 -93 61 -241 18 -89 -239 92 -211 -122 -40 -227 -221 -13 -103 -137 126 -136 19 65 101 -95 -201 -16 151 -210 198 190 -108 -113 162 4 104 242 -157 64 110 -150 167 -131 205 182 -143 117 -81 -242 -102 116 -7 156 -161 95 67 200 -41 -195 70 184 -139 47 -3 149 -224 -106 131 36 -67 -127 -79 140 -248 223 46 91 42 12 106 -73 -130 -53 87 28 -23 176 -25 121 173 33 171 -104 -179 -65 -60 54 210 163 -62 -202 222 62 -246 -185 233 150 44 71 -47 66 
TEST 121 ARG:88 -203 142 -149 94 210 -20 -176 -163 245 -182 5 -139 65 -173 70 137 -53 246 -89 110 55 53 -63 56 -198 -238 58 208 63 -193 -240 -4 155 160 -217 -181 127 -58 134 -77 199 141 35 62 -235 -39 -136 -47 -71 11 95 231 -99 108 -16 106 -147 -172 -100 22 27 41 -1 191 162 30 153 107 192 57 -204 98 -113 -92 18 81 -59 40 -101 50 -25 -27 -188 158 -125 103 122 34 -150 -17 51 86 -244 -45 152 7 -110 -206 -6 21 -242 -105 43 -2 60 -214 211 -54 -109 -97 175 146 -124 -167 -84 -232 -37 23 147 105 -170 96 -62 112 -195 195 247 -183 238 -140 1 -126 -3 198 242 31 -112 80 -223 -70 -156 183 104 -65 -55 -40 -197 29 -162 -152 -246 -103 -36 -34 -229 -11 132 111 -119 78 216 -236 -14 -245 -239 -194 -161 -120 113 190 -201 123 66 -230 -171 -137 10 -227 179 207 223 42 -57 116 -21 206 189 -221 -154 145 -210 12 82 13 -122 -127 -209 131 84 -130 239 172 -247 161 166 -141 168 178 -146 -219 36 87 -50 -42 176 -111 185 170 -87 240 182 -123 93 -168 -208 89 90 -61 109 -10 -43 47 135 -134 219 -46 -189 -48 -116 -115 200 -249 171 187 33 -160 52 -67 6 -243 222 -234 -30 -148 -143 -51 45 156 -90 64 193 235 119 91 76 -104 28 204 48 -153 133 -248 -91 197 97 -69 225 61 9 -95 232 -64 167 -155 -108 -133 -158 -220 -18 -191 201 -165 -159 -13 -196 -216 118 -78 -33 218 -135 230 26 124 150 101 -24 -5 15 139 2 -107 -179 -180 -19 126 -226 -175 -41 19 202 100 226 243 -102 -128 39 114 68 -212 186 -121 25 73 227 -74 -202 -106 -222 212 74 -68 71 -131 163 -94 120 234 -166 -231 140 -28 130 214 -228 -205 136 20 37 -29 -60 -138 -224 -23 -118 177 205 180 -174 229 -187 125 17 -192 99 220 188 16 -32 -164 85 69 -44 159 -82 -157 -145 -199 75 215 -177 83 144 117 128 249 138 -178 -85 -52 79 4 -88 59 46 154 3 -75 -76 -96 209 196 -151 174 184 -225 67 -114 14 -86 -117 38 -213 -81 -80 -211 228 -12 244 165 -98 -200 237 -15 194 -207 8 -241 181 143 164 221 213 92 -237 102 -169 -184 -79 32 -9 54 0 72 24 -144 -129 -186 233 -132 77 -190 44 169 -35 -66 148 149 -185 -83 -218 -8 -31 -215 -73 -26 241 -56 -72 203 217 -233 -93 -22 248 -250 157 151 236 115 -38 -142 -49 49 -7 121 224 173 129 
TEST 122 ARG:-12 76 209 -230 196 -89 148 242 -173 -242 -195 239 -119 4 119 27 14 -40 -46 -142 -73 157 -140 51 129 -243 88 113 175 -61 -155 -32 -50 96 -135 -232 -246 249 49 67 75 189 181 66 166 -28 -101 194 -34 -220 -152 238 101 -124 -121 -21 130 -198 -17 28 234 155 29 -193 83 -80 -91 180 -191 106 -172 65 -170 -7 -38 71 -202 -90 -75 161 110 -19 -187 201 192 243 55 -235 232 -97 -131 165 159 -118 -169 -138 26 107 225 -122 -24 219 198 228 -194 10 -234 -237 -125 -212 -192 -182 204 -161 174 125 -94 23 -109 5 8 -23 -81 -96 -157 -143 -45 25 -14 -83 104 -104 173 -249 156 -86 100 6 160 128 9 -145 0 -33 46 -200 56 85 -225 -213 -231 -108 168 226 -226 -4 -117 -84 216 -171 -15 40 -88 31 69 221 144 35 44 -203 -239 208 -11 167 171 -110 -85 -2 -245 82 -241 138 126 -51 -184 105 73 -148 95 -56 215 -248 213 236 -180 -165 -65 22 190 30 136 -149 20 -132 93 154 231 45 62 -199 178 -233 17 120 245 -158 102 -190 116 -70 152 211 -100 -189 111 248 90 -208 170 42 200 244 217 112 59 -250 36 246 122 -236 230 186 -67 -133 223 54 7 172 224 19 21 -222 -240 123 -8 -238 -42 -129 -159 16 145 -10 164 -114 -115 151 -247 -218 137 -77 -107 -177 -137 -16 -214 -221 -78 147 187 191 -244 -55 199 18 -36 64 -54 -150 -130 195 -154 -141 -58 -123 -168 177 -162 87 150 -39 163 -29 2 -186 -48 124 115 -146 -178 -35 -127 38 -147 74 86 135 143 229 176 61 41 81 -188 -87 -13 13 11 218 -156 47 80 162 -20 -196 -6 237 241 -183 -43 24 -163 142 140 -167 -105 -74 -31 -103 205 227 37 -82 91 -160 179 197 -223 -57 -215 127 72 132 68 -72 -139 247 -9 220 98 -37 63 -111 -47 -179 84 -120 -71 99 118 -201 92 -68 -79 33 103 -128 79 77 139 -60 -5 -25 32 -102 -98 214 235 -176 -106 -185 -41 193 3 -229 -92 -27 -224 34 202 207 78 206 -26 -181 -76 -210 -116 -99 94 141 97 -207 114 108 -151 12 212 -153 -62 89 -3 -144 -30 1 158 -211 -209 -59 153 149 203 -174 -228 -1 -93 -113 -64 -175 39 -18 182 133 109 -206 233 60 48 117 121 -216 183 131 -205 53 -95 -197 50 -53 134 169 -136 -52 -63 43 -66 -44 -164 -22 240 -134 184 -217 -219 -69 58 146 15 -227 -112 188 70 -166 -126 -49 222 185 -204 52 57 210 
TEST 123 ARG:188 -195 170 -28 198 142 -128 215 79 -72 83 -96 -104 160 -101 244 13 -23 -49 -47 131 -67 73 245 -237 -46 -54 202 116 180 -210 232 -164 147 -160 -58 236 1 15 123 173 -123 -5 148 119 -165 98 126 132 -12 238 144 205 -162 -230 -20 -176 80 109 -45 -153 -59 -64 186 -205 -53 -225 169 226 36 10 -129 228 -163 130 -151 -14 158 -62 185 120 -159 -77 -108 42 -192 -103 -135 66 17 67 -202 -240 20 105 172 -183 218 32 227 -247 -231 207 -82 230 -184 29 208 -35 -239 199 46 151 -60 -155 45 163 247 217 -212 76 61 108 -50 -227 -172 -149 -65 -9 114 -40 193 197 -232 -161 62 -136 -169 -116 69 -119 203 125 137 -138 -178 189 -233 214 178 155 90 164 -85 68 26 -84 -185 95 30 -180 58 -111 57 -170 -246 167 72 121 -235 -213 201 52 -70 -234 -175 50 -215 196 166 0 -201 -66 82 134 -102 81 -173 200 -196 184 140 -148 -228 177 -118 -44 154 110 -154 216 -221 -238 -36 243 -133 107 -57 -71 -229 -241 -117 7 -17 -218 122 145 -152 94 -248 156 -211 -29 -109 -83 150 -150 -52 194 -1 222 -92 -243 -126 135 -113 -68 -216 -222 47 70 181 133 91 -124 -242 78 -219 -244 -99 -139 22 -74 39 -4 54 86 231 31 -141 2 -156 139 -147 -200 176 223 5 206 -37 111 -21 -134 -87 41 -188 -121 -15 37 56 -41 75 4 25 -203 51 162 64 179 -7 -120 241 71 212 157 149 88 229 14 34 112 38 -18 124 -137 -32 -168 -171 85 221 -93 -78 -142 49 -91 127 -10 -179 99 -131 -42 40 43 -3 -125 102 246 28 53 -143 -19 74 175 -38 191 -31 -26 -112 195 -6 -51 -144 84 -187 -55 24 -88 44 -146 18 -107 -189 3 113 240 233 -236 16 -110 -197 63 -132 -140 165 118 -56 -220 -130 92 -25 237 -27 -193 -199 210 -11 -73 -75 97 -182 11 -94 -33 -100 -13 -39 19 219 103 60 87 204 -34 152 -208 -157 143 -30 -217 104 161 213 129 -89 182 65 211 -226 6 146 -48 -249 -190 21 -250 209 -207 35 -204 59 159 -191 106 -186 89 -63 -115 -206 -16 -224 96 183 234 -97 192 -174 23 77 27 225 -8 -79 248 235 -105 48 -114 -145 33 -177 101 -81 -24 -245 93 141 153 -194 190 -43 -158 -22 174 -181 239 168 138 -69 -167 136 -223 187 -127 -198 -166 117 8 224 100 -90 -80 55 -214 -2 249 -106 -86 128 171 220 -95 -98 -61 12 9 115 242 -209 -122 -76 
TEST 124 ARG:126 195 232 156 37 -67 -12 -233 -48 16 11 222 63 175 -37 38 -42 -35 165 141 -242 -69 197 -211 -127 101 178 -131 -18 -159 109 154 -121 5 -123 -200 -40 -234 -115 59 -33 137 -61 -243 113 56 177 220 -244 -117 77 92 -145 139 86 -78 -45 -219 148 53 -129 70 -41 -81 230 -187 -165 98 -228 -26 -143 170 -43 -157 50 116 -27 -82 74 145 -16 237 -100 12 -102 -166 211 -183 114 193 9 -104 107 80 -152 84 225 -89 -209 76 -77 87 -155 75 108 73 104 135 -84 168 29 30 2 166 -136 235 194 46 45 -207 144 -231 -118 -21 218 -191 -138 -163 -167 -225 -133 7 -230 167 -223 68 22 189 140 -8 102 138 240 205 -86 -232 -146 57 179 -38 121 243 213 -172 120 -64 42 -90 100 -97 6 -73 -149 -197 -164 -85 -222 184 -179 169 172 -93 36 72 -98 -128 245 -71 229 31 226 52 -141 234 -160 123 20 -182 159 -189 -75 186 -188 207 28 214 -7 -180 -125 241 150 -177 -218 -57 55 191 -175 -110 174 -238 -185 238 -201 -210 -25 -32 -139 78 -171 198 105 85 -29 -135 -212 67 -88 -205 -107 -58 -216 173 -217 -158 247 181 244 96 99 89 -168 -227 142 -94 18 164 -55 34 215 -224 -63 130 82 161 190 209 -31 51 153 33 -101 -248 136 118 14 -221 -240 -199 -3 8 223 202 -186 61 -46 32 23 -206 248 -95 160 216 228 66 21 -108 -169 65 -91 25 115 162 217 15 19 -213 204 112 -10 95 81 146 111 203 110 -173 -19 -109 -246 -119 185 125 -13 -5 40 149 127 176 -154 157 163 124 -15 106 -190 -76 83 -162 -193 -249 -96 128 -47 41 -148 227 -1 -20 -170 -87 -92 -126 -192 236 134 224 158 119 180 -134 -44 -34 -250 -66 49 -52 -203 -184 206 -22 58 -124 -151 -215 39 -208 155 64 -114 187 -54 44 17 -220 -70 97 -235 -24 -198 208 122 -83 -122 -111 88 35 -132 133 90 -196 -68 131 239 200 -74 132 199 3 -51 196 192 152 -11 242 -106 147 -176 -120 93 79 -62 -112 -65 -72 233 -39 -214 10 54 -236 201 -79 -147 -36 -9 182 -6 -178 47 43 -245 13 48 -229 246 -130 151 -23 117 -174 -181 -241 -144 -226 -153 -49 1 171 221 -28 24 103 26 -53 249 91 -2 -80 -113 -137 -202 210 -161 71 -59 -140 143 62 212 188 -30 -142 -103 219 -247 -116 94 69 129 -50 -14 0 -17 -56 -239 -195 -60 183 -156 -4 27 4 231 -194 -105 -150 -204 -237 60 -99 
TEST 125 ARG:-108 -130 -231 162 -30 -99 -168 79 229 27 -227 -39 136 134 78 -3 -13 -230 226 164 -18 -65 99 58 -183 -100 175 -146 106 182 -97 88 -189 227 -78 -22 82 -141 -106 83 -4 138 194 -191 -209 -210 191 32 -153 238 -102 -178 -190 36 -180 -124 86 40 -220 20 94 54 -26 -159 -117 -12 -101 -129 185 160 157 81 -246 -19 190 66 110 193 46 65 0 -23 8 2 24 -86 215 -51 -98 15 119 -47 -104 103 -155 -37 -205 -243 225 -145 -158 232 -7 -195 245 154 -16 -74 -70 -28 211 -162 -245 -115 107 -188 56 60 217 61 7 189 -128 -207 -148 167 153 -110 121 159 -38 126 181 246 200 -88 -144 129 11 48 53 -215 -71 -93 171 68 248 97 77 241 -32 -214 -125 -239 -185 -216 141 169 -222 158 -113 30 -54 -107 -24 -166 146 -142 33 -6 166 -66 47 -174 216 98 25 -53 214 -96 188 123 35 -8 9 6 -118 -143 -20 50 243 67 -25 -50 137 147 161 23 41 242 236 12 -49 240 42 -75 142 57 165 -81 -173 170 -122 -132 -211 44 -196 -87 209 -221 -17 -134 -213 -121 -85 -149 17 59 -127 -36 -55 128 -204 18 55 37 -192 131 228 52 124 38 -212 201 115 113 144 -150 16 102 212 -199 74 139 49 -80 -131 -137 -169 116 168 239 73 197 -73 1 -237 71 220 219 221 -200 -223 87 43 -82 96 -44 26 -79 -206 -175 155 -59 173 -234 -120 149 203 -241 120 -90 -42 -161 231 31 -232 -116 101 135 233 109 14 22 5 85 111 -31 -63 -208 -201 156 -184 3 -56 62 -170 -236 91 -57 -233 -45 174 -218 -157 176 95 -242 75 -33 -94 -11 -176 133 -21 112 -10 28 -172 180 230 222 105 13 -140 72 125 195 -40 63 80 -103 -228 -5 -67 -186 -152 237 244 196 117 -247 -248 205 152 223 148 -84 -52 -111 -136 184 -235 -250 172 4 192 143 89 39 -126 64 -46 130 -68 -194 -64 69 -83 -224 -229 100 -58 204 -92 -1 -76 -156 -123 -89 108 -182 -217 -147 186 -187 -27 150 -138 45 206 213 198 140 177 -114 -9 122 199 -179 84 -41 10 70 151 132 127 -112 -15 29 -198 51 34 76 247 -164 -72 202 -62 163 -133 -219 -91 -151 145 210 234 -105 93 114 178 -48 183 -69 21 -119 -160 -244 92 249 -238 -77 235 19 -249 -165 -2 -203 -43 -197 -35 -14 -167 -29 -154 -61 -34 -139 224 -171 90 187 -135 -181 -163 207 -225 118 208 -240 -109 104 -226 218 -95 179 -60 -193 -202 -177 
TEST 126 ARG:-182 207 55 165 -193 94 219 192 227 -164 10 162 86 -173 -236 125 178 61 -131 131 -143 99 -44 -159 0 -75 -123 -151 -141 144 -121 -147 -234 186 -96 -77 -13 68 76 158 -205 136 -242 156 -157 -55 142 -130 106 17 200 -239 198 67 145 -80 -109 -183 -196 217 -137 57 -32 153 -128 -156 180 169 2 -100 -26 -35 191 241 -45 -86 -71 -129 -111 -87 -98 209 -120 -41 -63 135 -115 -39 235 1 114 -17 133 216 120 -23 3 -110 244 44 206 102 -108 -177 105 74 51 -240 -125 89 203 123 -161 -204 238 -9 -219 37 -216 -146 -230 4 121 -11 -126 -74 110 -1 -168 8 39 100 -65 -227 -172 -31 38 -179 107 223 -116 -51 -203 -180 -83 -231 174 173 -153 -113 29 -124 117 -184 112 21 -61 -166 43 -47 -201 -228 -222 -103 26 82 -132 30 83 161 232 247 -37 214 58 119 -30 -155 -89 249 33 40 -42 128 6 60 -72 -119 -135 -148 187 34 25 129 -223 237 88 225 148 -162 176 49 -68 62 108 -76 -169 177 -232 -133 -18 149 127 226 22 85 -28 97 -249 -101 -214 87 -58 -145 103 236 143 -150 -6 -200 -117 -195 -36 -33 -106 50 -206 -38 -5 248 -20 -241 -185 230 36 -212 -62 195 -60 188 -218 -21 199 -144 -97 -81 -79 -19 -171 -225 79 222 -186 228 -102 -181 171 -15 204 -247 152 -107 220 -174 -56 -14 90 140 151 -209 -46 -43 -238 -194 -220 126 84 205 134 -40 -52 -245 210 101 202 185 197 71 -127 66 14 9 -198 -217 -152 -199 211 -112 77 -94 7 239 243 168 -208 -22 160 104 32 -4 -165 -66 73 124 16 111 -197 -69 69 154 132 212 215 75 224 -149 -213 15 92 -163 5 96 -99 201 -210 181 -57 -237 -136 -158 27 213 -2 -178 -114 221 78 -48 166 19 118 172 208 229 -90 109 -24 -25 170 -95 52 -189 65 -91 138 13 63 130 -176 182 -160 234 64 48 12 -226 233 -10 -118 -73 246 -70 167 -105 137 141 -207 -78 164 42 -235 194 95 189 155 -3 -243 59 -12 -250 183 70 47 -92 -85 35 150 -192 -59 -49 -104 -8 -34 -191 218 -246 -138 -53 -82 -233 23 -170 -50 72 175 -187 56 -122 179 -142 115 147 54 11 46 190 -54 93 196 -88 53 122 231 28 193 146 -154 31 -248 -202 -93 91 -139 -215 45 -190 -229 -7 159 113 -64 -224 20 -29 -140 81 184 -244 -16 -211 -167 -67 163 -188 24 157 -27 18 116 240 -84 80 -175 139 242 -134 41 245 -221 98 
TEST 127 ARG:148 245 -197 59 -28 -184 -246 -100 -147 126 -3 164 102 140 -62 138 95 49 68 104 202 229 -90 114 151 80 149 -39 47 168 208 -86 157 -199 -110 -7 -12 134 136 -74 -15 -53 40 -108 -2 -93 200 34 -227 -211 -207 -234 -205 203 -129 26 -117 37 20 70 98 -139 76 174 -203 0 -167 118 -50 -14 124 -31 238 111 161 62 -46 65 212 74 215 -169 139 196 -124 -236 198 -114 243 -48 -176 -141 -63 46 119 235 -134 190 195 66 55 100 -183 145 23 -223 -128 -142 89 -224 71 6 -125 -73 217 -242 -120 -21 11 69 -69 56 -5 27 -127 240 -214 -220 -136 -111 -171 133 188 165 -67 -144 -151 -70 -65 9 -119 -61 -173 -145 -228 82 -33 -89 -186 4 -52 -148 -113 61 176 19 54 192 -143 -91 99 -92 170 -206 -95 206 58 231 -152 249 -60 -26 204 183 14 108 -165 205 184 -130 199 -64 179 -30 -88 209 232 -149 -25 207 93 63 -85 141 -27 144 -185 214 239 -191 117 -237 -212 112 244 156 35 220 -84 224 210 -174 50 -107 -194 113 -87 51 242 236 101 169 246 -209 191 241 -66 -104 -32 -161 211 2 -78 143 -11 187 -229 120 -133 175 5 166 -22 152 -115 -244 41 233 -146 -248 178 -217 -54 -247 125 -49 -23 -72 -59 -44 18 159 -98 173 237 -179 79 186 57 213 162 -201 10 -218 -123 -204 -249 85 25 -196 -79 115 -16 -35 -132 177 -156 39 -170 -177 -122 12 31 -4 127 -82 -245 84 53 48 13 -36 116 -55 24 189 234 -233 163 88 52 29 -221 -238 230 -189 -1 172 -20 64 228 -99 121 -18 67 158 73 3 -131 -175 -250 97 -193 129 -40 -75 167 -37 -192 36 221 181 38 -239 -210 -17 -10 122 222 130 -180 -198 -118 185 -80 1 -68 197 -140 -24 -241 -105 -178 77 78 132 7 -101 -230 171 248 -43 -231 -243 -41 -154 94 154 -219 -181 -71 107 92 -158 -163 -56 227 -77 -157 146 43 91 194 -188 -200 106 110 90 123 -116 -137 -76 150 216 -187 -155 -9 -45 42 28 226 -195 -112 -121 -58 225 -6 -160 33 -159 219 96 223 137 -8 -126 160 -222 -47 -29 -168 -81 153 147 17 16 -225 -226 180 75 -138 -13 -94 32 -57 30 -215 -213 155 -96 -153 -172 -106 -34 105 135 -83 -202 -235 15 -164 -51 81 -103 -109 22 -182 201 87 131 -208 8 142 -162 86 45 83 -166 193 -19 218 -232 -216 -42 -240 21 -102 60 72 182 247 44 -190 -97 128 103 -38 109 -150 -135 
TEST 128 ARG:-72 -14 -200 154 133 -139 66 -66 16 207 -20 218 -91 236 -103 245 13 95 -229 -174 161 189 150 -120 32 196 -116 -78 -154 10 123 195 -60 57 55 -111 127 -41 157 65 24 -191 -33 173 -166 -101 -26 68 -241 205 -5 -169 241 163 1 75 -114 -118 -215 -224 148 3 145 -62 48 101 -136 214 -196 -244 -205 38 146 129 84 19 -105 -181 -137 132 185 -58 192 237 118 -182 69 87 -35 140 -106 -17 -121 -187 175 119 -180 -77 246 -63 -12 213 53 62 -214 170 -68 137 -126 -140 -198 -97 -239 -212 -1 -177 -211 216 -186 110 179 -99 -67 109 -122 201 -233 -134 242 -246 -248 30 174 -123 224 -192 -52 -222 -133 228 -148 177 100 -92 -185 -85 187 -49 90 -107 44 -220 153 -40 -162 -98 -231 64 86 116 244 156 249 27 60 152 51 220 -149 165 178 176 28 -18 -46 -155 72 -95 120 -117 134 -89 -70 6 98 -21 -115 -236 -43 -65 -189 -243 54 -11 58 248 247 -165 107 182 -29 -19 235 -109 -51 -183 -57 -207 34 17 -250 211 -145 21 -37 -48 111 14 -32 223 -119 -232 -34 238 -197 222 -96 5 25 -39 128 -213 -226 29 -15 212 229 138 -50 -104 85 -47 -156 4 -167 94 31 -238 36 -142 -172 225 -80 -36 -168 122 39 -184 -128 -112 158 -64 -228 91 166 -124 -178 -159 93 130 240 210 -28 -242 -135 144 -30 -209 -8 -164 -151 -130 180 -199 -150 -113 181 155 115 151 171 -230 232 -84 197 46 -6 117 78 -247 89 61 67 202 167 105 -223 0 168 121 113 12 15 8 -216 -129 40 169 -54 2 160 226 239 172 -53 -86 26 -100 227 -10 -56 -69 11 50 82 -190 45 23 203 -152 -158 -131 -7 -31 47 -125 -45 -143 97 -153 81 -83 77 -55 43 -87 92 96 103 184 56 233 -179 -110 217 22 -237 -227 -138 -44 -218 83 -245 7 -249 -202 -194 149 -132 141 -2 -16 234 70 -206 -201 -3 -74 -141 -75 199 -146 -221 -161 73 -59 9 125 219 -127 206 -203 186 -176 -79 159 209 -108 135 71 -23 -208 -193 -171 -61 162 243 139 -235 20 -9 221 -93 147 194 -170 -24 204 108 190 -22 -210 59 -217 63 124 -38 -81 131 18 143 142 -102 193 74 -160 -27 -147 -13 188 -76 76 -204 49 183 -219 -173 41 35 -240 -4 200 -94 -175 102 -82 104 88 -225 164 126 -25 -163 -195 231 136 208 112 -71 198 230 80 -144 106 33 -234 215 37 114 -188 -73 -157 -90 52 191 -42 99 -88 42 79 
TEST 129 ARG:-36 105 -235 -76 -11 -110 73 217 -242 -106 236 -99 -108 -193 2 -41 -120 -246 -179 131 164 175 55 213 -79 -66 -159 209 95 52 -195 -209 16 139 -213 -211 -151 195 -190 -174 169 -135 -54 -173 -187 153 -8 135 46 123 -32 62 200 -29 -241 -218 -18 43 -248 65 27 60 125 -181 -214 -19 36 -249 242 -239 206 93 -14 -162 -63 13 31 127 -202 166 233 141 248 157 237 54 50 -67 170 196 -157 159 121 -247 38 -13 87 6 172 -39 -59 -46 208 10 -206 -132 -20 -1 101 24 -15 185 -74 187 58 -5 4 -114 -232 -219 193 201 -222 -71 132 146 -178 49 -85 -69 177 -40 -96 -192 -216 144 128 174 -126 41 148 116 -154 86 98 -221 156 -229 -205 -10 63 -111 -72 -164 -121 173 67 -7 142 199 -84 20 -203 106 -166 212 -77 171 231 -160 17 -38 -238 192 -17 88 -250 -149 189 -143 244 91 -200 218 122 -58 143 -140 -237 -198 -75 -161 -244 -177 -26 -130 72 -78 150 -73 -23 37 -52 -82 -133 224 90 100 -90 225 3 -92 188 -28 -163 75 245 -224 194 -201 -186 76 99 -118 -87 -196 -2 79 -37 35 -43 -172 -94 32 74 80 19 -104 -64 1 247 198 -156 8 176 155 109 -165 -53 -6 216 -113 134 -115 21 -44 -189 71 223 -124 59 -105 -225 25 210 136 64 -215 56 -129 -136 33 -226 -97 119 112 221 -245 89 96 235 -109 -146 214 165 215 -185 103 211 44 -145 -4 -31 -208 -134 -217 133 232 220 82 -240 70 186 182 57 104 145 -34 183 241 22 -49 -83 -57 -119 -3 118 18 30 197 -180 113 42 -144 110 -220 149 -148 -123 168 190 -100 -21 84 -142 126 114 234 -102 179 -184 -116 51 219 -138 202 120 -188 -204 152 11 -168 -233 -35 97 -155 -183 -42 53 -24 205 -212 -137 -16 239 -86 -227 -210 15 29 -62 -152 -33 0 23 108 -27 147 -167 -56 14 -158 229 161 154 68 -12 151 228 94 117 238 -101 -93 -139 -70 -147 -91 -125 5 181 -65 204 -89 240 -182 -107 -9 -55 -47 -230 -22 178 227 -88 -228 81 92 230 -112 138 130 -223 -61 180 26 158 -81 -176 203 -60 -150 111 -231 162 163 -51 107 -117 -122 -80 -207 140 -243 -153 9 -50 34 -236 115 83 45 246 -171 85 -191 -199 47 -68 -30 40 61 -127 -141 191 160 222 -25 124 -98 77 -131 69 137 -169 -103 -95 129 -48 -175 12 -170 207 -194 78 102 -234 -197 184 -128 48 226 66 243 167 39 7 28 249 -45 
TEST 130 ARG:-187 -235 158 -78 244 4 46 41 -35 -20 104 -193 0 149 173 -44 -31 -131 -56 -49 -51 57 38 -172 -249 63 185 160 155 -28 84 187 -18 168 37 -227 157 66 115 114 154 -143 96 2 -1 -250 -111 -30 67 233 -220 209 -155 -231 225 -58 210 11 223 -243 -104 197 -118 124 196 203 -29 -206 165 142 14 -233 -85 36 -219 86 -202 -215 53 -62 -60 -80 167 -167 13 -37 26 -135 65 226 -90 17 -129 52 43 60 -14 73 -91 248 -15 145 85 -195 222 -122 -38 76 70 -26 -166 -176 -144 8 -12 59 -246 118 -179 -125 -185 147 140 32 159 -40 133 35 139 -244 -240 -168 -160 -226 141 -41 151 -2 200 188 -145 -59 18 90 -89 109 163 33 -63 -27 -47 232 1 218 202 -181 -66 62 -212 -241 -207 -138 39 -150 -70 -192 -221 -73 207 -22 -105 -188 123 27 -16 236 -98 -163 120 23 -170 -100 148 48 -83 -74 -222 74 239 219 80 -69 -123 -81 -68 -211 231 170 -217 -213 -82 -87 175 206 204 161 235 101 61 -238 -164 246 237 -147 -39 -120 105 -72 -33 -119 15 -159 16 78 -242 75 -237 22 130 127 227 -199 81 20 -141 -65 24 186 9 -9 -113 -101 45 -64 -190 243 152 102 -110 -86 77 29 -223 -24 -79 34 215 125 136 5 -232 -234 -154 -99 55 -116 79 113 129 -7 213 54 -112 -184 211 156 180 30 234 -77 -75 146 -102 -153 -182 -189 166 98 -204 88 212 116 241 100 171 58 178 199 -108 162 -197 12 117 -201 10 -103 49 -32 193 99 -61 7 112 -36 -169 -148 214 240 -23 -21 201 -97 -205 191 -95 71 -173 224 -177 -57 -161 82 137 172 195 -183 -124 249 144 21 169 179 108 208 242 -84 164 -209 111 -165 107 50 97 -146 -140 -45 25 -149 -208 -224 56 -46 -17 184 -13 -203 -174 177 -10 -239 -156 -71 51 31 181 174 -127 -225 -67 -34 -162 153 -151 110 -109 -210 92 -121 -137 189 182 -93 -3 -178 -128 -94 -142 135 230 87 -8 -55 -114 -4 -76 -247 -48 217 -54 -194 19 91 -152 -245 -92 247 -50 -200 138 190 -180 121 -248 44 -230 150 -214 -25 89 -175 64 -196 183 -6 94 229 -96 47 192 -53 -158 42 -136 194 -171 134 198 131 103 -117 -186 40 119 126 6 -107 -236 68 72 -11 221 -43 95 -115 176 -126 -88 -106 122 238 -229 -42 216 220 205 -132 93 -52 128 28 228 83 245 132 -157 -218 -19 -191 -228 -139 -5 -216 -134 -198 -133 -130 69 143 3 106 
TEST 131 ARG:171 210 -123 165 29 -111 191 169 -191 -124 -233 -54 -12 -85 83 -240 141 249 95 -119 -82 202 81 219 140 -167 -81 72 -214 -154 49 153 58 168 -182 98 214 -26 75 206 -157 -232 -4 150 239 -170 -244 -88 -113 -184 179 -3 101 175 183 -138 137 -133 129 85 196 -91 120 61 -163 52 41 -50 -92 40 -209 -144 -116 80 197 -103 -187 -150 -218 -48 -65 38 96 -200 119 212 -105 104 109 -9 163 -211 -109 198 -45 69 111 -97 -100 -8 -75 -17 -78 -18 -87 154 108 32 10 56 -173 207 -53 149 31 -62 -220 -68 -52 123 -69 -107 -80 -71 -241 -84 2 -213 94 36 170 -30 -16 182 184 -193 225 55 223 205 -64 -32 -175 -203 -186 -206 -168 -77 -33 204 -83 162 8 -155 19 37 158 167 -249 -61 148 70 139 106 -131 30 18 -215 -226 115 -161 -15 173 -79 -38 -127 241 -76 -60 211 107 146 110 45 193 -166 44 -59 -55 1 -196 34 -66 71 -99 142 -164 -156 11 7 -224 -139 -222 195 -185 199 77 230 -152 -86 -90 112 187 -223 238 97 -74 177 246 -205 -229 -204 242 6 -29 -225 102 48 231 100 -31 -112 224 -201 192 244 180 217 -179 126 24 233 26 -96 237 74 114 -56 -110 -136 50 -115 -158 117 -177 -28 147 -47 -106 -39 -231 -194 188 76 -5 54 248 156 181 -141 157 -250 -153 189 -172 -248 -134 -216 -192 -162 93 -235 5 -36 -41 -160 59 -44 -180 65 -147 -219 -73 -6 -137 -246 -197 -242 234 134 -217 23 127 143 -51 -178 186 209 35 57 133 151 136 -98 -190 -57 -188 -7 176 -43 145 135 13 20 221 60 -19 -102 -228 -183 -130 42 -132 144 -27 -2 -93 213 172 64 9 190 -159 166 -21 152 -142 90 125 -148 132 99 -37 -58 -49 -125 92 22 131 226 -151 161 -198 -70 128 -46 -14 124 53 201 -120 14 203 27 122 -237 164 39 82 216 159 229 194 -135 -40 236 3 -34 155 -212 -129 -208 -165 16 -108 88 0 -181 -234 -22 222 -245 113 240 -210 67 160 -126 -42 -13 4 15 12 -10 200 -221 -243 -23 -171 62 232 185 103 -128 -11 -239 -247 -140 -20 -202 66 -63 178 130 -169 -189 118 174 68 91 17 33 -25 -227 -35 -121 -195 -72 21 215 43 -95 -143 138 -104 63 -176 235 28 47 -207 86 243 116 228 -1 -149 84 247 -236 -238 87 -67 79 -24 78 -117 -122 -101 -145 220 -118 -199 -89 -114 105 121 73 208 -230 89 -146 46 245 25 -174 218 51 227 -94 
TEST 132 ARG:-58 80 43 -170 -206 65 62 4 134 188 248 -201 -245 221 -96 -151 23 64 -68 74 76 -27 73 -89 -57 237 -236 96 -180 -26 -18 -35 123 -118 -212 -36 117 -228 -59 39 223 -66 228 -168 -154 -124 -163 59 -29 151 179 51 -91 170 2 61 -63 104 -31 -241 -20 -53 -186 -226 -38 -71 -166 48 -167 -207 213 -223 -4 86 203 66 16 69 -65 72 12 -171 -238 177 -37 -12 122 -14 225 -160 46 -134 -125 -184 103 14 249 196 226 115 -105 195 184 -191 231 -106 -227 -216 -56 -73 -199 -5 150 -83 -41 29 -34 89 185 28 191 57 -131 68 -214 9 -141 -88 214 233 -193 -129 -80 75 8 3 167 -39 109 -194 -133 -169 -230 125 -165 121 164 206 -32 -55 -11 19 88 110 -111 171 13 -70 -51 -43 -76 -232 161 219 -122 -202 186 247 168 140 33 176 -208 -187 -172 -205 159 175 -155 -47 1 -6 -103 -93 31 -135 -10 27 105 -108 25 5 216 20 139 87 137 204 -181 243 135 -3 147 -97 -195 -33 -215 -95 146 34 -239 47 138 193 235 153 222 101 -229 -210 145 -147 24 -237 106 22 77 -78 236 -196 60 157 143 -161 -67 -217 37 102 -61 53 182 -40 111 -139 -2 197 81 -243 -222 95 -240 38 78 -22 41 56 133 217 148 162 113 -231 -140 144 -69 199 215 154 63 -112 55 -128 220 -94 -127 160 50 -197 -248 -209 -182 -72 229 7 -120 91 156 201 -114 -249 -101 158 152 -235 -48 -188 232 -99 116 246 -233 -204 -219 0 -143 -113 -200 -23 224 -110 15 -8 -62 174 -218 -146 -177 -123 -198 -242 -7 -64 -25 210 -109 173 52 -126 -157 208 -175 11 6 -250 -60 209 -115 -86 -90 169 132 17 198 -19 -117 -16 131 194 -24 207 -145 -17 -174 189 21 67 70 242 -130 -54 130 44 136 178 85 93 -28 32 -87 124 -82 -183 -13 -81 45 -121 190 -244 100 239 82 163 129 -162 -15 99 -185 79 -42 84 -225 -179 119 -211 98 26 94 -178 -74 155 -246 -138 -104 -149 -100 71 127 238 218 -158 241 42 97 118 200 -144 -30 -189 -164 10 -247 166 126 192 165 -21 -52 120 230 -46 172 183 -224 -152 -119 -45 -137 -77 18 114 181 -75 112 -1 -79 180 54 -221 -49 -85 202 234 -84 -150 40 107 -213 58 -98 -176 205 -190 30 -220 -173 -153 -50 -142 149 -107 -44 -102 227 240 -9 -192 35 212 244 -159 -203 142 128 187 90 -156 141 245 49 108 -234 83 36 211 -136 -116 -148 -132 -92 92 
TEST 133 ARG:43 -54 223 46 -76 64 -44 120 202 -154 164 -1 -7 227 -99 41 -248 113 -224 -41 61 209 249 235 -189 121 128 -223 -245 136 -75 79 75 172 -185 -229 -226 57 -35 -97 149 55 14 24 -111 -168 248 193 -134 18 -12 -92 -56 -137 203 -104 27 229 -174 0 239 22 -3 -132 180 60 -95 -183 -5 -170 -150 -142 -196 -237 -114 -166 -112 207 234 101 45 177 206 -230 40 187 99 58 -161 -105 212 -79 -218 -9 169 150 137 138 -186 -199 -205 -160 226 130 103 -121 -21 -182 -165 -164 -25 1 -228 15 -59 115 -68 -11 -20 -74 195 -195 -83 67 96 222 -200 111 -139 153 -89 159 -219 -241 -206 -249 -31 -220 -129 106 -93 90 39 -70 2 32 -156 -84 131 -17 112 -144 -81 197 221 124 -57 147 -135 -193 217 186 241 119 142 81 -65 -208 83 208 80 -198 12 21 216 -109 144 -32 -242 -152 -235 -110 -13 -192 188 -203 122 34 -37 198 -122 -244 -50 -172 179 140 -14 35 -127 158 42 -236 8 148 -123 238 105 178 -215 236 -69 -102 228 -6 56 -225 78 -216 173 -49 -131 85 93 -64 -209 -124 -155 220 211 73 146 -80 -67 -66 157 -239 -101 205 154 -247 -146 -26 -61 -40 6 30 -28 168 59 108 -234 -116 -43 38 50 -232 224 -133 -87 246 -157 171 44 219 87 97 151 139 133 204 -94 48 190 -2 -71 71 -238 184 91 -213 -88 52 9 88 114 231 -15 225 -53 -169 -191 -246 -119 -178 230 25 -42 -78 82 104 -250 183 109 -34 175 53 -190 166 100 62 -187 -128 -36 5 -103 -207 65 240 -240 -63 17 70 116 13 -126 69 -204 -86 242 49 -158 -85 63 247 -177 215 -214 210 107 191 84 16 26 185 -231 162 -167 -181 -145 129 201 54 -222 66 20 -23 4 232 -60 -184 -106 -45 200 29 237 -62 -113 243 -125 -202 170 167 7 -212 -4 -24 -143 -82 -117 -141 182 23 -136 160 36 165 -51 28 -33 -8 -176 -221 176 233 -27 -173 156 -22 -149 -55 -227 -140 181 -52 127 -159 -90 72 98 -179 196 -211 152 11 -194 -47 -171 -243 102 189 -210 126 194 218 145 -188 213 94 -58 -19 -39 76 110 -91 245 163 -72 3 -175 -130 143 117 77 51 -180 -163 92 125 10 47 -48 -153 -38 199 -162 -148 33 31 86 -151 -201 -138 37 214 -98 -197 -115 -120 141 89 118 -96 244 19 -107 132 174 -108 -73 68 -30 192 -233 -100 74 161 -77 95 -16 -29 123 135 -118 -18 -46 -217 155 -147 134 -10 
TEST 134 ARG:120 -17 224 48 127 -208 78 -129 183 -139 174 -83 -130 -9 22 -144 85 -15 214 34 209 -183 118 -195 -236 105 -200 204 -154 182 3 -47 237 220 156 -219 248 54 35 177 -240 -243 137 61 225 8 155 66 -85 64 -1 -176 -250 163 -245 130 -24 244 57 -143 44 -244 -152 74 -207 53 157 210 -201 160 219 -119 20 -228 144 -44 -73 -229 217 -55 -19 -67 65 -32 -125 -86 -227 6 -239 -43 198 88 221 -35 -97 232 -136 242 152 -155 68 26 -193 -45 62 145 -34 -203 -246 -175 -71 11 -222 51 -216 -149 199 -53 231 4 36 90 207 69 19 167 -28 -174 -25 -7 121 -98 -194 122 86 -94 16 12 -76 76 143 -108 230 77 -166 -82 -142 142 132 32 238 135 192 -198 -2 236 89 -163 37 -101 164 -66 116 -3 -102 113 -23 -121 5 87 30 -159 -156 72 -235 99 -180 -61 -118 98 107 176 172 -80 161 228 158 -69 103 -79 80 -4 -115 -13 -96 -18 187 -242 141 23 -59 96 -225 227 166 -133 100 -74 170 169 -75 173 -84 201 -58 -49 -212 -234 75 -204 7 -87 -100 -54 234 216 42 -213 162 241 212 110 -20 -37 -173 -72 -6 -10 -215 -202 -42 -233 -221 40 58 249 108 146 -168 -110 -33 -192 -205 102 -220 -114 215 -169 178 211 203 185 -31 2 -186 -171 -116 -134 114 9 -160 -218 240 -109 -41 165 45 -226 149 -164 79 25 -46 -99 -161 109 -210 159 27 222 131 -21 171 -90 189 235 -50 -112 -16 -40 -189 154 139 -111 -120 -5 63 -38 -181 -231 129 67 -211 147 -146 50 -248 -153 184 104 188 190 125 -11 -179 -12 56 -29 -131 112 17 -127 -140 33 -162 31 153 -93 -145 243 -135 -107 -122 -185 180 -199 -178 218 -157 181 -81 -184 136 -241 47 -113 93 213 -95 245 -158 119 200 95 -60 28 -147 138 24 179 -70 148 194 208 175 39 82 -62 59 -56 -177 84 13 21 -217 43 -48 197 -92 -249 94 -138 -128 -63 -88 71 -224 -167 -106 -182 -39 128 41 -206 191 -105 -170 -197 10 55 -150 186 -123 -141 60 134 -30 -188 123 -89 1 -247 -191 111 -51 -103 81 229 226 -196 223 115 246 -137 -65 -104 202 -8 -190 -68 18 15 140 -27 29 -26 -132 206 196 -238 70 -209 97 -64 -148 -117 239 0 -57 -52 91 49 -91 101 -22 -151 195 -232 52 193 124 -78 117 126 73 -223 247 -237 -230 133 -124 -77 106 38 151 150 14 205 83 -214 -165 233 -172 168 -187 -14 -126 46 -36 92 
TEST 135 ARG:-27 172 114 -71 44 -102 -83 240 -192 160 207 -13 85 203 -172 92 148 60 -146 204 -205 -104 7 77 134 177 180 30 -196 -238 -48 -163 -14 -107 -151 -19 196 96 103 -70 -31 150 -34 219 -29 -197 -16 193 135 108 1 104 -143 181 61 246 -175 -139 225 64 -202 249 -69 -189 -214 105 82 112 65 238 126 -167 9 201 -63 80 130 -133 -140 -179 95 87 -243 -211 -149 113 56 25 197 -173 199 -57 218 -123 123 226 -79 35 221 140 -134 -198 -176 -59 -94 11 -110 159 222 168 38 -237 -144 -45 4 182 -204 -208 55 -162 -38 217 -130 -131 -99 169 -241 75 66 -156 -93 -168 -112 -40 -17 -60 -58 157 129 158 127 -177 179 -105 214 -21 -111 -53 5 6 -233 -22 40 -170 155 78 244 151 79 161 -95 212 34 154 107 -153 -242 128 -180 -126 33 116 2 69 0 57 -138 -67 -166 -235 149 167 -37 -15 -85 -247 248 187 165 72 -193 117 -115 -12 133 -120 210 -33 -9 -216 -232 -18 51 -161 28 32 58 20 -213 18 -136 184 -47 97 -222 -150 -188 -8 -11 -101 46 -125 176 228 31 -245 63 124 -90 -97 -62 -119 166 -228 -7 137 231 -186 164 26 21 -128 53 27 88 -68 202 162 16 -96 -129 -207 -152 -141 52 -234 -28 67 -25 220 71 14 -155 17 241 243 -73 76 -135 -74 -32 -142 -206 43 -82 -56 200 49 236 86 -169 -194 205 -81 50 232 209 125 175 -157 -171 94 143 -113 189 -246 -137 -231 230 -39 41 -124 -66 -64 -61 121 239 -42 -51 132 -215 190 -250 -86 -217 -239 -1 229 89 -117 -219 -87 -174 139 153 70 -230 93 118 -212 -147 186 -100 -116 -44 173 -43 10 -20 223 115 42 141 237 -5 -78 -227 -92 -190 -4 -6 -209 -218 -3 -223 73 -88 224 -184 13 216 -36 -220 144 -181 206 142 -199 -145 -30 -10 47 -2 106 -106 -191 90 242 -49 12 8 -41 -65 99 3 62 -23 -183 -91 119 -187 -195 -118 -201 -84 234 188 36 -80 -154 -164 -26 102 147 247 23 195 101 -160 -121 48 -236 -248 185 -52 -244 100 -158 235 110 120 19 -109 -159 -72 -185 24 39 183 37 -24 215 191 -54 68 -103 -122 -225 -210 -200 213 84 -75 -108 233 15 211 -229 -226 54 -76 152 163 -249 174 -165 45 131 -98 91 -50 74 81 245 178 156 194 -55 -114 -221 192 98 -224 146 -46 198 170 -89 171 122 111 227 59 109 -178 -182 136 -35 -240 29 -77 22 -127 138 83 145 -203 208 -148 -132 
TEST 136 ARG:-57 9 184 -120 39 -22 -169 11 230 -55 45 -86 -151 77 -185 214 146 -224 229 -98 -70 -175 109 -237 120 220 207 -208 181 -58 80 233 161 -205 -209 -33 -139 -110 178 -89 -153 -207 79 -34 128 -246 -227 -184 197 -210 35 215 -26 100 -77 -78 97 235 -213 10 185 248 -36 -41 13 -222 115 189 -72 -219 -83 103 121 67 119 -114 -193 172 34 5 -96 236 150 30 -103 124 -85 -91 -39 -106 -101 91 114 -244 -202 89 82 222 -97 171 -76 -51 246 142 179 -125 56 245 61 201 -157 -54 -239 -236 -201 73 -176 -53 227 -64 -128 53 -200 60 180 155 238 -150 249 -241 -235 -225 -21 237 -188 139 -167 -190 -79 59 4 199 -152 -111 224 1 -248 -47 210 -136 -87 -230 -35 -250 182 -206 -61 2 69 68 -170 209 -17 112 -171 -228 158 84 43 106 -149 143 -59 83 127 -154 177 62 -229 32 -104 194 29 -45 -71 -107 16 74 -94 -186 -84 239 156 148 -95 57 122 -122 -124 247 20 96 42 -204 50 108 -62 101 195 213 -172 23 8 -156 -135 202 86 -4 170 36 137 -155 231 -238 17 131 -90 -159 -180 15 -14 -7 -126 -67 206 107 -179 208 221 28 135 14 228 151 -217 -226 -113 -27 -243 -221 -108 149 -245 141 81 117 -223 85 -192 88 -143 211 71 48 162 152 -43 163 244 -49 -129 243 -105 -116 99 78 -142 92 66 54 -195 -1 138 -50 -144 140 110 41 204 -32 159 111 -140 -132 -162 -173 -81 -30 166 44 176 -216 -127 -18 186 24 126 173 -203 -146 -182 -138 31 -93 -183 -212 -28 105 -100 -16 113 153 -131 51 205 33 98 -52 -164 -187 37 234 25 129 -63 -214 -46 -130 27 87 -69 192 -240 -247 -112 -38 132 216 130 -24 242 21 6 -60 144 -15 93 -118 -147 -29 232 -23 12 19 200 22 125 -6 218 -177 63 -123 157 174 26 -12 165 145 -160 40 -75 -44 -10 -148 136 -3 123 -115 38 -109 95 -165 -13 64 164 188 116 193 -102 90 -133 169 -5 -211 168 -92 187 -65 212 225 -249 -2 -117 52 -88 -174 -168 -25 -189 -145 -134 47 94 49 240 191 175 -99 -56 219 -242 -191 -11 -197 134 118 -19 -73 217 -178 -119 196 -80 -194 -8 -82 133 -42 -215 -141 46 167 -9 -232 -218 75 154 0 102 65 -196 58 -198 7 76 241 70 18 -74 -48 -161 -137 -40 203 -31 160 226 198 -20 -121 3 190 72 -163 -166 -66 -231 -68 -158 -199 223 104 -233 -181 -234 -220 55 147 183 -37 
TEST 137 ARG:-129 -90 106 -156 20 43 -110 148 136 243 195 -17 6 -154 35 205 1 48 -81 -4 41 -173 155 -56 -149 110 107 237 248 142 -36 -216 175 -155 -158 -83 -147 87 68 181 -223 -100 8 126 13 109 123 208 49 -14 72 101 67 46 -92 26 -235 204 -132 163 -167 -94 124 121 132 5 82 -138 75 211 -70 -55 171 93 -212 -238 -61 186 151 105 -69 -48 -106 196 91 219 183 212 -157 210 36 157 -57 -95 -97 -112 138 81 -142 -186 -160 55 34 -88 118 -172 190 -231 -139 141 162 -104 -67 -219 -38 66 -21 -54 42 61 127 179 -63 108 -115 74 32 78 -86 149 54 -152 130 -240 218 -221 -245 -206 -7 -248 -192 -40 112 -46 7 104 -145 241 -96 -136 88 207 -133 76 -203 173 209 161 117 -124 -242 -190 153 198 -74 19 -140 -49 -217 -247 10 -191 113 114 94 -204 103 128 -99 -175 -121 184 80 -26 168 143 -108 -200 -162 200 150 -130 9 12 165 -165 98 31 176 -119 -128 -78 29 70 -27 -72 -101 53 -168 -60 247 -25 -215 15 -210 47 147 -118 -150 246 231 234 -159 -122 90 -23 -214 -207 -250 249 -114 -28 -18 -227 62 -35 -234 -34 -22 -105 -76 -64 228 -120 -222 145 63 -197 50 27 -233 -151 -220 -113 239 187 244 -176 -127 -43 -179 135 193 -53 -181 -47 -5 99 -236 -42 -109 52 221 -198 240 24 -226 -169 224 0 -141 -85 73 154 -194 -1 -202 102 -32 156 182 -6 164 -10 -66 -201 169 -9 172 58 -195 -188 217 -68 -117 -91 206 -170 23 -75 -77 116 232 -123 65 202 -11 60 -144 -243 -146 -249 -3 -193 56 38 238 -87 -224 22 44 -71 -137 -134 166 -37 180 -98 230 -125 -13 -50 -103 51 37 -183 79 226 -89 -2 -20 189 -185 -30 -229 185 140 -241 -143 -29 199 160 -31 -80 -187 -102 84 188 96 220 229 -65 158 16 134 -16 222 225 120 236 -39 125 174 -73 -228 -41 17 194 4 -177 146 -166 -164 167 -79 -211 133 59 111 -174 -51 170 -131 139 -59 -246 -82 -148 -180 -196 192 21 -45 -135 -178 216 -84 245 -126 -15 152 214 115 25 100 131 -33 -232 57 177 -107 -19 -163 -184 45 137 -116 97 159 -171 2 28 -93 85 -62 -182 197 129 95 -239 92 -12 69 -24 -225 18 233 -237 144 40 71 -153 -230 -8 -58 -218 201 77 223 -205 -208 83 -244 -199 227 -111 14 203 178 215 33 242 64 89 -52 213 86 -209 39 119 30 -161 235 -44 3 11 -189 -213 122 191 
TEST 138 ARG:-192 -21 74 -133 156 -5 -168 -50 160 -64 -179 -152 171 -71 -229 -121 101 128 -188 211 -39 -230 183 111 34 -41 204 57 -43 -63 -246 166 -160 70 89 102 164 154 -113 27 -208 162 -45 116 50 191 -57 47 -148 -217 199 -181 63 -34 -159 -243 173 -234 147 152 202 -96 -25 42 -33 130 55 -226 178 -17 201 25 170 -56 91 -187 219 104 20 -135 54 168 -77 196 220 121 228 -103 -109 -93 -219 225 -164 -124 -236 -116 -154 -28 24 143 198 1 -224 -176 -15 -215 -202 73 242 133 193 79 249 212 179 108 -206 -223 129 -53 155 -123 -86 -95 235 -76 218 45 -163 194 -212 -48 77 181 -27 115 -169 -66 65 67 -150 -51 -37 135 -245 -209 -250 -59 239 203 -198 -79 -108 -180 -68 -69 15 -82 216 -97 78 175 109 217 -146 223 187 99 -145 -244 8 37 227 -58 114 -78 120 -137 71 -186 3 94 -171 -47 -157 208 -125 31 -204 -105 -242 -87 64 -13 188 48 244 -182 51 10 -155 76 -149 39 174 13 189 200 -199 -118 119 157 -147 69 -237 -75 139 -14 -141 -31 98 136 -92 238 -54 0 -239 72 186 -88 -247 17 158 141 -240 -221 -165 -128 18 124 -151 -52 117 221 -111 -184 209 -11 -218 -196 180 163 87 -194 -189 -89 -131 59 43 -248 38 93 -167 90 -101 190 -122 205 5 -99 -94 -83 95 82 127 153 -107 161 -139 -211 -144 229 -126 -191 236 234 -156 -61 75 -85 -193 -74 106 53 -120 49 -36 -49 -227 92 83 -172 -104 -161 -73 -162 232 -203 -197 -16 60 -210 125 -235 -241 12 233 -183 58 -62 182 9 66 2 32 -84 44 246 215 -9 214 68 146 -1 -6 185 -170 -238 131 -142 -185 22 61 -10 241 -166 -222 -177 159 -175 207 248 -207 105 19 -119 56 -153 -98 -100 33 -26 35 113 172 -220 -201 -205 -195 -140 -129 148 40 144 138 118 -173 -216 -2 -35 -3 231 224 142 -214 -213 126 88 240 134 -60 -81 16 -30 -127 -42 107 -112 149 96 -114 177 -20 245 -46 -158 81 -130 -4 -22 -23 -29 -117 -67 -174 -143 -231 -80 86 -136 137 140 123 100 -190 52 213 14 -110 176 -91 4 226 23 247 167 165 -12 145 85 -40 -18 7 80 237 122 -7 151 184 -178 21 30 112 -106 206 -19 -24 222 -225 -32 28 -65 132 11 29 230 150 -8 -232 103 97 -249 192 -55 -72 -200 210 197 41 110 46 6 -228 -233 195 62 -132 -70 -90 243 84 -115 -44 -138 -134 36 169 26 -38 -102 
TEST 139 ARG:47 245 75 -71 209 -38 233 153 -59 57 -77 181 -172 31 -157 136 -42 32 -118 43 -80 202 -249 168 -175 0 167 11 133 238 143 51 19 228 50 84 -9 200 -250 -44 180 9 131 198 112 178 185 213 -18 82 -45 148 -229 -54 -143 -195 188 -93 39 221 230 159 -121 137 67 68 86 199 -162 -248 -112 183 191 -192 -225 -242 -85 218 -176 -133 98 -88 -26 237 246 -111 53 -165 -5 46 -30 195 89 -166 -153 -8 -226 15 -31 -208 56 -136 -94 216 -180 235 -170 -146 240 -232 -64 -209 54 156 7 232 5 42 234 -1 -122 -204 134 55 99 102 120 -107 -132 -171 -41 -211 -46 -152 -40 -245 -206 141 -92 92 96 -126 77 -78 -247 106 97 108 -223 26 -116 -183 58 217 -155 132 -236 71 205 -21 64 -139 150 -65 -199 -177 -33 -13 -194 124 -197 175 34 36 62 -173 -72 -100 -244 -217 12 -218 -97 -127 -198 -103 222 -201 63 110 -86 -145 122 -104 174 -90 158 30 212 24 -29 76 60 219 73 100 -159 208 -32 -98 244 115 -186 -11 -158 78 -3 248 -52 172 -96 -87 85 -124 -73 -188 38 -69 -185 113 214 45 186 -189 206 69 -144 -129 90 74 -43 128 236 -216 125 165 -138 23 204 -82 -37 94 -149 27 -101 -214 -68 -123 210 130 -62 -35 -174 1 -14 3 -238 101 201 -151 -181 103 -4 -61 -205 -169 -230 -140 -203 10 -34 83 -190 -179 -215 -81 -219 88 226 -22 144 224 -113 -105 190 65 129 -191 -234 231 -102 -108 177 -55 -227 -20 173 -246 6 -210 215 151 -36 -95 -212 242 135 16 20 -220 -213 140 28 -148 176 -12 -50 -161 117 -221 8 -75 -49 227 18 81 -66 142 22 249 4 40 -200 -239 149 123 -27 -39 170 59 93 -178 72 -222 192 48 -58 29 116 105 -15 220 -84 -187 155 162 118 107 -83 33 17 -207 -67 -243 2 -182 70 -89 121 152 -240 -24 247 207 -17 21 37 -128 -28 164 169 139 -164 -106 146 243 147 -60 41 -48 -117 -135 -147 119 -99 49 193 -115 -228 -131 52 -160 -168 111 -79 138 -51 14 241 194 91 -193 -233 -163 114 161 -53 -7 239 -110 -47 203 -109 145 -23 -6 163 179 225 -114 -241 -130 87 166 -56 -76 80 104 157 44 -119 61 187 160 109 184 -134 -202 -2 -154 95 154 -57 35 -224 -141 196 -120 -125 -25 -10 171 197 -231 -91 -16 126 -167 -237 -137 -142 189 -74 -70 211 -184 182 223 66 -150 25 -63 -235 79 -196 229 -156 -19 127 13 
TEST 140 ARG:-98 -87 195 230 -99 87 -55 -190 172 -86 -193 -53 249 -5 25 31 -194 234 89 -220 148 128 221 -151 -95 150 -80 -118 245 27 -136 223 -10 -246 -75 55 159 -143 -6 -178 -101 47 -49 -230 -162 110 -183 -176 -126 65 157 -77 -177 193 57 109 -172 156 -96 227 180 -210 37 203 -36 -221 8 248 -154 -105 -114 -225 -209 -169 -243 77 176 -240 116 214 175 19 101 -130 45 -244 -164 106 210 -68 -147 155 -46 -120 59 -60 -186 -19 -228 -155 -82 143 182 107 -129 -167 -54 -173 -1 -138 129 -7 -222 243 97 115 239 -197 94 202 125 35 189 -148 -238 75 -59 -30 178 131 -124 -196 127 211 -239 23 -146 98 -48 173 -213 7 3 170 163 -107 -224 -245 212 -247 73 63 147 102 1 -134 -88 80 -52 -79 88 -218 56 206 -235 111 -110 196 21 133 -72 46 44 205 32 -24 -205 99 -145 236 146 -182 -2 -150 -156 246 -131 166 -102 169 219 72 -100 -226 -122 -109 -195 -20 53 -207 -153 -229 -231 -9 174 -16 145 5 70 -90 -163 -3 126 226 -128 48 -216 -103 -45 92 -34 -39 -215 12 96 -249 197 -106 181 -181 204 207 -142 186 -121 153 135 -250 -73 -174 -161 86 -234 41 -66 -97 -227 -212 69 100 229 -112 -204 -69 -67 -62 11 162 242 -94 58 167 114 191 -208 -70 -223 -180 -38 -74 -149 208 51 183 -241 179 188 192 -217 -78 -44 215 61 140 201 -242 -200 34 200 -32 160 13 247 -115 29 -170 39 81 122 -23 137 -233 -92 161 -157 9 76 67 -211 190 10 123 -41 74 -158 244 36 20 -184 -47 233 134 30 -127 -117 54 -168 130 62 237 4 -28 -29 -135 -137 0 -214 -237 26 -144 -35 218 79 216 -185 187 154 117 -119 33 24 84 -206 -84 -188 -116 151 -141 -4 132 78 6 198 -37 -179 -232 -43 -123 -42 232 184 90 -81 240 -93 222 -27 112 42 209 40 -21 95 83 -40 -236 -139 -15 -85 60 104 -14 -76 164 -140 124 -11 -159 -26 43 -171 15 -113 -18 -202 82 213 -63 85 -133 64 -64 113 185 -152 71 -198 -89 66 22 105 241 141 -56 165 217 52 38 139 121 -83 -33 -104 93 -248 -8 231 2 220 -125 -175 225 -191 50 -58 118 -31 171 91 -25 136 152 228 224 68 49 -91 -108 235 199 -132 119 -187 17 -12 238 16 -22 -166 -165 -51 28 -71 -61 -111 108 168 149 142 138 -203 -160 -50 18 158 103 177 -57 144 -189 -199 -65 120 -201 194 -13 -219 -17 14 -192 
TEST 141 ARG:-83 -249 -81 30 14 -49 -28 208 192 -3 -92 139 -100 -204 -146 -200 225 -57 -55 112 -156 -130 -213 -102 169 -205 -237 -132 61 -46 46 -96 211 55 -32 167 -11 20 -91 40 -134 -31 -42 -236 -54 193 -95 -198 -114 -176 136 -145 -27 88 114 -170 38 -12 128 -154 -113 242 150 -128 -9 -150 29 -112 245 9 -136 -37 22 -45 -36 -240 -8 -23 226 175 -13 -191 36 155 -115 -161 -239 -225 -118 190 93 189 -214 -215 152 168 1 12 120 98 -235 26 -74 222 -69 -238 146 209 207 42 -35 -153 74 -90 -218 49 200 -126 -175 -58 -18 -48 -101 -194 -123 10 63 143 224 25 -56 56 81 -105 213 140 216 230 206 156 -93 -224 -6 -80 106 -245 -51 -103 116 -40 83 -120 -223 -24 205 -160 -138 132 -111 -177 73 -140 181 -121 43 -41 -50 178 97 248 -201 -234 -189 -72 194 32 84 204 66 -33 131 -227 -208 34 -147 -246 133 -139 179 166 147 182 -151 197 -22 -203 65 35 -196 -106 162 210 -85 -217 -59 159 -135 180 105 123 86 217 -241 -186 -157 -5 -242 -30 171 -202 -209 201 148 -219 -250 13 111 -131 100 -221 -148 195 246 135 -199 -163 72 -180 -52 -207 184 48 96 157 99 -226 218 -152 151 39 214 -71 -39 102 -108 -2 31 223 173 -65 -248 -228 59 8 -232 108 121 27 45 -26 103 249 -88 203 -76 54 196 220 130 -66 71 240 141 -73 104 -43 90 -172 4 11 125 154 -187 82 -182 233 -98 -125 94 -119 -107 69 -82 -137 231 -16 237 -87 0 188 92 -7 153 -77 23 -244 44 58 -68 235 -124 -75 -21 7 -206 -179 41 -20 -117 70 107 -133 247 28 -243 -222 57 79 221 109 -173 -122 -89 76 191 -14 -10 176 52 -159 19 241 -47 -1 -155 -183 -53 -15 -184 138 137 80 -171 -164 -143 244 212 -63 -86 78 17 170 60 -64 -44 -19 199 -233 -185 21 85 234 -178 -17 -141 91 219 243 -229 229 177 50 198 -79 -4 77 -211 145 24 -230 64 -104 -67 2 -193 115 239 -127 -144 -62 127 215 134 165 -165 -210 163 67 -167 -61 158 -109 -192 113 3 -169 -99 202 118 -34 -149 -70 33 101 68 75 -181 -60 62 -38 -168 89 -247 172 -212 -158 -162 15 238 119 126 110 185 -94 122 -78 164 -231 149 -197 183 -216 5 228 161 -190 144 187 174 53 -29 142 -195 16 -188 37 236 232 -110 -97 51 -25 129 -166 87 6 227 -142 95 18 -84 124 -174 186 117 47 -129 -220 -116 160 
TEST 142 ARG:-87 -9 -29 -150 -165 243 -243 9 -65 -228 38 0 -38 -209 -191 125 -207 -198 61 16 -144 25 233 -218 146 73 -104 -22 -57 64 -89 136 -43 180 -50 167 -148 -31 213 151 -86 52 10 123 -42 -223 -245 162 -132 -194 18 -174 245 -182 21 226 -244 -1 225 205 169 134 -230 -28 221 67 248 240 57 179 -210 138 114 109 -94 -107 236 30 -186 130 -155 -72 -163 -106 159 95 62 -151 -39 37 -85 -51 -222 122 -101 -64 -184 -90 -12 -231 92 -233 -16 230 -229 -36 -141 202 139 -234 -113 -109 -115 -130 69 -114 -37 94 11 -176 174 -95 -63 -71 133 -67 -192 -152 -10 183 -208 -179 23 93 -110 -54 -119 -181 -161 -7 160 -170 -153 -135 -145 -15 91 132 103 124 -93 190 -35 153 -249 42 -219 -73 -211 -226 44 -214 77 48 198 -77 -190 185 105 -45 -116 -224 45 107 -126 -133 -157 -175 -60 150 1 71 -78 75 -185 -169 -18 22 82 196 -178 -140 74 170 -237 72 104 53 17 -201 31 63 175 -167 -70 46 -59 -183 -91 -197 -138 -117 147 -68 -250 54 211 -227 187 55 223 227 172 249 199 173 -23 214 118 234 -4 247 -14 -123 49 -139 -221 -82 -19 178 110 85 121 -125 128 -147 68 86 98 4 163 28 154 215 176 220 29 201 -11 191 144 115 -212 -188 212 155 -80 19 -56 -49 -128 -79 -100 -20 -62 32 -195 -98 177 238 -24 -156 171 13 106 -205 27 210 39 -149 149 -66 -92 -97 -40 239 -206 -108 -247 100 219 135 194 -127 58 47 66 60 182 186 131 -196 -41 5 197 34 -84 -111 7 165 116 111 -193 242 140 70 43 -8 3 -81 218 -17 -199 78 -112 222 158 -177 -204 -142 20 -158 -58 65 142 -143 229 -118 164 97 -55 24 113 -129 148 -13 101 96 -162 208 -180 40 143 -216 -27 -154 8 157 -105 33 244 -53 -213 -2 -239 -21 -203 235 56 80 -236 81 -248 156 189 -83 -75 126 224 241 79 51 -241 12 88 -47 -136 -220 50 -121 181 90 -122 83 -88 6 217 59 117 188 15 -6 -146 -103 -48 120 89 232 -46 102 204 76 -131 -5 -246 112 137 -173 -26 184 207 -160 -30 35 -25 -44 237 161 152 -134 203 36 -172 -159 -189 -52 -225 -235 84 -238 195 -76 108 129 -242 -102 -166 -200 -3 200 41 -69 26 166 -32 -187 -137 228 -215 -164 14 193 -99 192 -34 216 127 -217 99 209 141 -96 -171 -240 206 2 246 168 -168 -33 -202 -74 -124 231 -232 119 -61 145 -120 87 
TEST 143 ARG:167 74 158 -220 99 133 191 55 -201 -148 -96 223 23 230 -127 151 -40 -49 -119 -81 -227 -197 -247 -216 240 143 -90 141 -149 199 -91 -32 66 -63 -78 -34 62 -12 169 -165 -218 -250 87 -38 -86 30 -118 227 121 -120 228 -42 65 -41 189 239 -67 -139 -106 165 -105 152 -188 -186 -174 140 203 94 -190 177 40 -80 -20 84 179 -228 196 119 22 131 -212 67 -128 -236 51 -7 -75 53 -1 -93 50 126 -184 89 -76 -233 154 19 -138 -167 -151 -202 7 224 155 91 248 96 241 95 20 204 -130 86 207 229 -53 -23 72 -5 -244 -193 52 -110 9 -82 -222 60 -113 -25 73 -166 144 186 216 201 -208 -225 -223 -9 -154 -21 -6 159 14 -152 166 28 -125 46 120 176 79 -85 -58 39 -170 150 -43 175 217 -145 -29 -74 222 -240 182 195 5 26 -237 42 -15 -22 76 212 -84 83 33 -13 234 54 135 -126 104 -121 -205 -17 69 13 16 132 114 -158 168 -132 210 37 244 -204 232 148 35 85 -230 -234 247 174 93 -37 70 78 139 -191 -95 218 -241 -97 -213 -135 118 -103 -136 8 -141 -73 6 110 -142 -65 0 71 29 -10 -99 -24 -112 -159 -155 -87 -232 -88 43 200 125 -72 -150 231 136 -153 170 -68 -51 56 -108 88 -146 129 59 134 147 -33 103 38 -215 213 214 233 27 -19 106 -249 -207 172 -179 -111 -60 -107 -147 -226 -35 -114 -211 236 243 92 117 17 187 116 -192 -172 113 -169 111 -116 47 183 -129 -137 -175 122 -248 156 45 157 -235 105 173 49 190 -109 -117 25 -133 249 -177 -182 235 109 41 -224 -238 -2 97 242 -246 -245 178 15 181 153 -36 -168 137 -28 123 -134 -163 57 -48 -229 219 237 -164 161 202 63 12 192 -50 -171 77 198 48 -26 145 -100 -57 81 -14 -143 -162 75 146 -239 100 188 -66 -55 -115 -195 -206 211 -180 -64 -18 -124 -3 -173 -92 1 98 -101 127 -31 -156 209 102 -123 -47 80 245 -11 -199 44 162 -196 24 -200 115 61 -157 -89 90 -161 -242 -122 -203 101 4 3 194 -221 -231 238 -217 215 -16 -62 -4 -189 -39 -54 -46 -144 -198 -83 -210 -185 184 -45 82 206 -79 31 205 -214 225 -219 208 149 -70 -194 142 197 -183 -59 128 34 160 18 -44 180 124 -52 -102 108 164 -181 163 171 21 -56 64 68 -140 185 -131 130 112 138 -94 -30 -69 -27 -77 11 220 -160 246 32 -178 193 -98 -209 226 10 -243 -8 -71 -61 36 -104 -187 2 107 221 -176 58 
TEST 144 ARG:186 -202 161 -44 202 150 -147 -59 181 94 245 -15 169 -31 -158 156 195 -217 43 -55 89 85 248 -46 125 145 -50 97 91 -186 -135 249 44 173 -101 96 160 -85 29 -190 -227 211 111 -180 148 -241 -121 95 -34 -141 -66 11 -175 -200 -149 153 -37 108 65 69 -7 -152 26 -75 174 114 -72 247 -49 -151 -207 45 -105 87 36 63 -63 158 210 226 -182 -153 157 78 220 67 -29 -136 131 -112 -163 172 70 -113 208 -160 -169 27 149 213 113 -238 -164 151 166 19 -139 7 -96 -206 -78 123 139 -132 54 -196 -130 -89 81 193 171 14 -193 10 -247 136 -51 -36 -213 -184 142 12 241 238 3 90 -197 -39 -42 -56 48 -67 137 138 182 -21 -80 50 -167 -155 -116 124 -52 218 40 59 -57 68 -58 176 31 -222 30 41 -225 42 -210 -221 221 86 23 33 15 115 -140 52 -20 -245 56 146 -74 168 154 4 -157 200 134 117 -226 -26 -212 24 -38 2 240 -165 162 121 -173 -84 55 -124 -43 -170 61 -125 22 47 -17 -240 -87 -215 127 -146 -106 -177 32 -244 -98 17 0 -129 -24 129 -14 -107 -111 83 -108 -220 60 128 -10 -235 -216 49 116 -28 -69 -229 -53 214 -104 8 6 118 53 -156 227 -231 -71 130 -61 -239 196 244 -68 189 175 -9 5 -128 119 1 -230 -94 205 66 37 236 51 -168 216 223 -76 -181 -60 224 187 -82 204 -161 -144 -30 77 -204 132 152 38 -138 -205 -23 239 179 -18 164 135 98 242 -35 79 170 -127 178 235 233 190 246 -219 -32 215 165 -236 -117 122 -92 231 -189 -137 -102 -120 -242 102 -48 147 110 -143 -95 35 -174 88 112 -65 243 183 -1 167 -119 -8 -232 184 212 -19 185 163 64 198 140 -246 -223 155 -250 -83 -109 217 -99 -176 99 188 180 -100 -77 74 207 105 -233 -248 101 -249 -122 -5 -27 100 -47 62 75 -228 -70 103 -6 -123 191 -45 177 -134 13 -91 126 -131 -211 -150 -22 82 106 -62 -218 143 201 -194 -11 -203 46 -93 225 -16 228 144 72 -179 80 84 -198 -192 18 -201 -97 -224 -148 34 199 -114 197 21 209 20 -79 -13 -118 -25 -145 73 -188 -195 109 203 -115 133 -88 -171 192 232 -162 234 -3 -183 -214 -54 -159 -103 25 -185 206 -126 159 -90 -41 -40 222 -64 -178 107 237 93 -33 -2 -243 -234 194 -12 -81 120 92 -208 39 -73 104 -142 9 -133 76 -166 229 -237 -86 141 58 -199 57 28 71 -4 -110 -154 -172 -191 -209 16 -187 230 219 
TEST 145 ARG:86 132 22 -199 -8 -75 42 -243 -207 -214 -88 174 -39 -143 -146 143 231 26 105 -230 115 45 193 206 222 0 -179 63 161 -250 -137 210 78 -50 -242 -246 -61 -236 -26 119 185 43 61 72 13 -195 -139 -154 20 -122 -221 -98 -85 34 -148 3 -208 245 -7 -38 227 184 -183 55 87 129 -198 -40 38 -28 -112 166 -238 -142 -211 98 165 157 207 126 -177 -226 112 125 -31 -89 110 121 -13 60 224 232 -121 -96 158 -161 -134 141 218 -233 128 181 -48 -4 -86 -170 139 -145 -62 -106 -229 -105 -69 82 -132 220 118 186 28 16 -101 -158 122 120 -171 -90 25 -15 18 -249 191 -33 246 24 -10 19 197 -94 -162 -159 -197 -115 -73 -182 163 -196 -225 81 107 133 -231 -57 41 240 77 -169 229 226 -234 109 67 95 -3 -166 -103 -107 94 -163 -245 51 130 -118 50 -223 -224 217 -74 -51 173 44 -79 201 10 92 187 -71 -248 162 -133 196 90 -219 103 -93 -131 80 56 -83 -218 -165 -175 89 2 233 -125 -21 138 137 113 114 -9 -136 -82 142 -247 177 -1 -55 -160 9 -49 203 140 -191 149 209 195 -216 -157 -144 -100 -58 52 27 159 -2 -203 236 -194 -149 169 101 116 221 -113 -19 244 -141 53 6 106 167 15 -123 -77 17 179 -150 -201 -217 79 -190 -138 -124 228 100 -215 -192 -135 -87 230 31 153 -52 155 176 30 171 -240 58 -81 -99 -80 39 88 -56 -176 211 -30 215 -36 154 -239 -104 -11 83 146 -110 -173 -117 -193 -119 -178 -167 40 -206 -181 -76 123 205 -130 85 -6 -140 216 -204 170 -152 -53 117 -235 -84 64 -37 48 -172 249 202 156 -222 -116 -244 -68 147 -185 212 145 7 12 -46 151 35 -27 172 -111 -35 49 -67 204 -12 -72 14 183 23 148 235 -108 -14 33 124 208 74 239 127 73 11 150 -241 -186 -227 -44 -5 54 160 -180 -25 -45 -128 243 180 57 -70 -60 68 238 -91 182 66 -114 -92 -153 225 241 59 -16 -232 -32 152 168 -22 -188 -205 -65 32 -209 71 190 213 242 -59 -97 1 -66 -109 36 -29 -95 -127 234 97 135 37 65 200 -126 -42 96 69 8 223 178 -156 -102 70 175 46 102 -64 -237 93 99 247 -41 111 108 47 75 -54 -20 136 -210 -17 -129 -174 -202 192 -24 198 164 188 76 -228 -23 -151 -184 104 134 199 -155 -120 -189 -18 -63 -147 91 -47 237 -34 -212 219 -187 -78 4 -213 21 194 214 5 84 -220 248 29 -168 62 131 144 -200 -43 189 -164 
TEST 146 ARG:196 -96 -55 -208 -223 155 -219 -222 -161 -228 85 13 201 -163 200 161 -106 -43 244 -27 229 114 16 -111 -56 -197 177 15 -191 28 -100 -166 -71 193 43 47 -136 -2 -63 -233 -226 8 -78 234 232 -132 -172 -65 39 64 -202 -24 81 93 73 -101 14 -93 35 -187 -119 164 -72 -20 -152 202 107 204 -169 -240 -199 -144 -143 191 119 -237 -50 -121 -54 135 -193 -138 51 110 -57 -192 153 -87 -209 -227 -238 -39 -126 -239 158 -235 -146 -3 82 -33 7 86 -86 -220 44 199 -159 53 70 -98 -241 -115 78 237 5 -207 185 111 142 -1 94 -171 23 -69 9 -210 151 90 12 243 146 -194 194 -88 74 -79 100 41 248 -31 -236 65 -204 -45 -175 -184 128 -85 19 -179 195 -109 171 -120 145 77 -53 97 123 -118 54 226 163 -182 -177 -214 -46 -128 -229 83 122 126 -29 -150 1 20 67 189 -198 -84 120 -82 -73 147 -140 -22 -30 -248 33 138 -217 69 -14 -249 -12 109 184 -76 144 117 -77 -66 178 -124 -234 40 -139 -11 29 11 95 -4 159 79 57 -15 -107 129 -26 213 176 -74 -61 116 230 -114 181 -48 219 217 -25 -178 -203 228 -215 -183 49 148 -158 118 136 -21 -64 -41 -112 -7 179 66 61 -113 -129 -90 60 -83 221 -213 233 6 -205 91 -19 -10 149 -36 68 -130 -125 -99 87 -200 106 -231 174 -94 112 -89 71 36 -37 -133 34 -224 -196 80 -117 -201 -206 227 247 197 -5 162 -67 38 -142 220 37 27 -104 240 -108 -160 231 2 180 -221 104 168 99 186 46 -188 52 -250 139 182 -247 -92 -42 -180 214 206 -153 -246 154 172 173 0 -165 -189 75 187 134 141 -232 32 215 235 -110 205 223 108 209 190 -102 183 -6 -47 -122 98 -195 -168 -58 25 -156 -218 -176 132 -170 84 -216 212 -9 242 160 24 17 239 167 130 188 236 -60 105 88 -190 143 -212 102 210 224 124 198 -243 208 -154 245 -173 -81 18 225 -18 103 -70 42 -28 -23 -40 125 -80 238 31 -8 169 -68 -95 26 -141 -162 -44 -131 4 45 241 -62 -123 56 152 127 55 175 48 58 -91 -127 -135 92 -155 -185 216 -16 222 -49 96 3 121 10 101 76 -242 249 -134 -147 59 50 -157 -32 131 -149 203 115 207 156 166 211 170 -13 -145 -148 -97 -181 72 -59 -103 140 62 113 -34 -225 -167 -211 -51 -174 246 -35 150 -17 22 -75 -116 -244 89 137 165 63 -52 157 -186 218 30 -137 -245 192 -230 21 -105 133 -38 -164 -151 
TEST 147 ARG:234 162 91 206 -64 -168 150 70 134 -66 58 157 -196 -67 48 166 136 41 -12 24 -113 -190 -138 -126 119 -212 -203 105 -100 65 -239 199 55 43 202 -21 23 3 72 -198 -53 60 -200 -25 18 21 -217 94 -234 224 113 239 39 79 66 74 -69 88 -9 -78 -211 5 -164 -238 -165 -99 244 -79 214 168 -172 22 211 145 176 57 -46 -132 138 -47 -92 -37 -202 -209 26 -197 -18 14 -139 217 -5 116 -153 46 16 84 25 167 53 9 1 -44 -180 201 54 -183 -35 -33 -243 144 80 104 6 -80 -227 -109 -249 -170 59 -96 -136 61 218 33 183 -247 -1 -223 -71 175 -210 -237 -114 -27 149 215 109 82 237 98 216 38 147 209 -107 -106 233 130 235 143 78 -130 -45 -82 -187 -122 160 120 151 -215 -120 19 2 56 -90 -102 -55 -225 -179 -2 -110 -8 197 -63 -112 135 -144 102 226 75 -158 -208 127 213 -133 123 -68 200 185 245 86 -121 190 179 103 -169 -89 -174 126 240 -204 137 196 112 -156 -15 -51 163 83 -38 -140 243 -171 101 133 -191 50 93 -244 -103 203 110 177 45 -199 -77 156 170 180 -4 232 -123 140 -218 -226 129 35 -141 -129 229 124 189 146 -23 230 -222 -7 -115 -145 139 32 -31 4 11 -240 169 158 -36 -13 -221 191 186 -30 -173 107 -175 247 115 -104 -14 248 -39 -56 76 153 207 47 -159 -91 -151 -163 221 192 29 44 128 161 -72 30 100 173 198 181 36 -160 -248 -97 -177 187 -131 -232 131 219 -60 17 90 204 -16 228 242 -230 -167 -250 132 210 67 -214 171 -181 114 96 42 -154 12 193 -65 8 68 225 -128 -24 -157 -93 -178 -41 106 -108 111 62 13 37 69 -83 -242 95 -26 63 223 99 -52 174 -19 -117 -206 108 15 122 -224 -233 -148 -189 85 -213 0 -54 231 -105 195 208 -201 7 -73 -235 236 -176 -20 -84 87 -150 -207 141 -28 -193 -86 40 -50 51 212 -43 118 -118 -186 194 -205 -236 -40 -75 -57 -59 73 172 49 -85 -101 121 159 -116 -241 -62 220 -32 164 -48 -185 -11 249 -149 -220 20 -34 -88 64 238 154 241 -70 -143 -135 -58 -245 -182 -95 188 10 -161 182 -137 -29 -61 28 -81 81 -219 222 -98 -10 -127 31 -216 -162 152 -17 -134 -147 -246 27 148 -228 -22 -194 -74 -119 246 52 -229 165 -155 -94 92 -188 89 142 77 97 -125 -42 -184 -111 34 -152 -231 -195 -166 -124 71 -6 155 227 184 -192 -142 205 -3 117 125 -87 -76 -146 178 -49 
TEST 148 ARG:-59 -215 -51 -197 -159 -220 216 46 231 -10 241 68 136 -107 -235 -85 158 -172 -105 163 90 -157 58 199 -75 -131 102 36 229 -195 -121 -62 -79 -100 186 95 -130 -222 138 133 -71 181 -9 -126 117 -56 -160 -46 193 -16 129 -24 6 -149 -234 -142 20 72 242 16 -138 109 146 23 29 153 86 65 -165 -249 -241 10 -144 -67 75 -4 69 81 0 236 -133 -169 -211 -94 103 12 219 -38 -76 128 140 -48 92 85 -136 -42 -12 -99 -246 -92 -36 145 -178 -213 108 226 110 -54 -66 -68 245 246 120 -139 -186 166 154 -184 74 -209 -208 131 224 55 155 -34 80 225 -219 185 24 17 -140 115 -97 151 -125 101 215 -102 -82 -194 227 -103 40 -37 -28 -205 83 -183 32 14 230 217 -18 -189 -166 214 -87 56 218 -229 -44 -167 183 -15 -156 -7 -224 119 48 162 170 126 223 174 -243 -198 113 -47 3 -23 67 -93 175 -230 -3 -155 -49 -176 -17 159 171 -170 57 144 -27 222 209 176 220 39 53 116 -21 43 152 147 -45 -212 -88 30 -115 -204 197 173 228 150 50 -5 -106 -217 249 18 -154 182 -119 112 194 1 237 196 156 -118 -117 -163 51 161 37 114 143 -101 -61 -83 71 28 -232 45 -91 244 64 198 38 111 -25 243 -143 9 -98 -202 -187 134 -150 -96 207 130 189 -11 -6 88 -43 -181 -104 -177 107 -161 202 -192 139 -179 -55 -1 61 -30 27 -63 124 89 -127 238 -116 -218 98 87 164 -151 104 -81 -22 4 -128 -221 178 213 -69 15 -137 -233 201 -64 -120 -53 -108 11 205 -60 -110 141 212 -26 -214 -173 -147 -148 221 -216 177 -111 -80 -8 -231 25 179 -164 -145 96 -180 47 -228 160 232 -203 -124 -226 -113 187 -250 -33 -201 -40 -245 -2 70 35 -57 234 7 -158 91 208 62 82 34 -50 192 -134 -175 123 13 247 -210 -240 2 105 93 -70 -65 5 66 106 248 184 -129 41 -141 233 -112 33 122 211 180 240 -153 31 -77 -223 -32 94 239 125 -78 -132 121 148 -39 -72 118 52 127 -95 206 44 -190 -244 -41 235 -207 -193 54 -135 -242 188 79 -200 195 204 -191 -74 -225 -14 19 26 -248 99 -35 165 -174 200 167 -237 191 -123 -114 132 -236 8 169 -109 -227 -73 -19 73 -122 -52 59 77 172 -238 76 -31 -168 21 97 -58 168 -182 -20 -13 -86 -171 135 63 210 -152 100 -188 142 -89 -84 -206 -90 -199 149 -196 190 49 42 -146 22 -29 203 -239 -185 -162 137 78 84 -247 157 60 
TEST 149 ARG:-174 -209 -164 -176 -20 -44 209 -40 -162 240 -138 5 -156 111 -13 63 -233 -196 66 -43 -36 -169 141 -91 -165 -95 234 -210 237 -171 -205 -110 68 93 -58 165 133 210 97 230 -236 181 -168 -145 -81 -63 96 -100 37 -194 94 110 185 34 119 -178 9 164 70 -180 17 -182 32 123 11 -94 126 195 -232 14 -219 46 -214 247 -102 147 -135 188 157 -118 102 232 38 134 -83 -38 47 200 -93 103 1 216 191 21 -115 30 -144 -21 -159 -142 -200 201 227 139 105 -49 -163 -133 -170 -23 113 76 -9 202 -86 -111 19 208 -130 205 239 -177 151 -199 -7 -51 -76 -226 212 246 -202 -97 -72 40 24 -109 243 225 -157 -90 50 44 -78 -27 -126 -247 13 170 10 -235 -141 -66 -37 -32 51 -68 -231 -108 -243 -60 -234 71 -160 36 4 56 -128 -112 158 -175 -129 -39 145 -245 -88 -136 92 154 197 238 -47 -67 31 -155 -201 160 -146 -17 -5 149 16 -28 -250 -96 89 45 190 -65 20 29 -1 -29 242 -241 248 95 98 174 -52 -188 83 229 -45 -113 187 -107 -197 41 15 159 -64 166 -71 117 -48 203 6 86 -152 58 -92 222 196 -206 -30 7 176 -117 25 -151 -166 131 128 -116 -120 54 167 136 12 231 144 132 116 -238 -125 184 -127 61 -15 -150 -239 67 220 -230 155 -143 108 -73 -80 121 106 182 55 226 180 -203 -211 153 183 -101 -184 143 -228 -69 -98 -4 80 84 161 122 152 -18 -8 -11 -187 -75 49 249 3 8 39 138 221 115 -3 109 85 -179 172 90 129 -224 -104 -99 -53 48 -223 135 189 150 -103 35 53 -218 -56 -244 81 241 -185 -140 0 178 179 65 -137 -82 -114 194 -167 175 198 -186 -139 -79 -41 107 -33 163 -149 156 171 218 -19 -14 72 26 99 124 -106 162 -124 233 -181 78 -35 -208 -25 146 -24 -105 77 -147 -84 130 -26 -131 22 244 -16 62 69 -242 -61 -6 104 -213 -70 217 -212 -225 -249 -34 -158 127 -217 59 -193 -89 60 23 -57 223 28 204 -204 142 -10 245 -62 -216 -2 -195 -248 79 100 199 74 -132 73 213 18 -54 236 -77 33 -237 169 -22 140 75 168 -240 -190 -215 -191 91 64 52 -183 -189 173 -122 224 118 -153 -134 -227 -59 112 125 -148 207 57 -12 -50 228 206 -55 42 -207 177 -42 235 -220 88 -229 148 137 -87 -46 211 -121 -85 -31 101 -222 192 -173 43 214 -123 87 120 -221 2 193 -172 -246 186 215 -154 -161 82 -119 27 114 -192 -74 219 -198 
TEST 150 ARG:-179 -175 -138 121 -103 -102 -239 -76 -5 142 -148 176 224 84 -210 24 -129 194 -134 124 82 79 -151 75 -204 -53 -99 93 -62 -121 -89 53 227 -146 6 186 -177 -84 -187 -97 199 214 -166 -16 -106 -11 213 112 36 80 151 -6 -182 -165 -247 -29 206 160 -86 -219 -235 168 147 -207 -141 50 -236 97 -128 72 140 30 1 -203 195 66 -35 133 -75 -77 239 230 191 15 70 201 189 67 46 4 -30 215 -60 -18 38 138 225 111 -162 106 91 -22 145 193 94 -185 122 -198 -58 62 -120 -172 73 -104 158 -8 85 -39 -225 -113 35 -206 -81 120 -57 -150 -232 -2 146 20 99 -116 -123 -144 34 64 240 -63 -154 249 -119 234 223 -217 203 218 -96 -107 -101 245 -24 55 115 126 68 -214 153 184 -43 136 41 -51 134 -176 233 107 -54 190 -93 90 -12 -241 -68 -10 -230 59 49 155 -14 -188 144 -70 141 175 -17 92 33 -91 -191 157 185 95 198 -78 129 208 -140 -4 192 -193 88 -227 229 -44 -222 -171 118 -245 -229 210 -105 76 -174 -178 -56 16 39 -31 123 -243 -155 -126 101 109 -85 -21 -223 -109 43 27 117 7 -92 -82 -59 54 -34 196 -212 61 -61 -72 130 110 -145 52 167 173 -167 31 125 -183 -111 47 19 37 209 -47 17 247 154 -160 -36 -205 -65 -27 217 -173 105 87 -132 -226 89 -208 183 248 13 108 -248 114 -249 241 -215 22 113 74 -224 243 128 -110 -130 -186 -108 -64 -200 -66 -180 -90 205 -170 178 65 0 -135 -163 11 23 -48 -124 174 152 -9 -73 169 180 188 207 -3 -168 211 235 -55 -79 181 156 -192 171 -218 -189 -152 -94 -69 -33 -127 -137 10 216 45 166 -246 -238 12 131 -52 150 58 162 244 -115 -202 -133 148 172 237 -88 -242 57 231 -194 -197 -220 -38 96 -153 163 -164 98 29 -87 -244 -196 -28 42 -169 40 86 137 2 81 200 -40 132 164 -159 -67 83 77 18 161 -131 -49 -158 -231 116 -41 -74 71 -26 -156 177 -13 -228 8 202 48 119 197 242 222 -199 -23 226 -46 25 -143 60 -1 -139 232 -112 204 -157 149 -136 135 103 44 -149 -190 -118 182 -80 -201 170 -114 -100 -250 -7 -122 -142 32 220 -209 63 -15 56 51 -211 -237 -37 -20 3 179 -240 139 9 127 228 -98 -32 -117 -233 212 -213 219 28 -195 14 -83 -42 -45 -181 -125 -19 -216 -147 -50 221 100 102 78 -161 159 236 104 -95 5 -234 21 165 -71 143 187 -221 238 -184 26 69 -25 246 
TEST 151 ARG:-151 20 -33 -195 -62 179 235 54 -99 118 -210 -158 180 -223 13 84 143 216 157 -171 87 -135 -215 -150 96 76 134 146 15 -48 -8 -232 -250 -107 104 77 9 145 183 16 102 -218 -230 -114 158 101 229 -49 -207 59 -217 -47 -129 70 33 222 161 244 30 -80 -189 209 80 141 191 -234 90 231 -161 194 -5 29 -95 224 208 -11 210 -123 14 11 -226 0 154 -12 -79 243 199 72 149 196 8 88 -239 -238 -209 -205 -71 -187 4 237 -137 -142 116 -112 -242 247 -36 218 -57 -220 -92 -39 220 35 52 -78 31 95 97 -228 245 192 -184 19 -28 -102 -44 117 225 -139 -46 204 -45 -159 93 -213 79 114 131 -166 81 56 240 153 -32 -103 -6 -237 -208 68 32 -4 211 193 -200 -231 -165 83 -175 -201 34 -125 151 195 -240 61 246 40 -38 -221 92 7 171 -219 -100 159 -1 105 45 198 -186 -34 -134 112 234 22 -60 -75 -198 -236 -132 -115 63 -174 168 200 -22 140 -140 -243 -23 -2 67 -42 -29 -9 -74 75 6 189 -10 169 -128 43 94 -117 -133 103 156 186 60 -177 121 -212 -26 -68 133 -138 215 -81 -101 17 188 66 221 207 -127 -30 203 -25 152 -110 -52 126 27 62 107 64 177 41 -90 -82 91 -197 86 -121 125 -190 -154 172 -202 -58 -53 142 89 -106 175 -155 166 -83 -119 -104 185 -61 122 162 -118 3 110 -214 130 -188 -113 -76 -31 -229 -105 -172 65 -72 -67 109 212 -206 -225 -156 -216 239 2 85 -178 -14 165 -69 -73 123 -108 24 -84 -94 -41 -196 53 -65 100 82 219 51 -93 21 -13 190 74 174 46 120 137 -63 184 -183 139 227 26 -55 -247 -168 58 -50 42 -7 164 -77 -19 -233 181 124 182 228 -203 12 232 -167 -169 -182 38 242 73 214 -86 206 178 98 -59 -17 113 55 176 -181 217 18 167 -249 -173 248 106 -15 37 -116 -211 49 -193 -136 173 111 -143 44 -56 -248 -164 226 -120 23 -20 -224 135 236 -70 -35 -162 -109 -199 78 -141 -131 -122 99 238 -64 -98 -37 -148 25 249 -51 170 -21 -241 -170 -245 -96 148 -40 136 -85 5 187 -149 197 132 213 223 -146 201 -24 -194 119 129 69 155 -227 241 -235 50 230 -91 144 10 -111 -160 205 -179 28 -192 -157 -152 36 202 -54 -176 47 -97 -89 115 -16 -124 48 127 -43 -191 160 -147 -88 -144 -153 -180 -244 150 -3 108 57 -222 39 -18 163 -246 71 -185 -66 147 -27 -204 128 -163 -126 -130 138 -145 -87 1 233 
TEST 152 ARG:151 -131 43 -130 -90 -32 91 -171 126 -207 -69 -226 -72 113 -214 247 -21 244 -114 -19 74 -57 -220 11 20 -125 -80 161 137 -187 -24 -66 -205 -76 -148 15 -5 -177 38 -37 210 -189 145 -53 196 224 -231 26 -107 231 -22 -160 117 -62 -174 162 243 36 -34 181 -225 190 -45 106 -94 -112 -202 -248 76 -192 223 93 -186 -15 45 -12 -250 -126 9 -165 138 -59 77 -142 -227 130 92 -47 71 172 -99 -9 239 -245 123 80 18 -201 133 -123 155 -183 -65 -26 -103 12 72 134 122 0 -223 -141 -28 -129 -71 -68 -238 100 -3 184 124 237 226 -1 -97 -143 -216 109 50 214 177 -133 47 -232 2 -102 -200 -149 114 -31 104 -63 142 178 -145 -20 189 213 229 63 -219 -172 -158 -105 -30 194 30 147 -50 -228 183 -91 -120 -138 -163 102 -127 -128 25 -101 191 -224 41 -167 89 143 131 -198 140 22 235 99 35 -175 101 -166 215 -168 13 185 -176 132 78 -49 166 -58 221 7 -13 44 165 -242 90 201 220 81 -233 -144 -178 -180 48 66 -124 207 240 225 227 52 -116 83 204 56 -108 -14 -134 188 75 1 218 -170 -146 149 179 87 154 -239 -51 234 -44 136 152 -78 -40 159 -162 241 216 -135 -217 -18 173 -185 -89 -161 16 186 -88 245 157 -208 -54 -93 -100 -60 -115 -39 248 -36 65 -46 40 29 -155 -96 249 160 -82 171 96 -140 116 -203 19 -55 -121 -215 64 -16 67 156 -73 -64 -154 -211 107 -147 14 -195 60 153 -7 -11 119 168 8 -111 200 -181 -152 -212 -139 198 170 62 195 -77 -184 120 246 -132 -67 85 -74 111 174 -210 144 103 68 -48 -85 -41 203 180 -56 6 128 -164 24 10 164 212 219 70 -42 95 -190 -221 57 58 54 -237 192 176 233 -235 -241 -17 94 -110 -229 -95 39 -61 49 118 -118 -106 -52 197 205 97 175 -23 59 17 -199 -70 206 110 139 -243 -244 129 -10 -179 202 82 141 193 -27 -33 -191 -35 51 242 -196 -159 115 228 31 88 -169 108 169 -119 32 158 -150 167 -43 -2 -247 -193 -29 150 230 79 -157 -84 148 -213 -151 222 -230 -92 -38 -182 27 4 86 -209 69 -86 -87 135 5 -246 -240 -249 -234 -156 112 -6 236 53 46 61 199 37 -109 211 -137 238 98 -83 -197 -104 182 125 -8 34 3 -173 187 21 -4 146 23 -79 -25 -188 -218 -204 28 55 127 -206 33 121 42 -122 -75 -136 -81 -222 209 217 73 -117 -194 -236 208 -98 -113 -153 84 232 163 105 
TEST 153 ARG:90 27 -26 89 210 -209 -30 -153 139 211 -208 -172 -192 13 -141 137 159 -74 -207 -242 -8 125 156 84 -77 72 -222 -34 209 24 -96 -75 55 10 206 -116 -171 194 39 -29 -87 -104 -237 76 165 -25 -246 -17 -6 -244 -113 132 -221 50 -59 -33 -152 53 -106 48 225 176 -204 102 196 -224 164 232 -42 124 -103 -176 -86 86 107 188 -99 198 -225 -118 -199 73 157 127 175 14 47 -139 223 167 21 -9 105 -170 11 -76 33 -217 36 -227 -115 -3 114 -215 -73 52 -212 117 187 -211 -68 -239 138 -250 -202 -169 26 161 -48 0 -124 77 -218 178 -98 96 202 -45 -179 129 -37 108 -230 245 -166 140 -191 219 230 74 15 -57 -165 -131 -35 -69 67 -200 218 -85 -198 -10 25 58 204 190 -134 -7 -177 213 -243 68 203 208 63 -84 -71 -188 126 128 242 -32 22 -147 246 142 51 109 155 174 -154 131 5 106 61 -184 189 177 12 -92 -213 -66 -1 30 43 31 29 -39 -178 -201 -126 181 -72 217 -173 -249 41 149 150 85 -81 -88 19 237 -97 -20 -22 -163 -93 -195 -60 -196 -52 249 244 83 153 -127 -245 168 226 221 60 -135 205 -136 162 -187 130 -236 236 229 -82 -11 3 -155 20 75 -114 93 116 -247 215 -31 160 -168 -50 80 191 -174 148 -105 -94 169 -248 -83 -175 66 171 -229 -125 -190 -130 -2 186 158 -128 -49 -137 -146 -220 -234 87 -38 -231 151 -143 166 18 -132 -79 -101 -167 -111 -122 -91 -223 -183 -216 -28 -164 122 -144 -62 -51 -150 -61 -157 135 45 8 152 -78 243 71 94 212 54 -194 113 -120 -156 -24 -36 49 -5 -186 -58 -210 -46 -193 -100 44 -181 227 -138 -43 100 -19 -23 -117 -121 -89 -133 -47 224 -119 115 57 -54 247 -206 9 118 34 -44 -67 -161 121 -226 163 192 231 -90 92 -158 -14 -159 136 -55 -80 104 -102 -240 -232 79 111 180 -12 183 -142 -238 240 134 -180 -95 98 -214 -189 239 110 222 -40 16 37 64 101 -41 184 -16 -63 -15 207 -235 -241 46 82 -228 143 200 -109 56 69 28 172 -4 234 78 -219 179 173 88 -13 -162 -64 32 6 -182 241 38 -21 133 216 -197 99 4 65 -27 -148 97 197 -129 -205 7 147 -185 1 -123 154 42 35 248 17 -70 23 70 62 120 -233 59 238 233 103 112 199 -145 -107 -203 2 -56 170 193 40 144 -53 145 214 141 -160 146 91 195 123 220 -108 228 119 185 -110 -149 235 -140 81 182 201 -151 -18 95 -65 -112 
TEST 154 ARG:137 -98 45 -77 -217 -172 39 -125 179 211 242 -223 223 224 -175 6 170 123 -179 -157 -64 -102 -16 -123 140 107 155 -21 -250 -2 -120 -5 235 -6 82 -198 23 -40 -69 -139 86 212 95 -241 172 -167 -85 92 110 164 210 165 169 -226 69 -222 -54 243 -192 -83 -194 -141 206 51 -110 -46 180 -122 97 -13 118 189 37 58 -97 63 194 -35 -57 32 -232 -146 20 -133 177 -37 219 -208 -216 -71 -29 -155 71 -240 -204 -213 146 -137 153 244 204 134 181 -10 98 -30 -201 -247 -91 -112 -165 142 226 205 228 55 87 84 241 66 -89 -18 249 108 -144 112 184 -24 77 -185 34 248 101 -150 60 96 175 -27 -246 33 -147 167 -19 -219 -221 -78 56 -75 -33 47 127 -151 -28 178 64 -186 14 158 237 238 -224 234 -50 113 -81 174 213 145 -203 12 46 -107 -161 -12 -174 -129 227 200 89 119 232 -72 22 75 40 192 11 -231 131 -58 -184 -113 -106 -117 -1 -62 -138 31 -39 -8 159 -80 -181 -79 -238 -218 -211 -45 -53 128 2 52 36 -177 195 203 215 -193 26 -103 -84 99 -111 -119 -197 -171 -159 -243 -214 -73 -149 -195 201 -154 -156 -130 -124 -118 24 -38 91 150 136 59 222 -116 35 245 17 16 -32 9 -233 25 173 161 -31 -229 83 4 -164 156 -60 -67 190 7 120 61 247 138 -42 -244 139 214 187 -52 -196 -215 225 -239 -191 -145 0 240 85 29 130 -109 -11 -148 -63 207 -101 -200 -209 202 168 -76 15 -34 -108 -132 68 72 -135 -207 196 105 125 149 103 93 -48 57 -230 171 -189 -95 -163 8 -142 5 109 143 221 -182 154 236 -114 231 -3 233 -96 30 126 208 -7 76 133 100 176 246 -199 135 -90 -104 -43 -25 -143 41 106 199 65 197 3 -36 -22 -234 81 122 -94 10 183 80 -82 -170 -249 21 43 70 -140 -152 13 -47 147 67 117 157 -86 -183 182 -55 -242 -188 18 94 -178 152 -206 38 218 -14 -9 -236 73 -127 239 -70 -228 -26 121 -180 191 19 193 -92 -93 88 -51 -158 -225 -173 -166 50 -105 -4 28 -56 -49 -153 163 -59 -227 -134 114 -68 49 -202 -235 -99 198 42 -168 79 188 -87 -74 -190 185 -61 132 -66 -23 148 160 144 -128 -245 -212 53 -44 -169 -126 209 -131 104 -162 -17 44 166 -160 -237 115 -115 74 162 -88 48 129 -220 -248 -65 -41 230 -136 -210 102 217 54 -187 220 116 151 -176 90 216 -205 186 229 124 -20 -15 -100 27 -121 1 141 78 111 62 
TEST 155 ARG:91 69 -183 206 7 191 23 -65 136 167 171 -130 -62 159 76 -78 -12 -88 -73 -113 230 -47 -98 -38 243 114 1 -18 -197 -231 173 -37 -13 -33 5 213 -32 31 116 120 -211 -95 148 -31 -185 -56 -11 34 2 -15 -35 -25 63 -191 -145 48 126 197 -179 -208 -90 -114 -117 -209 117 155 214 -245 -168 53 -28 179 -54 -194 -53 -214 182 -171 45 -97 129 -36 25 -39 -7 -142 -106 162 -112 247 -165 -177 -154 172 -140 90 190 102 72 -184 -67 241 160 -115 -120 124 234 92 196 87 98 -81 -26 219 -92 -239 0 -157 -50 -225 -187 32 -240 169 -173 -238 228 62 -160 -236 -121 145 -221 33 236 215 -132 -136 166 70 55 67 225 -125 22 -104 -203 -164 135 65 -200 21 74 58 -116 61 131 118 -223 140 -134 -186 82 216 37 -218 35 245 -222 201 121 154 -180 -144 203 -70 -169 -188 10 -213 -175 113 -220 115 -17 -141 73 -146 -75 -149 -244 26 -9 -82 105 -152 14 -105 180 188 -139 -71 -100 78 43 -193 -110 -196 19 142 -57 -182 -20 104 4 84 52 184 -227 195 -29 71 -162 198 -219 -166 144 -68 -201 147 44 -24 178 -101 193 165 235 100 242 -16 56 189 -61 222 -43 174 -248 229 -234 -52 93 122 141 -41 226 -80 133 -249 -151 68 -229 -46 220 -44 9 36 -138 109 110 85 50 -76 83 218 -198 187 -215 111 246 -170 138 181 24 224 -204 143 40 152 139 -30 28 210 209 3 -131 -195 -123 -74 -42 -89 161 -159 80 -66 -163 -63 146 -85 -86 -34 -232 -55 -99 -167 -79 -118 49 -235 -51 231 158 -230 -96 -224 -206 -93 -129 -247 11 244 -226 -8 -156 -23 18 119 -153 77 79 249 -205 13 153 -77 -127 -6 -233 -242 38 47 170 -155 176 -207 29 41 163 75 185 -14 240 -216 112 -108 -189 -158 42 233 -19 94 -126 -10 217 16 -176 -148 20 57 -94 -107 237 -84 -109 200 -64 168 8 97 192 64 -60 -210 151 -119 -250 -174 17 149 227 -135 95 156 186 81 -4 30 194 -150 -103 -58 -72 -69 164 -83 86 106 205 150 -178 -1 -212 239 -48 60 157 -59 -102 177 -111 204 183 208 -91 -243 211 -192 -246 -181 59 108 -2 202 101 89 -124 -5 132 -147 221 -137 -161 -199 127 199 238 -190 -49 27 207 -143 -241 51 -87 -237 96 128 15 66 -22 -27 -40 54 -122 134 248 99 130 223 39 -45 -128 -202 212 46 125 103 12 107 -3 123 232 -133 6 175 -172 137 -217 -21 88 -228 
TEST 156 ARG:-57 115 -109 160 198 217 104 -61 186 -35 -22 -225 -177 200 112 196 -102 -163 205 139 243 -51 54 -84 151 -171 93 -136 -147 -2 -25 -18 -167 171 223 236 173 -187 -6 -29 -204 216 222 174 -245 128 86 -219 -202 66 25 -26 203 189 242 -151 162 -58 -166 -180 -146 177 166 -191 -152 -170 -143 96 43 -31 -183 -37 -8 -46 195 193 175 -205 -63 -210 245 -11 48 55 149 207 28 47 -207 248 -242 -117 -231 127 -39 -56 182 183 126 -103 172 -45 17 -138 -215 -234 95 -65 -85 -121 -192 -73 -185 247 -240 -181 71 60 119 120 190 44 134 79 214 -233 -173 224 87 -14 114 83 -72 65 -119 -13 8 26 -131 -201 208 45 -124 -94 101 226 -212 105 -134 5 102 78 -114 -30 211 -12 -112 -64 -105 -110 -229 68 -142 138 -79 210 -24 231 121 -193 202 -197 -95 -128 58 -5 -203 62 -137 -42 -120 -41 98 107 9 12 10 159 163 16 64 73 -67 212 -172 -32 146 -230 179 150 180 -174 -40 -86 53 -132 -179 108 67 4 -153 -150 109 89 194 141 -226 -75 -227 -38 -77 164 -99 -27 56 -10 140 147 -97 41 77 110 -156 -196 132 13 -194 -218 82 221 40 -238 -148 69 50 46 192 -235 -223 -248 -129 218 228 -111 -17 -93 -66 75 103 63 -43 7 -250 -130 37 -69 117 229 209 -15 85 239 -76 80 90 -164 -53 145 52 -7 -199 -78 -168 76 -161 230 38 35 -107 -82 -216 -206 -154 -140 -221 39 -96 2 19 42 23 -190 152 -90 -157 -224 14 181 32 153 -237 -60 -178 241 -91 -68 -92 135 -214 176 144 -88 -70 -1 -135 -162 227 -220 -33 92 31 -155 27 148 -44 -50 129 232 -125 154 219 -28 94 -184 233 -208 -144 72 -16 238 -113 111 -160 131 34 -189 -100 -188 36 91 187 22 -211 -52 99 -200 125 -209 118 197 -115 123 157 18 -81 1 -21 -213 -83 81 33 -118 74 0 -9 -246 -23 -98 185 -165 88 178 -59 244 6 -104 -228 -49 -101 -176 -158 21 234 204 -182 -36 142 29 -127 -34 -247 -80 -106 -74 237 156 -47 -116 188 168 249 -133 124 201 -186 24 11 -48 215 -198 57 170 61 -241 184 49 3 136 -236 -239 235 240 -139 -243 199 -71 113 -62 -159 -195 -123 -122 169 15 -3 161 -108 246 -222 143 213 -4 106 130 -141 191 -87 -19 158 122 20 -249 59 -169 -244 -54 51 165 -175 30 -217 -20 -232 133 -55 -89 155 84 -149 167 206 -126 225 100 97 -145 220 70 116 137 
TEST 157 ARG:92 141 3 -25 -89 68 -21 173 -81 37 -159 207 -196 7 -234 -151 144 -171 11 -166 -165 -241 21 -250 -168 -224 -31 -249 65 124 -112 232 246 143 100 110 -14 -100 211 -20 -26 155 196 234 -173 166 -133 -34 47 135 -124 -125 -144 26 -214 89 -94 -188 139 142 54 -53 98 192 -217 147 113 -15 42 -194 -37 44 -146 -130 115 70 -131 205 -197 -207 -50 32 55 221 109 50 -69 -85 81 -10 107 -79 225 -17 -199 206 152 -157 -80 202 -127 -16 -138 -105 165 66 238 131 -163 59 198 239 -117 184 -215 -227 -184 4 104 128 162 145 195 -222 94 17 -118 240 105 41 80 46 208 156 106 -216 -238 199 -7 -106 170 -3 -236 -93 53 -83 -206 -1 99 56 -204 146 130 123 72 -122 176 153 -232 -46 224 137 -66 -60 -200 -152 169 35 -72 242 191 -169 -245 -221 -36 -87 112 222 -9 157 132 -97 -137 -192 161 73 13 12 -40 22 178 -195 -73 -32 63 186 39 -61 -68 18 -35 -143 129 -142 79 93 10 127 219 229 174 -84 23 -147 -161 -219 -95 91 -175 -90 40 -123 175 108 -56 76 249 -115 120 -11 -22 213 -237 9 -213 -70 180 -230 57 -240 -27 231 118 87 -201 -174 -164 -210 -218 -5 -29 218 179 -30 -225 -134 24 200 -4 -209 -120 163 -135 -44 -38 96 203 -156 -150 177 -63 193 -126 -45 -220 133 -78 -102 102 25 154 -162 -121 -202 -52 194 29 -179 201 -65 69 -160 -42 -239 -203 -59 78 -101 134 189 97 -242 119 245 171 190 -189 51 6 52 62 58 227 -247 214 -6 -92 -170 228 95 -185 247 187 -48 183 -41 8 -91 2 84 -82 -51 -103 -86 5 61 -55 -54 -235 82 64 217 126 -148 33 -154 237 34 111 101 -57 216 77 -2 -13 38 136 -88 168 -98 210 74 -12 158 103 148 -193 -128 27 -119 160 -8 -24 233 -19 -67 220 -244 -96 -248 -76 15 212 185 -190 236 -208 -28 181 30 20 -141 -212 -77 235 86 -64 -198 -108 -18 226 248 -178 85 -205 19 204 -176 117 -183 151 -149 -113 -246 -172 -39 45 36 -75 -104 121 -71 -223 116 243 -110 -62 71 -180 67 14 241 188 150 209 -182 230 159 -187 -186 223 -74 244 -145 -49 60 88 -211 -226 43 -99 149 -228 -58 48 -132 -23 164 215 -231 0 -243 -114 122 28 -139 -177 49 182 -140 125 75 140 -107 -33 -167 -136 -43 -155 -191 167 83 -233 -109 -158 138 90 -153 31 -229 197 1 172 -111 16 114 -129 -181 -116 -47 
TEST 158 ARG:244 -104 216 -230 -144 206 36 -2 -21 15 -210 -216 -246 -13 19 -142 20 198 133 -173 -99 -168 -1 -66 -47 74 -28 -184 -107 18 106 213 -44 6 -79 94 -250 154 105 8 226 -24 150 -98 -192 -153 -238 176 191 -15 188 223 -11 -148 7 144 -237 -133 -43 62 -145 173 -108 -182 204 86 184 -228 228 -64 201 24 136 -186 208 224 70 -151 167 -90 230 -14 -188 12 143 -131 148 -102 -202 104 166 192 47 164 -212 -172 96 140 245 85 -25 -234 220 73 55 -147 -235 -30 89 64 44 -40 -65 109 71 -112 56 80 11 77 -171 -163 -180 129 -198 -10 -16 163 -218 -100 -71 -205 -12 9 147 -34 175 -140 -166 -117 126 162 132 -8 -135 179 -61 -245 121 67 41 21 -6 187 -203 242 37 -22 -200 156 57 -159 -32 -157 211 -31 -240 199 -208 -9 -111 -51 -232 215 -190 58 177 186 -74 -236 -191 -139 -123 61 25 -118 52 -101 124 -121 100 -4 60 -122 235 -150 84 5 -105 -214 72 185 157 -75 2 -95 83 221 229 -53 0 93 -244 -169 194 -126 130 53 -70 -94 202 -56 238 30 92 233 158 -3 -217 -92 -223 91 42 118 -59 66 240 -201 90 -164 -57 131 -124 -42 -54 27 -19 155 32 29 -178 196 112 209 59 -156 108 16 54 111 -116 -60 34 115 -243 207 200 -52 237 -55 -120 -109 217 128 -221 -27 22 -193 142 120 -196 -207 49 -72 -36 222 17 43 -125 51 -20 -119 68 -127 63 -26 -152 1 -110 -83 26 -146 38 99 -38 50 138 239 -129 -199 -167 -215 169 3 -134 127 -7 117 -219 -33 218 88 -213 -242 -23 -86 205 -143 -155 -128 -35 219 -165 78 -175 174 -176 -96 -97 107 236 -239 102 -231 -46 125 -62 249 195 87 98 -249 214 -141 -50 10 -76 -220 13 210 -103 45 -113 -91 -58 39 -114 146 113 -68 -136 -138 -106 -204 69 -41 181 -149 160 -84 40 -195 135 4 -197 -49 -87 -227 -69 246 -233 180 172 -211 -161 -162 116 76 -224 79 95 -170 168 -209 -67 170 -226 -177 241 119 -248 101 75 103 139 -158 -154 182 -194 -137 -48 183 -206 141 114 35 197 161 23 123 48 -17 151 -189 -88 81 178 137 14 212 -5 -78 -77 31 227 -81 -179 -39 248 -115 -80 165 -37 -187 203 -229 -185 -241 122 225 153 231 247 -29 193 -225 46 -181 -183 190 -45 243 28 159 -18 152 65 -85 -160 33 -174 189 110 -247 171 82 -73 -89 -63 134 234 -222 -130 97 -93 232 145 -82 149 -132 
TEST 159 ARG:42 -148 204 -191 165 -13 -133 54 8 166 242 -76 -53 41 -68 -40 -211 80 -243 -157 113 -21 37 222 -52 -126 88 146 102 -128 167 92 -195 -213 -180 213 52 -158 -120 183 -46 109 -114 -232 -98 -88 176 -131 -82 135 101 -57 -194 -26 60 105 161 -168 -94 57 211 -185 -27 86 -241 112 64 -204 140 -34 210 -66 -236 84 228 -97 -101 -233 -216 -36 -245 -11 53 -132 175 90 -165 -140 247 99 3 133 -4 -77 35 32 -38 114 -248 184 238 -110 49 -159 -75 70 -83 226 -105 115 12 -145 -112 173 206 134 -226 -174 160 -137 208 -184 154 -86 55 -106 94 -51 -125 -54 -8 -188 148 -222 -49 -16 -93 158 -135 -155 -200 17 -141 136 -32 -209 -115 205 97 9 207 21 -181 142 119 -220 -30 225 234 71 233 47 141 144 168 220 68 -139 -31 182 96 -223 -208 151 43 -210 -238 -143 2 229 -67 -108 231 -122 44 34 116 139 187 -153 39 -235 -119 217 131 -202 -179 83 -33 -103 -9 -24 -183 -193 59 -25 106 179 -163 19 -92 241 -59 13 188 163 -55 174 -116 56 -175 190 -2 -44 98 -160 202 -91 24 121 156 -123 -69 195 25 -149 -89 1 30 -182 -20 -187 -161 230 -152 -87 18 232 -250 243 -176 -196 33 -121 223 209 -10 236 -100 36 -205 -14 150 -166 -189 104 -117 23 -215 76 177 -207 -80 118 -7 -244 -247 -173 -1 95 218 221 40 63 -136 107 108 -246 172 -225 -43 237 128 -144 27 -47 -229 58 198 22 -203 219 170 51 -240 159 78 -249 180 -217 186 -154 -84 -58 -230 -118 132 -130 124 -96 -22 185 26 -111 100 -71 -214 164 29 -178 -134 143 171 -79 77 75 -109 155 28 149 -199 224 153 -206 -197 -239 193 20 -198 147 -28 4 -231 -61 -171 -19 -17 -142 191 -42 48 -5 127 -35 227 89 203 61 -186 103 215 -124 137 111 162 10 -190 246 125 -138 240 -167 -23 -62 235 -172 248 46 200 214 62 196 15 5 -60 -29 87 192 -129 201 249 -90 -39 31 -81 138 7 -219 -63 66 -162 -228 14 -147 197 -6 245 -78 -45 199 -41 -70 -15 67 11 145 -224 212 178 -107 73 110 -95 6 -150 91 -56 -170 -192 194 -146 126 120 -72 81 -37 244 -212 -164 -113 181 117 0 79 -85 82 -218 122 38 74 -48 129 -221 -74 65 -65 169 50 93 -227 -12 157 69 -177 -234 -102 239 -73 -18 45 123 -50 -127 -156 -237 -99 216 -151 152 -64 72 -104 -3 -242 130 16 -201 85 -169 189 
TEST 160 ARG:217 156 -222 225 5 102 -115 -31 144 36 110 139 -47 -177 -167 248 49 -89 246 -224 -232 86 42 198 -119 123 12 -130 213 -187 25 34 181 -227 -19 233 69 -3 95 129 -176 -49 209 -40 55 -79 179 169 171 -179 -127 -193 32 -14 43 -157 45 -152 107 7 -228 15 199 -108 202 29 41 -65 79 149 230 -234 53 -116 61 -202 -185 99 158 -134 -174 204 -156 -170 -200 176 -68 121 -102 -73 -4 -212 136 10 117 -162 173 66 -158 38 195 -10 126 226 185 9 -51 240 224 -164 -60 -169 -135 -76 135 -83 100 40 160 -139 -237 92 -95 -11 -191 147 -125 164 -160 167 16 105 -201 81 -112 241 -207 -120 -44 214 190 11 243 194 183 -56 114 -231 -218 221 -7 232 166 23 -241 205 -58 142 227 88 -91 65 104 64 -118 -121 188 -70 47 200 -34 -110 -107 44 82 -87 94 22 54 -250 -204 -235 -128 -63 138 -140 -249 -161 236 182 170 234 -16 174 119 8 -189 163 -71 -208 -229 4 -59 157 244 -215 106 239 -88 1 159 -133 -198 153 -129 3 223 -213 -22 247 -145 215 -101 93 193 189 37 152 -244 -57 -32 228 -165 75 -136 62 -5 -12 -172 -18 -29 172 165 -77 -138 74 70 -80 -159 85 187 192 87 140 21 -117 -221 115 113 -132 -166 -163 203 48 -123 -26 63 -21 -23 -111 -43 -6 -155 -50 222 -72 184 -67 20 -150 132 39 17 -219 -24 242 -233 -37 146 118 111 -245 137 -238 197 145 -195 196 46 14 211 -142 -2 -206 -226 -48 112 -39 -66 154 -113 238 -173 229 -20 134 216 89 -240 -27 -93 212 -104 219 -242 207 71 122 -217 -78 141 -131 -33 237 -178 -54 51 -148 245 109 33 -247 -182 155 77 -25 -203 -13 235 -184 -146 60 -188 -103 150 -99 59 -8 -216 52 -36 220 175 97 -61 161 -230 56 -190 -62 -35 -144 151 -211 186 -180 -30 124 -1 -194 125 177 73 -45 -9 -81 84 -143 50 -223 128 -53 -97 -137 120 -196 -17 -243 24 -186 76 178 -90 31 208 -153 -124 131 83 -214 -210 30 68 27 6 127 133 -225 -192 -52 168 231 58 28 -122 35 98 -236 -239 96 -147 -75 -64 -154 91 -105 80 78 180 103 249 -149 -74 57 101 -82 67 -41 162 -98 116 148 13 -181 -171 -151 -86 -38 108 -15 -94 -85 -246 -220 2 143 218 -168 191 -55 0 72 -205 -126 210 -114 -175 -209 -69 -197 -28 90 19 -92 201 130 -100 -141 -42 -248 206 -109 -106 -84 -183 26 18 -199 -96 -46 
TEST 161 ARG:171 164 -81 187 -123 -211 -233 -134 -222 -179 242 -148 -20 75 150 -136 42 -83 -62 145 240 26 -95 62 205 -78 29 -198 -220 232 248 125 -197 -208 181 -210 -158 -193 12 90 196 -58 -14 -51 -204 148 -224 33 178 159 126 221 59 -75 -162 -12 162 -217 -3 -37 78 103 -60 142 46 -97 -124 101 -156 79 -226 -147 177 55 40 -96 -111 -76 135 58 -84 129 100 140 188 239 -212 102 -192 -187 -16 241 -149 -46 60 87 123 137 49 -77 -85 -213 193 -152 201 120 -104 -184 173 108 -249 -195 141 -180 237 -137 180 106 204 -101 222 16 -108 166 -82 -168 54 111 14 -31 -114 -21 191 -143 96 219 -126 45 -142 88 208 -35 3 -112 1 -202 197 89 -107 -165 155 -164 -103 235 8 -199 34 149 -232 183 -219 81 95 -129 -163 124 -65 -41 4 -70 186 199 -43 -5 84 -228 179 13 -155 121 57 -33 -176 56 97 -173 153 209 245 -72 -245 174 -221 210 68 -188 82 -154 2 70 122 36 146 -216 -102 11 113 -236 225 207 130 -73 213 -45 -64 -174 117 66 63 -67 -32 -118 198 -18 190 -80 -205 143 -57 -133 158 -17 -231 246 -200 -66 212 -194 10 -215 147 152 -239 99 44 -86 -40 77 43 -28 -27 110 -206 -175 -29 -190 -138 -19 -22 244 -4 -241 -39 -93 -248 -68 -100 138 -56 76 73 112 -59 -36 223 31 -130 234 236 243 -203 214 -144 -196 71 93 -9 -146 195 -189 189 -105 220 109 115 211 -122 -8 119 -119 154 -63 -127 37 65 -169 249 0 32 -117 -246 -191 -98 -34 67 -178 132 -47 247 226 -235 -161 -89 -52 -243 -230 -1 215 -92 -145 224 184 -121 169 156 -94 -151 -11 85 6 176 104 -170 170 -48 127 52 -15 217 233 64 -150 118 -240 -113 -55 21 230 -172 160 216 -61 116 80 -167 -116 165 -74 39 -2 228 -201 192 -25 227 -38 -157 83 72 -115 -125 -79 -186 -140 74 -42 -209 -44 17 194 136 -181 -49 -214 -225 98 9 -183 128 206 151 51 24 -229 -90 172 48 -218 161 -120 -177 -30 185 27 -6 229 -234 -166 47 35 -10 -91 94 91 -131 -139 238 -159 231 -69 -244 105 203 -132 -128 131 175 5 200 20 218 -23 61 168 -54 38 134 157 -227 -13 -247 7 25 -207 -141 92 18 144 -185 133 22 -26 50 -110 -109 19 -99 -135 163 30 86 -53 -238 -71 53 107 182 -242 -50 -87 -88 -237 69 167 -7 -24 -182 -250 -106 28 139 -223 41 -171 114 202 -153 15 -160 23 
TEST 162 ARG:-35 -240 -1 81 -197 4 63 -189 14 84 -40 -248 187 150 207 -175 -23 -125 119 -172 -104 5 -37 116 -28 70 -97 202 -15 -161 -26 -119 -51 -131 -170 79 33 210 58 -216 90 170 184 102 -213 124 -247 -176 -149 133 -136 -215 236 87 13 -39 -63 95 -21 -42 164 -74 39 -154 130 -82 -27 35 120 127 -50 -146 218 -241 224 51 42 -145 123 113 27 107 54 -116 195 115 -85 128 183 122 191 239 -221 -87 230 -127 21 -94 154 151 -9 -78 -86 -77 114 -192 249 144 -114 30 193 26 -139 -220 242 -123 -226 142 76 159 -105 9 -98 104 219 -147 174 -177 -54 -140 -128 64 49 245 -113 -164 222 -7 168 -2 -52 -129 -120 136 -84 205 175 163 92 -29 -174 -157 -31 74 111 -196 -19 -55 137 211 -12 -101 24 -155 47 -72 -208 -168 93 229 -224 62 89 105 -33 -14 206 216 -109 -24 -102 15 -225 -75 55 109 96 -158 -99 -179 1 125 -134 182 248 -111 40 -130 -167 215 -231 59 10 -95 197 200 8 192 25 46 2 -187 32 -79 162 185 12 99 -45 117 186 141 41 220 -153 126 97 112 61 -41 -142 131 198 -222 177 -115 -32 139 -171 72 -165 -203 -148 -91 -198 -207 -71 -67 176 44 235 -227 -69 -83 -43 247 -18 -246 -117 -206 204 149 11 53 188 31 -65 67 -58 -166 189 -141 -126 -195 244 -191 -68 23 -210 -185 132 -57 194 100 172 43 -46 243 78 -92 135 -48 -64 -201 118 71 85 -56 238 -237 -138 -186 -151 -212 -235 -107 19 38 -228 -44 17 69 -181 -219 121 134 167 129 -17 165 -3 -193 221 -135 147 57 -36 -38 -209 -100 199 -70 -239 -144 -81 73 228 -152 246 -202 237 -217 -110 -232 -25 20 208 83 7 -200 -20 48 -223 -112 -250 -90 -80 0 -93 -89 -205 77 155 -61 110 234 -160 -194 143 -150 -162 225 82 -169 -47 37 -156 88 233 -242 -13 60 166 140 -163 -4 -230 -122 158 -22 231 -184 108 -10 66 75 145 -133 -76 241 3 153 22 56 -137 -121 -60 29 -245 201 80 -234 -106 65 68 -59 -204 -132 91 213 18 28 161 178 203 217 -53 -183 160 226 -159 94 -124 -5 -178 -11 240 -66 36 -236 6 -103 98 -182 -8 -188 -62 -199 34 -96 157 -190 152 -211 227 -16 171 -143 86 -214 -180 173 146 -88 169 180 -249 181 148 52 232 196 -30 156 101 -73 -229 -49 179 -108 50 106 -6 190 212 -173 138 -244 -243 103 223 16 -118 -218 -238 45 -233 214 -34 209 
TEST 163 ARG:119 -50 58 203 -195 186 -53 -125 62 -17 116 220 230 -160 86 -62 -216 -193 114 227 -47 208 130 -85 1 176 -238 51 -27 -7 168 -70 179 -111 -126 177 209 173 -224 64 -148 22 -26 80 -180 67 -15 38 241 -110 -116 106 -185 -170 50 -117 66 -122 240 -106 13 97 216 -176 -5 102 174 -65 -88 0 -189 -215 43 -211 -123 -220 239 -90 205 30 151 -81 -150 46 141 -24 145 -221 90 -36 4 -155 -179 -12 -168 18 226 -156 204 12 -245 -42 -40 222 -248 -197 -202 -136 -86 212 24 -2 138 98 29 -152 72 -124 -187 136 61 -190 -67 149 213 -23 -161 -219 236 -214 -250 -141 140 -138 104 60 -201 142 238 137 -22 -174 117 68 -228 -177 -166 99 -91 -34 103 41 189 -75 -113 115 -241 200 -231 -56 -207 16 -19 -31 -237 -236 143 82 -3 195 -171 -132 224 144 91 -52 5 -192 27 20 134 39 -240 109 93 -222 -115 -239 128 26 48 -243 -80 231 229 -45 45 112 -10 -35 193 -114 25 154 -147 139 71 170 244 -206 153 -39 131 37 -175 -38 -144 47 -69 160 108 -182 -249 158 -57 -28 247 -204 -37 -120 -43 -212 52 3 217 148 164 32 198 167 -199 -134 11 96 -154 246 -139 74 133 65 223 -107 -127 120 -164 185 169 -84 -51 -32 171 245 87 235 -151 59 118 -181 -140 7 69 -169 -104 35 -178 -79 123 -226 146 -225 36 172 31 -60 161 -235 -210 92 192 -58 -18 -71 232 -223 218 49 -20 44 -76 -63 -46 83 159 57 -246 -128 -194 -173 53 243 233 157 33 155 -217 -213 -143 -130 127 -244 -146 -145 -203 84 211 79 -49 -98 95 -97 89 182 -94 -14 183 -108 -82 -184 -191 -230 -200 -89 110 187 124 242 -167 -119 228 -227 19 -61 78 -142 21 28 -29 -112 237 -54 10 225 -87 249 184 34 -99 75 -73 85 17 210 14 42 -41 -1 -233 76 -162 -92 -101 100 2 135 -8 -218 147 234 -72 15 -103 63 -100 175 -129 178 -66 -118 -188 166 -208 122 -121 -247 113 -109 -48 77 -25 -135 -133 -153 -6 105 -131 81 -163 132 126 -165 107 129 -183 -55 9 8 56 -44 194 -4 -74 -158 152 -68 -159 70 -105 -234 180 -209 191 219 -186 214 163 111 125 215 -11 206 -83 -229 150 -78 -149 101 -172 55 201 -21 -59 202 54 -137 221 190 6 -33 40 94 -13 -77 -205 -198 -102 207 -96 162 -93 -30 248 199 -95 181 -242 197 -232 -16 -64 156 73 196 165 188 -157 121 23 88 -9 -196 
TEST 164 ARG:-129 114 17 70 -160 -172 -240 208 1 163 -58 -188 -158 102 237 224 -36 9 118 -190 -85 -9 -134 -108 98 194 -215 141 -132 246 -234 -136 47 179 10 -61 37 -166 -191 -239 -187 -6 212 -32 33 108 27 -221 132 -149 -227 232 82 209 57 211 -113 26 244 -146 60 -35 71 100 -63 20 -19 239 -207 40 -24 -30 -79 -176 29 -152 -145 112 205 93 -184 187 -12 197 -147 -137 165 222 -202 -45 133 127 -107 -4 147 183 235 -59 88 -229 230 -153 -40 -71 -193 -171 -156 34 -243 62 -216 -10 -148 190 234 -143 214 156 -208 -204 -206 -159 -119 -115 175 25 -50 245 -65 135 91 148 -98 -211 43 -5 87 69 -44 168 52 -141 -228 238 228 172 -179 -199 204 -126 -80 -57 143 67 -155 -183 149 -247 217 176 -231 -233 -197 -222 240 -76 218 124 92 181 64 23 154 229 -38 -170 215 220 231 -13 -49 -125 -213 -154 192 115 -75 -88 -241 36 -168 180 -123 137 136 105 -138 86 -122 3 32 247 -87 -8 202 -235 -78 -186 -2 79 -162 -219 -15 -46 -175 -77 7 129 -244 -39 -195 185 121 6 170 66 -224 146 -112 140 198 -104 120 -83 5 151 -64 -22 167 51 -62 41 58 21 -74 242 -214 -164 -26 -90 161 101 -238 -3 -28 61 -16 13 106 -11 -21 -95 -66 166 -209 73 171 50 191 -29 144 89 -230 -130 188 130 122 174 -14 116 -37 22 -182 -23 8 -220 177 126 -116 -17 12 241 94 11 -117 28 -135 -140 -181 -163 4 128 243 -72 -185 -200 95 186 39 78 -56 14 -114 160 -93 134 -196 -161 173 -91 77 74 75 -109 15 153 -189 54 -102 -192 -127 81 248 45 178 189 30 -198 -106 -169 201 96 -111 -151 221 -139 -20 -201 103 199 -92 184 46 -173 35 158 -67 -82 83 24 213 -81 -18 -174 18 225 55 109 207 193 42 31 -86 -157 -53 200 -142 -203 195 -212 -248 113 -47 142 56 -43 -7 -210 -96 152 -205 2 196 53 -178 -167 63 -55 164 90 -223 -34 -89 97 -25 -103 157 -177 38 99 16 -51 -217 72 -42 85 219 48 84 -165 65 -105 -97 111 -48 -1 227 182 -226 0 59 233 138 -150 125 249 44 216 -242 -69 76 -121 -70 236 -120 223 131 -133 -225 -236 107 104 -144 123 -41 -27 150 -250 -101 119 -249 -68 -237 203 -84 -124 -33 155 -194 206 145 110 -100 117 68 159 80 -232 210 -52 19 -245 -218 169 -128 -60 49 -180 -110 162 -73 -246 -99 -118 -131 139 -94 -54 226 -31 
TEST 165 ARG:225 -48 105 -56 219 -74 -219 177 156 -196 -183 34 -153 -9 176 -157 -236 223 -217 181 -109 -71 1 -223 111 -2 -178 -114 -91 -110 206 -203 -40 -69 242 169 129 248 -206 193 -41 -154 -174 97 191 -126 51 -26 -89 24 -123 -160 -8 -200 113 64 123 53 88 -239 122 -78 184 -81 79 -229 38 7 188 110 -72 -179 204 94 -29 59 -4 27 50 132 37 -182 -148 228 137 16 -205 -151 67 -237 103 17 121 -162 -245 -222 69 249 57 -158 -87 -187 -45 -50 -242 -140 -15 -39 -33 180 -146 220 101 18 106 6 -63 9 217 -149 134 221 -104 183 -137 -197 222 75 213 148 19 -143 28 22 40 -216 -61 -21 -213 -119 -207 35 92 171 203 -211 -181 70 -248 -129 -117 245 -131 -65 -36 -246 -106 243 -105 43 8 114 -93 -193 235 -101 66 144 232 145 -209 -124 13 -228 86 141 -51 25 -116 -66 -115 -107 -98 -147 -10 -121 131 -57 126 163 0 -134 195 -188 -241 87 -163 238 139 136 153 33 99 147 127 -249 -133 63 4 116 128 80 164 -108 26 -6 81 98 -18 182 31 104 107 -54 -94 -7 130 -76 44 -112 -3 90 -165 -234 -159 -113 142 155 108 178 -190 -83 -68 -19 -20 -27 -55 89 102 74 194 166 187 -53 83 198 -155 -175 -167 192 202 -103 -227 93 -85 -92 -195 135 216 133 29 -208 -199 78 -16 146 143 -1 100 45 -62 165 -247 -173 -144 -86 -177 11 -24 -171 -100 -185 -95 -132 196 12 237 -145 -102 -186 -168 212 -120 208 15 224 -172 -221 -25 -224 -99 61 173 77 96 -240 -111 -44 -150 -12 41 -135 150 2 76 -220 -58 172 -22 -38 167 215 197 52 39 -82 -34 -232 124 -194 161 46 -141 241 91 -80 32 138 65 95 49 236 247 210 119 68 55 82 30 162 -142 174 120 227 112 14 -189 71 200 -23 -96 56 -156 -138 -164 199 -201 -225 207 -67 230 -198 240 214 205 239 -11 -244 -243 -231 -152 -250 60 58 234 -73 226 -31 -127 140 -118 201 -230 -90 48 -37 152 -136 118 -218 -52 170 190 3 73 -17 72 117 62 231 -43 -128 -49 179 -226 -79 -84 158 -166 -139 -75 -32 -170 -70 149 10 -161 175 21 109 -130 186 -97 -122 -184 84 -214 160 -5 151 -180 -28 157 -233 -202 -77 -204 -191 154 -169 23 125 54 229 -14 20 159 -125 42 -59 -35 -64 211 209 -212 -46 -13 218 189 -88 -238 168 85 -210 -235 185 244 115 5 47 -42 246 -176 -30 -192 -60 233 -215 -47 36 
TEST 166 ARG:-244 14 -4 -49 -50 241 -196 127 -132 228 -68 -146 109 24 39 75 84 3 148 160 222 117 48 235 -69 -95 -186 -181 80 143 -32 186 44 116 115 -73 -194 -65 -51 13 -36 -109 246 -135 -39 -103 -185 88 154 -133 -119 -58 -85 211 240 225 -59 -129 -234 32 29 175 -77 -156 118 26 -182 195 208 -84 101 62 19 -233 -70 174 -117 77 213 163 -96 -79 -123 22 -250 -34 -211 -81 168 200 -190 -173 71 -205 -78 -222 98 -187 -223 92 76 -114 85 -153 8 40 102 -91 227 -27 193 -55 -54 7 -245 -83 33 6 -199 -230 73 220 164 182 -42 99 -171 83 15 -25 -118 -47 -219 -246 192 34 166 54 197 1 196 -140 -206 217 42 165 72 -241 9 11 105 -94 89 -139 144 157 0 183 -145 21 -144 146 159 90 -212 45 -167 155 -189 81 -80 120 190 -43 -99 -213 -60 38 31 53 161 -110 110 -3 -14 234 -97 -31 229 206 28 107 -89 -102 -150 -224 131 248 12 214 243 -128 -191 -127 -175 210 -113 169 -15 -207 -56 -170 -46 -154 -108 170 74 -164 132 125 -19 -214 18 -152 -143 2 -168 -121 -38 -37 30 104 -202 -76 185 194 147 50 181 -220 -249 244 179 119 -134 238 -112 -138 -88 239 -197 -86 -48 -22 129 177 -41 158 -115 113 135 -116 78 -192 -141 188 -18 67 -124 -243 96 -195 95 -203 35 -107 114 156 -240 -221 -248 -236 -9 100 -225 -63 -66 16 -64 136 -24 236 139 -130 204 199 -6 -53 -12 202 57 -26 20 -237 178 -17 122 -101 162 128 203 -75 173 198 187 205 -239 68 -29 150 201 23 247 36 93 112 37 134 -33 -13 226 -1 -162 142 64 91 -148 -126 -90 -98 -228 137 221 -163 111 79 -179 56 17 -177 -165 -247 -166 66 -16 233 138 -62 97 151 -23 60 -74 -184 -72 47 63 209 -142 58 -8 -87 43 -28 -104 -216 27 -10 140 191 -111 121 -193 82 141 171 184 -158 -235 -120 51 -21 -100 -149 153 -147 61 176 52 -151 -30 -217 149 232 -82 -160 5 -159 -242 106 -5 237 -200 -215 -161 59 216 -105 94 -178 123 -157 215 70 207 4 103 -227 -67 -93 25 108 -204 -125 55 -198 152 230 212 86 145 231 -218 -169 -137 -201 87 -11 180 -71 -238 -229 -232 -20 -208 -174 167 -231 -7 218 -57 46 130 -226 -176 -136 -92 -131 10 -155 69 -122 -180 189 -172 -61 -44 172 49 223 65 -106 249 219 -52 245 -45 -183 -188 133 -40 -35 -210 -2 126 224 41 242 -209 124 
TEST 167 ARG:-84 -216 -193 -21 91 239 -223 -208 158 116 -135 -76 36 140 -173 -74 152 -162 81 -170 -180 169 192 -44 -19 193 174 -153 175 -120 -225 -148 69 -222 63 30 -119 -9 45 -93 -126 -176 -191 -109 -81 6 -72 176 214 -177 -60 -149 249 194 -121 -25 85 -11 156 2 -4 12 -105 27 120 -190 -40 -123 -233 209 -245 107 144 -1 -187 240 -75 241 124 -199 246 -66 -215 -248 -71 -239 131 -34 172 -45 -164 210 165 18 -36 -30 -79 142 -155 -182 196 67 -168 235 52 -246 188 -205 -186 -80 80 226 -130 104 79 40 33 3 71 34 -169 22 -196 -3 4 180 -22 203 44 115 232 -219 106 215 155 -152 186 -107 223 229 99 -232 -41 218 72 -133 -65 96 133 141 202 -64 -31 -68 -151 17 230 207 -212 112 113 -95 233 -42 -206 66 191 83 61 -26 -127 -237 185 -125 -167 105 -37 217 -157 143 -185 -147 -27 -242 32 118 -134 166 -96 56 -165 -181 1 145 55 -195 -55 -184 -197 -163 244 -174 111 98 213 51 -131 -128 74 138 222 -97 137 197 103 200 -50 90 148 161 31 -49 -231 -218 -13 -140 -227 -213 -2 243 -12 149 -179 -10 -63 50 216 170 183 -98 157 -100 127 86 195 92 -77 -92 54 -57 -29 10 -35 -102 76 135 41 84 28 -159 -90 -136 237 -58 160 -249 -28 94 -243 177 95 228 -226 -61 234 73 102 150 -207 -73 221 -188 173 -88 248 -114 57 129 -43 139 15 13 -209 -150 -158 146 21 108 -144 -104 121 -142 -198 -115 -236 168 -235 82 -214 182 42 8 68 -59 89 -38 38 -172 -217 11 -108 39 -103 -201 -234 -146 -244 59 26 153 -46 46 -122 117 198 101 231 -24 -175 -18 19 -8 187 62 236 -129 136 159 -200 162 35 181 -82 247 -145 201 53 206 29 163 220 16 60 -39 37 -78 154 -106 -23 -202 -143 65 212 189 -14 20 -178 132 128 225 -99 -154 -86 9 -62 123 179 0 -89 -247 -189 245 -194 -221 -240 -94 64 119 77 5 -230 -69 -16 -183 -67 -160 109 -20 -124 -228 -241 -5 87 -210 -229 171 -54 122 49 114 25 167 -6 184 211 -15 -111 224 219 43 134 126 -238 151 14 -132 125 100 -113 23 -110 -87 -192 -139 88 -141 -137 97 130 -204 -171 -91 93 -156 -220 -203 208 -17 -85 -53 75 58 110 -32 -118 -7 -33 -112 48 -101 -51 -116 -224 199 -250 -138 -117 227 238 204 242 70 78 7 205 -56 -83 147 -70 -166 -161 190 24 164 47 -52 -48 -211 178 -47 
TEST 168 ARG:40 -62 37 -163 82 -30 -228 220 163 -187 -197 -218 46 57 76 -82 69 79 32 -80 -52 -55 -13 -186 -77 120 -20 -230 139 -241 104 -182 -211 -78 157 184 -22 16 147 129 95 75 -231 -5 -140 176 146 -33 87 100 108 202 -107 -176 -125 -85 88 -61 28 152 248 133 59 -161 19 214 22 -155 165 177 15 150 160 -65 127 -35 -245 204 105 3 -56 148 -51 -108 25 189 36 -8 17 246 -114 149 -191 230 -59 -181 -249 29 97 238 -75 107 60 -153 180 231 -24 236 132 -111 212 -14 -44 -240 -157 -143 -106 168 -36 -87 85 126 -95 141 64 112 20 -136 116 -74 224 -128 -235 -223 -1 -9 6 2 -21 178 -189 -121 -210 249 90 207 66 125 -38 241 -174 191 -58 -16 -3 42 91 222 118 53 117 145 -119 -34 -162 -130 18 -76 -70 187 -183 -175 -238 -54 -112 -98 41 -116 -66 -165 -154 -159 -239 43 198 154 -122 -11 239 -63 175 -99 -168 -109 123 159 138 -91 -236 -28 -135 -148 -217 89 34 201 101 77 -19 -142 -214 81 -216 243 -73 240 -84 156 -97 183 -213 -72 199 50 -202 -67 -90 188 -6 182 -4 94 234 219 -29 136 -180 -205 -10 -248 -7 -39 242 164 -199 115 11 21 27 -53 122 -192 65 -40 -118 197 -170 23 54 -147 208 98 -131 109 -204 -81 -120 -250 -48 45 -71 235 185 -243 84 -83 -127 -117 51 114 61 245 227 -219 55 -195 140 31 -160 -104 153 49 -15 92 151 -88 -198 -31 -145 206 -167 158 -26 -102 247 -93 -138 223 -229 221 194 -215 -150 213 102 233 -46 -247 56 113 205 74 -139 171 -203 83 215 86 -144 217 0 244 169 -32 134 -226 -184 8 9 67 -60 -179 -234 -193 -57 48 -123 47 128 14 -244 -37 52 -103 -164 96 -171 -188 131 124 -96 -25 -152 -12 62 173 93 161 -134 -50 -224 130 39 166 -221 119 -141 -94 -27 -110 -129 -132 179 -200 -185 -45 -172 63 -126 162 -23 -158 -2 144 -89 -68 -137 143 -194 121 -232 -100 -47 -166 -41 135 -42 155 103 -227 172 12 110 -177 225 203 -124 -17 -86 170 -113 211 -92 -220 30 -233 106 -101 -196 181 -201 237 196 174 190 229 193 -206 192 -64 210 200 24 99 73 80 68 -173 -69 228 232 -209 -208 167 -18 -146 195 44 58 -225 -156 -151 70 71 7 -43 -105 137 142 186 111 -190 -178 78 -207 218 -49 -133 1 -222 38 -246 72 -212 209 226 -242 -149 -79 -169 33 -115 13 -237 26 216 35 4 5 10 
TEST 169 ARG:-211 -45 -162 -142 129 222 101 -64 32 199 -206 53 249 -32 -249 124 -55 -105 193 119 -11 -10 27 -115 -91 -152 -204 -34 12 -96 -1 154 -175 194 232 -185 48 -171 105 -241 -226 162 -69 -181 207 176 152 113 -72 88 -26 40 158 141 214 20 -165 -233 95 -18 202 -199 46 178 184 -133 8 -130 116 -232 210 5 -122 -16 -25 212 204 111 -39 242 15 -150 -186 -6 -212 -56 -231 216 -51 -236 -230 173 120 248 -188 -33 123 -59 112 -200 -43 -221 -14 247 -187 -246 -4 -196 -70 -93 -46 65 169 93 215 63 -118 80 -62 -247 234 -124 233 -37 145 -197 217 -128 -177 -120 74 243 -106 -80 100 -104 130 142 -176 -35 -198 121 78 -224 -217 -147 -24 161 197 230 106 238 -169 195 -114 239 128 91 9 -54 75 73 92 -179 182 139 -71 6 49 183 97 -57 -27 77 -50 54 -31 122 -7 1 -77 226 -86 -143 -151 -126 138 31 -12 69 -2 -112 125 -17 -75 -89 104 117 189 -139 -49 -123 -223 23 24 -21 -102 170 244 103 85 102 60 -66 -63 -207 -148 -163 108 -229 -166 -205 -44 89 -20 181 -214 220 196 -48 188 52 131 -242 -47 -141 -184 26 -129 -94 44 -19 0 163 -108 84 58 171 -40 -41 61 30 -9 -219 151 -76 59 218 16 56 -65 -61 -210 99 72 221 -170 180 35 -109 107 135 -38 240 208 -195 211 -167 213 -237 -67 223 4 209 -125 -87 -245 -30 -88 229 127 3 -68 236 133 14 -149 10 144 -180 175 -23 25 79 -3 -192 -203 45 -182 -248 90 -58 -95 147 -29 -117 -174 -173 -228 -218 -209 -15 165 34 -250 -144 150 81 166 206 71 -158 -134 143 -53 51 -160 -135 -131 156 201 -156 -121 -28 -145 38 153 241 179 168 83 237 -146 17 110 -127 205 -111 11 55 -82 -100 235 148 -42 164 -164 43 39 -190 115 -110 191 -159 -225 118 47 42 -153 -191 -240 -201 -99 -154 134 228 -222 -60 167 -137 70 -90 177 -215 174 67 -98 98 -22 19 225 114 -238 57 64 192 190 -79 68 2 -36 -116 -97 132 -119 159 33 -157 -194 13 -235 137 76 86 -78 87 -83 37 186 200 50 146 231 160 -132 198 -234 -103 -193 203 22 29 149 136 18 21 187 224 -216 245 -85 96 -74 185 -178 -189 -172 -161 -92 -183 219 -84 -107 -138 -13 -140 -243 62 -136 157 109 -202 -8 66 -5 94 -239 -220 41 -244 140 7 -168 -52 -213 -208 -227 155 -113 246 172 -155 -81 -73 36 126 227 -101 28 82 
TEST 170 ARG:153 -119 -203 -159 -71 196 -225 234 -66 -175 -53 34 -178 88 -241 -186 -96 47 76 -145 182 -74 197 204 46 -86 31 67 117 -164 235 82 -121 -151 188 249 -152 167 -141 164 -133 -157 205 35 -40 -154 237 231 120 61 -214 96 -129 154 -195 97 190 48 33 37 -95 -14 -192 42 80 -200 242 -44 -102 162 -99 99 49 227 133 -116 228 160 -248 -50 -46 149 -26 -191 -89 -8 70 69 159 -197 173 -124 -69 -100 212 123 191 -115 -137 -239 -242 247 -166 -221 -39 -173 189 199 -156 -91 -213 27 163 130 91 194 -75 185 20 -57 -201 -101 68 -12 95 124 54 -11 -209 207 147 111 -216 12 245 -215 -85 30 105 -10 75 -83 39 -162 51 -55 246 183 -31 202 -87 110 -94 137 176 -107 -136 -244 192 -204 10 -28 -2 -60 211 -194 -182 -112 -29 -84 11 -19 244 219 -113 128 87 -169 -110 -35 25 148 -76 18 29 -5 50 4 -45 -149 108 -193 84 213 136 115 21 186 -130 -126 -7 140 -43 26 103 193 171 -4 56 -17 17 -160 -23 -41 116 126 -247 15 -18 225 -79 -54 -42 -199 150 112 41 -168 -179 177 89 -188 -72 -183 -80 143 201 168 -153 -114 125 127 107 73 1 -103 172 -171 -93 -170 0 122 129 59 114 -236 -106 157 -198 161 -82 -27 60 -232 32 -97 -36 83 -176 -228 -243 -226 -177 -13 -111 -245 248 -48 -181 7 13 -22 45 119 -125 -212 -187 -146 184 239 241 81 -222 169 209 -24 -220 134 -9 -118 -246 106 -135 -16 216 226 -132 232 -150 -58 -37 5 65 -138 -237 -140 63 -73 90 -147 -234 181 78 174 145 222 -68 220 92 23 131 -210 24 -249 -185 166 200 -217 14 98 -34 156 66 3 93 -211 -143 71 -6 224 144 43 -38 -30 109 238 -21 9 -131 -231 229 -250 86 -227 -189 57 175 -105 -92 240 72 58 -238 -165 38 -167 113 -20 102 -180 -218 100 -128 -70 94 -51 -202 19 179 203 230 53 44 -224 -88 -59 -219 178 141 -81 2 165 170 -90 36 -108 -139 180 155 198 -223 -77 -196 -207 -144 210 52 -208 -184 158 236 6 -206 138 -205 -109 -98 135 -120 139 -32 28 -67 -15 -104 187 -229 -155 -148 217 -33 132 101 233 223 221 152 -117 -62 77 -122 218 195 -174 55 -230 -52 -25 243 -49 -47 151 214 85 74 -163 -127 104 -172 206 -240 -65 121 208 16 -64 8 118 40 142 -190 146 -161 215 64 -142 -235 22 -123 -134 -56 -61 -1 -233 -78 -158 -3 62 79 -63 
TEST 171 ARG:206 -42 102 168 -176 228 -172 -14 -222 -238 70 -13 -134 55 52 -49 -99 -88 81 196 150 12 7 -6 64 129 62 123 -199 179 -146 78 19 -234 98 170 -17 133 130 135 -229 -200 14 128 122 167 99 -166 10 -37 -8 63 161 -111 -55 -116 -167 67 -197 82 120 29 185 -217 -151 3 -87 -98 58 -127 15 246 193 -211 75 -24 155 -19 245 6 21 -220 -188 186 -59 -184 203 44 -136 2 -126 -62 -31 59 -193 -118 -26 -48 -248 94 42 -132 222 101 134 118 226 -160 231 -138 92 -105 -65 202 -218 205 160 -12 -63 174 -96 141 -90 181 109 -195 -171 103 238 223 -180 93 -244 136 84 198 -122 -198 -241 34 191 39 25 -95 80 -179 -67 -66 -76 -110 -137 -72 -152 188 36 76 140 -92 51 142 187 -15 -115 151 -103 -196 -82 154 -77 4 190 208 -7 -158 -164 -128 -130 124 -190 236 -89 -219 -225 212 176 -182 56 40 90 -21 237 -9 -102 131 -78 -135 60 -246 77 -20 -175 214 -174 -149 -50 162 225 132 -18 -32 -148 234 -242 -4 -206 91 -23 235 -84 -204 -156 -231 192 -79 201 47 -215 -35 -46 -213 61 -155 73 -209 -249 37 -33 49 -189 -91 221 -129 -221 17 -11 -125 159 -100 -159 -123 180 13 54 -192 79 0 149 57 -143 -233 127 -142 -69 -214 -68 65 -5 189 -191 -109 209 -40 -64 -165 -202 241 -107 -230 233 -108 -71 147 213 -163 -157 121 -161 -47 -58 -216 83 204 -43 1 -131 -226 244 184 53 -208 247 -85 -187 -145 -29 -70 -94 -41 163 -194 -186 -120 -203 28 -245 -177 -250 232 -30 227 -3 8 -121 158 -2 30 239 88 126 110 -162 183 -114 -22 26 22 137 -80 -153 -140 87 74 9 24 166 -10 211 -1 -56 182 242 -232 -139 -38 -173 152 -141 -25 -34 -228 173 5 207 43 -60 219 -170 -237 111 -57 125 -212 72 48 -106 -247 -185 -44 -81 86 100 143 220 215 -168 -27 -201 20 -61 164 71 -119 119 -73 -181 -86 97 -83 218 -16 69 -147 -239 -154 156 112 -178 96 139 171 16 175 217 106 197 18 114 -243 38 229 -205 108 -74 -93 248 -235 216 145 115 -223 85 -113 35 199 95 -150 116 46 165 -124 153 117 -112 11 -54 45 -210 240 107 -36 -51 -224 224 33 31 50 169 -53 41 89 148 -75 -97 178 32 -104 -144 23 -236 -227 146 157 104 243 138 -39 -101 -52 210 105 -45 66 249 -117 172 195 144 -28 68 -169 230 200 -207 -240 194 177 -133 27 -183 113 
TEST 172 ARG:22 121 -118 199 -178 -32 -177 -14 -25 73 -85 90 -202 -69 -35 -98 173 163 -151 77 189 -166 -53 -212 -27 -155 -180 201 -46 -19 119 164 33 -121 206 185 63 -176 -91 17 120 -110 -7 79 -26 -87 97 -104 84 -196 -143 -241 -116 197 198 34 215 38 -150 -208 -246 -33 -31 11 165 -68 78 86 228 -51 93 103 183 191 117 -154 96 -138 -224 -197 -125 214 -37 -198 -195 146 223 23 -215 -76 -193 -249 -115 -132 -79 52 -227 -63 192 -169 -137 -131 -18 -189 -23 -109 -160 54 213 87 -22 188 41 -120 169 65 53 42 -95 -149 225 172 168 246 68 114 127 -170 55 104 -56 7 -43 56 224 -172 177 166 219 -117 -99 152 -105 208 105 124 136 227 162 193 -226 -237 240 -114 -74 32 24 -17 -10 209 28 -185 -236 -191 128 110 181 91 217 231 43 -60 141 154 -40 37 19 112 -228 -80 9 -6 -231 44 51 -221 -34 45 -67 244 15 -140 -171 -75 -184 -207 131 -190 21 88 210 -57 -77 158 -3 -72 144 194 107 70 -96 -128 -82 -126 139 27 -129 -62 -188 237 -83 95 -16 -216 -199 -247 -187 -65 -89 235 -214 -42 -130 -41 -167 57 -244 -47 222 161 -220 -97 61 -94 -15 -235 -30 36 -102 220 126 -161 182 137 0 -218 -147 -168 64 -223 -209 -175 -183 75 -217 -153 -243 -157 20 -144 216 -50 47 -163 80 147 -12 94 -124 18 -9 -182 -28 -133 35 176 184 -232 -2 74 -194 -84 160 100 248 -211 233 13 -206 211 175 -52 -119 116 8 133 159 -164 101 -54 -112 2 207 190 186 170 -100 125 -103 118 -88 -179 132 -38 -146 49 -86 60 -162 229 203 -139 -113 242 -165 -242 67 -61 239 -141 111 245 -230 -101 -127 10 71 -225 14 234 241 85 -1 249 6 -106 -44 -48 -186 39 -181 -233 226 83 196 -21 221 98 -49 -24 50 40 145 82 -108 -238 238 -36 59 -213 151 134 -250 -135 3 -58 -122 92 -192 -90 113 142 -229 46 212 -64 123 -152 106 149 232 157 -142 -70 -210 89 153 -159 81 140 72 178 -145 -11 31 130 16 200 -81 -204 243 155 62 148 174 150 179 -92 202 -39 66 143 115 230 -222 -123 1 -174 -245 -158 -205 102 180 -200 25 -55 -234 -5 -201 12 -219 4 76 -148 -248 58 48 156 195 -134 205 -59 -173 -71 187 -4 99 138 108 247 -136 -240 -45 -13 171 26 -78 236 29 204 -20 -73 5 129 -111 135 122 -93 109 218 -8 69 167 -239 -156 -66 30 -107 -29 -203 
TEST 173 ARG:-174 -8 174 201 37 116 241 84 -28 141 0 242 202 156 -227 -114 222 124 -245 -131 -203 79 85 144 127 142 229 -43 43 8 -37 -188 65 -58 -143 -225 -26 -138 -153 -149 105 223 21 -247 -163 99 132 -98 215 -222 -33 -87 248 -121 172 -32 225 18 157 -80 -100 -97 62 -168 151 205 -101 -134 -84 60 -230 -59 81 80 -40 108 168 -12 136 -89 94 -140 88 64 -3 -104 -21 221 -123 -235 -45 175 -214 -61 118 -31 72 228 -132 -186 237 128 -71 230 98 -15 24 17 -150 -199 -202 13 224 89 145 97 30 -92 120 -83 -120 -118 -189 -124 183 -119 204 -81 -75 91 158 195 44 134 35 48 12 188 75 206 -241 -234 109 -246 161 82 113 186 87 -233 -36 -54 -57 194 -5 139 133 19 15 -187 -177 -68 244 -175 176 160 103 -50 -95 23 149 -201 -20 -224 177 -135 199 -90 -162 93 -96 70 122 -63 26 212 155 -16 -197 170 39 137 1 -180 -52 50 -51 28 -142 55 232 243 -91 218 -49 -41 -72 178 -44 238 -76 -204 240 131 -113 -74 -182 -130 -166 -22 214 235 58 -250 -115 7 -198 -164 54 219 45 213 74 31 27 173 -151 198 163 152 135 164 169 129 -48 126 68 211 -146 -1 -133 -181 -86 121 -244 -99 -112 106 119 -85 159 -103 101 -170 -2 41 73 233 171 184 -229 209 148 -73 150 40 247 -55 -129 51 180 -145 162 -109 71 -77 -53 -125 -183 -206 92 -179 -228 246 -62 36 -23 -6 -192 -178 -231 208 125 -78 61 33 112 -209 190 -14 -148 14 -220 -122 2 -38 96 -223 -212 -10 -193 -42 -70 25 182 52 -161 193 -169 83 56 -216 -7 -154 -205 -27 -108 -65 -173 -160 -39 -34 100 -239 -176 -194 -13 226 -46 197 203 -218 -127 -69 -107 -9 46 -147 11 216 102 207 192 154 67 16 -221 4 42 104 -67 38 117 -240 -190 -236 20 227 -243 32 189 -242 -29 217 -144 -159 -47 -66 6 -152 -35 110 -64 -155 167 -191 138 115 29 63 130 -156 -217 107 -25 95 -56 -105 3 -30 -137 -111 -4 -128 -18 146 187 231 -60 234 22 -248 114 249 -24 34 -210 -106 -139 -79 200 191 220 -117 -237 47 -185 -136 236 -102 185 -195 -213 78 -158 -110 -238 -141 -19 -126 166 -94 143 -165 9 179 -215 181 -17 90 -171 10 123 196 140 -157 5 -184 53 -88 239 66 153 -11 -232 -93 -172 69 -196 -208 111 49 -167 165 -249 -219 -226 -200 -211 77 59 76 -82 86 210 57 245 147 -116 -207 
TEST 174 ARG:-65 -160 54 211 83 204 -242 -8 2 -150 168 -175 95 227 -222 -38 194 -179 59 -5 57 -26 66 -21 -53 -31 130 -235 -85 140 -219 181 -136 67 -46 175 174 228 -36 29 63 50 -231 129 199 137 -48 217 -223 102 -249 -176 22 -152 -170 -128 214 15 -240 -221 134 -30 -72 -227 9 177 118 208 216 45 92 -141 39 156 122 -70 6 -133 -173 -108 -140 -111 -156 13 4 -87 116 53 242 -166 -101 -7 161 -177 -3 -143 8 44 -114 91 -132 -105 69 58 178 -192 0 -109 -195 185 -182 132 -137 -145 -66 220 -250 72 -193 -205 -61 -178 -120 201 119 106 -220 -198 155 225 139 -142 -2 -40 128 105 -71 -207 -241 -188 -124 159 165 -12 -206 221 -19 51 -247 -73 -134 -29 -239 153 103 182 148 -232 -16 -47 158 -97 16 123 202 85 78 34 172 189 -209 79 -126 223 -138 -95 141 240 27 147 -115 -113 218 205 21 -121 14 41 -149 115 -226 142 191 -82 249 101 60 157 -246 -200 230 203 76 -81 188 -147 64 -123 112 -74 144 68 237 -100 70 61 -24 -224 -199 187 164 213 -88 152 24 -158 -233 -37 37 180 -155 -201 -84 33 -234 -58 38 -39 -59 -25 23 224 160 166 -17 -86 107 167 52 124 -93 108 -181 -217 -75 -56 1 -15 19 56 171 114 100 -23 74 -187 229 -196 93 -135 86 -43 -34 110 -189 138 -32 -78 186 154 -45 109 145 -148 -67 232 -183 -13 -55 -127 -90 88 3 -194 -107 -20 -112 26 -229 149 -248 -1 65 212 -180 73 7 25 -57 163 55 -83 10 98 -165 184 -9 -174 -213 219 179 -64 133 117 215 -172 -96 87 -118 245 -153 -237 80 -104 42 197 18 -94 162 -117 31 192 -60 -6 -230 -92 -79 247 -50 32 -163 125 -244 -11 -106 235 151 -4 -243 210 -69 233 241 -98 -245 -212 176 -186 -191 234 135 195 -63 209 -91 -164 -103 -167 84 -185 -99 -184 12 20 -238 -89 196 90 -28 -146 97 47 28 -119 -116 -80 146 -68 -42 -27 -236 89 226 -203 173 -62 -218 -77 -35 94 243 48 -139 -22 81 -211 -144 -54 36 169 193 -161 -10 -210 238 -171 -204 -125 -228 222 -41 -216 -131 -190 -159 -197 -169 246 143 244 206 -168 248 -129 136 -157 200 -202 -154 170 150 77 5 -162 49 -44 -18 30 -208 239 -130 121 40 127 126 75 104 43 -215 190 82 -225 62 -151 46 71 17 231 183 131 -76 111 207 -51 99 -122 113 -52 -214 198 -110 96 -102 11 -33 35 236 -14 -49 120 
TEST 175 ARG:-110 246 -127 127 75 148 -231 209 239 171 -4 -25 -148 72 194 -144 -132 187 -230 245 213 -208 80 104 120 108 -95 -222 166 -40 -85 -209 2 203 178 -87 64 -6 -219 94 -131 -155 102 -101 242 -145 152 -51 114 -217 131 88 7 -21 11 -201 226 -195 -102 100 73 89 -59 78 182 244 -72 -232 55 -5 -43 -49 -149 -71 170 112 228 163 -167 -125 3 -247 155 -29 -44 177 140 -177 1 -121 -166 -186 -16 38 -153 238 -180 19 74 71 -86 -115 -55 176 -56 91 -45 -114 99 154 95 -213 -135 -52 126 -250 172 -225 -212 45 243 -47 -20 107 -83 180 -118 -122 217 98 51 153 65 -48 133 -89 -50 -249 82 -33 -223 146 66 60 159 181 22 129 230 -150 -38 191 13 158 161 -233 -26 169 -78 -63 -120 -199 37 134 157 -46 68 76 216 241 -123 111 -58 168 -162 144 -139 54 39 20 212 -19 -60 59 -15 215 167 248 -129 156 119 58 -36 207 36 -10 139 -73 -137 -171 41 122 -134 -53 -241 -133 -81 208 -158 -161 231 195 -104 6 -28 -84 81 -221 -243 145 -2 -141 -7 204 -216 -99 125 210 -22 -175 -229 -152 -197 33 227 -207 50 90 -100 -170 14 199 130 -176 -113 132 -8 -93 29 249 -68 23 220 -54 84 -179 -70 -244 -3 -42 -107 -181 -62 -193 27 225 151 -13 105 -224 -245 186 21 -75 8 136 200 -65 -146 -79 -23 198 -74 -242 101 -235 28 -94 -138 -248 -14 -130 -190 -124 123 96 56 -215 47 -184 -228 -192 -91 149 -37 -157 31 -189 -67 221 -117 46 184 40 -182 -76 -206 -156 110 -165 118 -202 -183 -168 234 219 -82 232 -97 -169 138 -164 62 223 -234 137 150 179 -239 174 -154 -96 10 142 -9 175 57 240 162 147 24 -57 224 -12 -34 -173 35 -236 15 -160 -198 63 -90 9 -147 196 113 -172 197 12 -80 85 -39 61 -109 67 229 -240 -194 34 -214 190 202 205 93 -142 -66 193 237 247 165 -204 -108 -143 214 -27 173 70 222 211 143 189 185 -205 236 79 -112 32 77 -163 -98 -218 -77 -41 -126 17 206 -203 30 218 192 -246 116 -24 83 -196 44 92 16 69 -211 -31 -220 97 -227 -106 183 -1 235 -103 -32 49 -119 -30 109 115 233 128 43 42 4 -140 -111 103 -105 -237 26 25 -18 164 201 -128 -200 -159 -187 -188 -64 -185 -226 -35 53 -151 124 52 135 -17 48 87 121 18 0 5 106 -178 160 -238 -136 -116 -88 -11 -174 188 141 -69 -191 86 -92 -210 117 -61 
TEST 176 ARG:5 -21 -126 -128 -246 124 61 -243 -45 -188 -203 122 -23 -73 -39 1 -156 189 237 -88 142 178 59 22 -236 -111 -60 -20 -85 152 -219 -209 70 179 -195 119 74 -238 -239 23 99 185 195 137 -224 192 98 -139 72 176 2 3 -97 248 -79 -162 -2 188 -235 -120 39 193 -223 -154 -200 -94 121 -136 145 209 -119 -41 210 187 -35 82 -4 88 40 125 -164 115 48 196 -50 132 -201 198 171 -46 128 191 -55 129 230 -9 96 157 216 50 -115 -91 -77 -227 155 -184 239 202 -178 235 -117 -61 214 -103 14 94 6 80 -240 -210 -5 -233 -155 -250 227 -185 123 -44 92 169 75 32 149 -64 245 -161 -114 -131 -96 97 204 15 78 -69 27 107 -40 -62 13 33 -151 0 51 -112 154 126 -169 -175 -248 -87 -24 -56 56 62 -113 -249 153 38 -165 -217 73 -163 29 110 166 156 199 226 -68 -144 -8 -231 212 -19 175 -99 91 -29 -215 41 -132 -228 109 -138 -52 43 -186 35 55 -82 77 228 24 -129 19 89 16 11 -25 180 -122 -225 -26 -147 232 186 -148 -221 249 -108 106 -229 164 206 37 -220 -107 -125 127 -17 28 -109 224 31 -36 170 208 -206 46 90 190 8 -22 -102 -212 67 34 -222 -127 -63 -237 211 -149 -12 -70 -197 -190 84 242 -207 217 -13 111 -191 -187 201 -18 150 76 -42 47 -47 93 -173 -38 163 65 246 143 158 -177 -182 36 -33 243 103 -160 -49 177 -189 -3 42 -71 231 -27 223 173 117 205 151 225 141 140 -157 -58 79 -168 167 -121 -172 148 -174 26 236 -159 -230 238 -135 247 165 -234 58 -59 100 -226 -180 -90 -43 -183 -145 -78 200 53 -57 105 -37 -176 -153 -34 9 -101 146 -75 234 133 244 -213 -170 21 102 -118 -92 218 -196 -142 -130 63 44 -199 134 -11 161 -76 184 222 203 -6 64 181 -134 213 160 -242 -93 138 -140 -86 -193 -194 7 -53 -98 -51 -54 -81 95 -204 -1 -167 -72 -65 183 -10 -16 10 -152 240 -133 118 -100 -32 -166 -106 162 207 -171 -15 -192 159 -141 -66 172 220 -214 68 241 30 -211 20 -14 -205 81 69 -241 120 104 -232 45 54 -208 136 -105 -48 -31 233 25 139 -89 108 17 87 229 -83 -124 4 -150 18 131 60 71 -74 85 -137 12 -247 83 215 221 -84 -116 -202 52 -28 135 -80 194 86 101 182 -104 -146 114 57 -158 -181 113 -216 174 -218 -67 130 -7 197 147 -143 -244 144 -245 112 -30 219 66 -198 116 -95 -179 49 -123 -110 168 
TEST 177 ARG:-9 -92 204 -166 132 -113 -2 -218 0 -219 -90 41 -74 115 50 60 193 162 153 -183 240 -35 -250 108 59 -84 -172 -30 -173 -160 194 107 28 37 154 227 152 27 -85 79 161 -216 14 -238 -234 236 156 111 -222 74 -93 180 -220 -133 -20 -54 170 -224 -25 141 -68 159 43 -33 117 -178 -119 -155 -151 -39 -143 -4 -209 -23 -75 -125 -42 15 120 187 121 8 56 -185 -153 245 -232 -52 -188 -170 91 212 213 100 -53 -69 231 185 -66 -243 169 2 3 119 191 -228 -108 -60 90 233 130 -141 238 -114 20 192 -80 40 217 -144 -227 157 207 -58 174 83 -226 -159 -174 29 -36 -117 -246 220 -169 36 86 -28 -105 244 135 -194 114 -180 48 203 -231 -206 196 -21 32 -237 -200 -205 133 -47 224 -44 -124 98 -14 -233 -223 165 171 -168 247 -145 230 104 -26 18 46 110 7 -165 97 149 -51 -142 140 201 -247 179 -203 113 172 -248 219 166 87 85 -88 26 -59 -235 101 175 58 202 -130 39 125 216 -45 164 66 95 150 -111 214 181 -215 -112 38 -184 151 182 -79 -87 222 4 -249 -17 -192 -104 -202 -175 163 -167 -181 -140 -244 -138 137 -201 -43 70 -41 -123 -100 -22 -134 45 -76 -7 -62 78 232 116 173 -204 -6 -126 69 62 -187 -136 122 -137 228 246 -32 34 223 -213 -193 99 242 183 211 -57 -176 147 -15 -245 93 -46 199 243 -96 9 -102 -229 81 -94 -157 146 -132 143 68 -55 -162 239 54 144 -34 -50 -3 -241 -150 -1 112 -70 11 -214 -48 -211 89 47 73 -97 65 75 -40 248 -11 88 249 208 -101 -86 145 -208 209 92 31 -107 237 -98 -72 -154 64 229 176 -161 49 -29 102 -106 -56 167 -128 -122 24 210 124 -158 -8 184 -67 33 5 138 -217 -71 129 -139 10 -163 241 -115 -129 -156 12 21 25 63 -61 -99 -16 -230 -83 -118 -38 42 -24 -210 178 52 -13 -5 -152 206 72 -19 -179 -186 158 225 94 -236 19 -146 35 -12 -110 57 123 134 188 127 197 131 195 -120 -196 23 61 218 186 -109 22 200 -171 -240 -221 17 -77 148 -147 -199 -242 16 96 -10 -82 55 -37 -190 -177 136 128 -103 -149 84 -65 -27 -239 103 30 -191 44 160 13 -127 -116 190 67 -225 -73 -89 51 226 118 -135 -182 82 126 -18 53 71 -95 234 155 76 139 -207 205 -78 80 -49 168 -195 235 -197 215 -63 -121 -212 -148 -91 77 1 -198 -164 189 106 -64 105 177 -189 -131 142 -81 221 198 109 6 -31 
TEST 178 ARG:71 -6 37 54 32 -69 81 -103 -156 169 -95 155 133 -37 186 -220 125 -148 246 -93 69 -40 -13 -24 56 205 174 -32 -76 63 188 -196 178 189 52 -116 137 -190 -192 212 185 -167 18 -243 -67 143 92 116 -134 -89 -213 53 76 21 -214 -204 -166 214 -84 -16 -1 -197 112 10 59 193 -5 -4 -60 -74 232 -149 -194 -129 -64 141 -10 79 -61 -45 -226 244 245 -217 -141 22 156 -22 -50 48 -53 236 243 111 163 -118 31 -245 234 -106 121 173 2 240 157 206 -47 -144 -209 176 17 -180 -152 159 -199 -20 -123 -7 -240 170 5 132 25 89 154 80 216 -65 161 215 175 -135 42 -183 204 -91 -146 -234 -41 -59 -200 -62 229 -154 74 220 118 -177 -247 -133 38 -85 12 -202 -248 160 66 98 84 -73 -207 162 -222 -121 33 -150 -250 -157 -78 -198 -208 -187 47 146 91 -228 202 103 34 149 107 -227 120 -82 134 23 -181 223 -201 183 147 87 -101 -175 -14 -203 -127 158 70 225 -68 -212 -44 -108 -42 -83 -241 -46 97 -55 171 -81 -147 -173 109 -51 -229 50 181 75 208 239 -171 -131 -205 -27 -143 -155 20 95 237 -9 -39 -30 219 200 73 217 24 -125 117 -176 165 6 247 -162 231 -132 198 41 78 -98 93 138 -211 -151 135 35 -34 44 227 90 -102 -172 0 9 62 203 110 235 -188 145 -100 -109 55 -87 241 -215 -97 -35 -48 83 139 122 -236 -193 105 177 164 -72 -57 128 26 16 167 -219 -17 13 45 -130 -242 27 100 -54 29 94 -230 -233 108 8 28 -21 -31 -29 68 51 -137 -107 228 -160 166 60 -79 88 -237 142 -28 151 49 -8 -138 213 30 -2 -179 82 194 -88 -120 197 -33 106 -15 119 46 -124 -169 -105 -168 -244 123 -66 -90 -18 -246 152 -182 14 -221 72 -238 -70 124 -49 114 -99 -126 61 184 57 113 40 150 -140 36 -56 64 -63 144 -189 -75 -115 172 -77 96 86 209 211 -191 -36 -159 77 -223 248 -110 -96 -23 153 218 221 3 -52 15 -139 222 -128 196 -122 129 199 130 230 190 -94 179 131 -186 -153 201 -249 -86 249 -112 58 -158 -80 67 195 207 4 140 -232 210 102 180 -114 -12 -145 226 115 -235 -170 -26 -117 -239 224 -165 -38 -11 -195 187 182 43 -216 -161 -185 127 11 -119 -25 -58 -174 -224 39 85 7 -71 148 168 -142 192 -3 136 -206 -225 -178 -163 -92 104 65 233 -43 101 238 99 -231 1 -104 -184 191 126 -113 -218 -210 -136 19 -164 -19 242 -111 
TEST 179 ARG:31 -236 -191 241 -19 -200 44 51 -13 32 -79 -223 -201 -75 -4 174 -162 -89 16 22 -53 135 -179 -165 -214 133 88 -76 108 -10 -174 -81 200 -44 219 176 -83 -60 -121 101 -173 20 -208 -186 91 -139 -233 102 -66 -16 -98 175 -219 -108 -107 -57 -207 57 213 -29 154 -184 -246 14 -217 -126 -20 83 -95 -176 -34 74 145 -106 -109 73 -2 -45 142 -148 -177 249 -42 -116 26 -145 -25 24 61 209 162 -92 246 -26 -185 121 41 -39 -58 -101 -155 126 -248 -124 237 -115 98 43 188 63 -239 -69 -138 -149 65 107 15 211 120 -56 -154 78 60 95 -23 -35 -100 42 -181 -72 -130 244 118 -5 -244 104 -171 128 127 49 192 114 -164 -175 227 -156 -33 -226 -210 84 -91 45 -168 203 -169 -193 30 185 -38 117 -237 -97 221 -152 -125 166 243 -211 155 149 124 -140 -77 183 -54 -113 161 138 -227 -22 68 21 -247 77 -84 76 -143 -159 69 -7 -243 -123 201 -111 -221 -17 132 112 -157 -133 -192 -241 -37 242 -122 8 239 207 -78 195 79 -114 -11 -203 -12 7 240 -104 12 -120 182 216 -40 235 -216 151 131 -18 116 -182 -52 238 27 212 224 218 163 -71 9 56 -141 -96 141 189 -119 -204 236 -229 -187 152 -144 226 125 -230 198 204 35 4 194 113 -55 2 172 -118 -99 191 229 -213 -3 58 -105 -73 164 39 -222 110 -146 230 48 123 53 122 13 -110 202 160 196 248 -167 85 -166 90 -14 186 -102 11 -87 -47 96 0 105 -134 -74 143 86 -127 -50 -215 -242 109 -31 171 -178 150 205 29 215 -172 3 -142 -30 140 -65 -209 180 -82 -93 -1 -48 -88 82 5 -245 37 -228 -90 115 -147 -67 167 119 -161 -218 -28 234 -131 -24 -232 -160 156 -64 187 245 -70 -153 -21 -137 206 80 40 -240 23 -205 159 -80 199 210 17 222 220 75 34 93 -128 18 179 -103 -8 144 47 -158 178 106 71 -183 19 81 72 165 -225 233 157 -231 -249 -196 -9 -206 -170 33 -220 225 214 158 -117 -129 25 -136 59 -250 147 67 153 -238 -59 -15 -61 -151 148 -194 223 -235 197 -62 -234 184 50 55 -195 66 64 129 100 -41 -202 1 231 -32 169 -180 54 170 94 38 -199 -212 -163 111 -190 -224 87 -197 70 89 -49 103 168 -86 -51 146 -63 99 -94 -132 92 97 -85 137 193 136 -150 -68 228 208 177 -46 62 36 -188 10 6 139 -135 247 -36 130 28 -27 134 46 190 173 217 -198 -112 52 -6 -43 -189 232 181 
TEST 180 ARG:190 143 -249 66 -66 -99 159 234 155 -228 22 90 207 105 31 1 156 -185 210 -8 -214 12 202 -171 21 35 -60 -103 -236 14 45 -24 170 99 -46 -191 -39 -33 87 24 77 -12 141 -43 -166 146 218 -162 -16 -149 -117 -194 -212 -201 158 84 164 103 212 127 184 223 94 0 224 76 175 -14 204 221 124 -118 -54 51 181 37 91 -87 148 -224 123 -113 -150 50 -246 -139 70 -207 -25 227 -230 -221 -37 -110 -186 -129 -132 59 209 -134 -235 -204 54 226 -42 -176 -38 -97 205 -218 -133 3 72 -196 -116 -57 -51 -222 48 -5 71 -120 -216 126 -183 63 132 154 88 -119 -6 -62 -203 -2 -31 239 -40 192 -127 36 214 120 60 -74 195 68 160 40 152 -64 -61 119 113 198 -248 -59 -163 -182 95 -114 -22 199 81 125 -217 182 179 -135 19 56 41 -89 177 -160 62 -98 -83 -4 144 -70 57 78 -56 -215 -220 -21 -148 137 109 112 -211 -226 246 166 115 -205 238 -232 -240 -81 74 -73 -55 -145 85 -180 -124 -237 -122 134 49 232 -69 -34 30 196 -187 10 -154 -229 138 249 11 -227 -165 98 53 4 -238 -17 65 64 242 191 -167 220 79 -68 -192 -199 161 33 34 230 -164 -85 197 -108 130 -125 173 169 -161 -213 -36 228 -247 -147 -175 -200 162 237 20 165 55 206 122 9 92 -206 -136 -65 -153 -44 -13 -102 6 -123 194 131 -112 -86 -3 -41 -50 102 15 44 106 -23 -19 -121 -169 -158 -152 -77 149 247 -80 171 172 -78 73 2 -58 -29 140 -241 -82 110 -159 108 -128 157 13 69 -126 -95 107 -107 153 -242 -184 -157 -76 -26 101 233 97 193 25 211 188 42 38 213 43 135 -1 23 -223 75 -9 -63 -193 -105 -243 118 128 222 167 -11 121 240 215 -30 236 104 -48 -90 241 -106 -71 -91 93 185 26 -168 47 -209 5 208 -174 -49 151 133 61 83 -10 117 216 150 -93 244 183 -245 -67 7 -20 -173 -52 243 -144 -231 -96 -202 245 217 29 28 -234 -100 -111 -198 58 229 -137 114 -32 111 -75 -188 -130 189 186 -104 -179 -15 80 -250 -45 67 -197 8 225 52 -151 168 145 16 18 -189 129 -138 203 -18 -208 -101 -219 219 27 -156 -35 89 -170 -172 -233 17 -244 -190 -178 -115 -7 178 187 235 -210 -53 200 180 163 136 176 86 -146 -92 -181 139 -94 201 46 174 -79 100 -47 96 147 -141 -142 -239 -177 -109 -88 -143 -131 -225 39 -28 -84 -195 -27 -140 -155 231 116 248 82 -72 32 142 
